,Year,Film,Nominees,FilmLink,Won
0,1934 (7th) [note 1],,,,False
1,1934 (7th) [note 1],One Night of Love,"Columbia Studio Music Department, Louis Silvers, head of department (Thematic music by Victor Schertzinger & Gus Kahn)",/wiki/One_Night_of_Love,True
2,1934 (7th) [note 1],The Gay Divorcee,"RKO Radio Studio Music Department, Max Steiner, head of department (Score by Kenneth Webb & Sam Hoffenstein)",/wiki/The_Gay_Divorcee,False
3,1934 (7th) [note 1],The Lost Patrol,"RKO Radio Studio Music Department, Steiner, head of department (Score by Steiner)",/wiki/The_Lost_Patrol_(1934_film),False
4,1935 (8th),,,,False
5,1935 (8th),The Informer,"RKO Radio Studio Music Department, Max Steiner, head of department (Score by Steiner)",/wiki/The_Informer_(1935_film),True
6,1935 (8th),Captain Blood (write-in)[note 2][9],"Warner Bros.-First National Studio Music Department, Leo F. Forbstein, head of department (Score by Erich Wolfgang Korngold)",,False
7,1935 (8th),Mutiny on the Bounty,"Metro-Goldwyn-Mayer Studio Music Department, Nat W. Finston, head of department (Score by Herbert Stothart)",/wiki/Mutiny_on_the_Bounty_(1935_film),False
8,1935 (8th),Peter Ibbetson,"Paramount Studio Music Department, Irvin Talbot, head of department (Score by Ernst Toch)",/wiki/Peter_Ibbetson,False
9,1936 (9th),,,,False
10,1936 (9th),Anthony Adverse,"Warner Bros. Studio Music Department, Leo F. Forbstein, head of department (Score by Erich Wolfgang Korngold)",/wiki/Anthony_Adverse,True
11,1936 (9th),The Charge of the Light Brigade,"Warner Bros. Studio Music Department, Forbstein, head of department (Score by Max Steiner)",/wiki/The_Charge_of_the_Light_Brigade_(1936_film),False
12,1936 (9th),The Garden of Allah,"Selznick International Pictures Music Department, Steiner, head of department (Score by Steiner)",/wiki/The_Garden_of_Allah_(1936_film),False
13,1936 (9th),The General Died at Dawn,"Paramount Studio Music Department, Boris Morros, head of department (Score by Werner Janssen)",/wiki/The_General_Died_at_Dawn,False
14,1936 (9th),Winterset,"RKO Radio Studio Music Department, Nathaniel Shilkret, head of department (Score by Shilkret)",/wiki/Winterset_(film),False
15,1937 (10th) [note 3],,,,False
16,1937 (10th) [note 3],One Hundred Men and a Girl,"Universal Studio Music Department, Charles Previn, head of department (no composer credit)",/wiki/One_Hundred_Men_and_a_Girl,True
17,1937 (10th) [note 3],The Hurricane,"Samuel Goldwyn Studio Music Department, Alfred Newman, head of department (Score by Newman)",/wiki/The_Hurricane_(1937_film),False
18,1937 (10th) [note 3],In Old Chicago,"20th Century-Fox Studio Music Department, Louis Silvers, head of department (no composer credit)",/wiki/In_Old_Chicago,False
19,1937 (10th) [note 3],The Life of Emile Zola,"Warner Bros. Studio Music Department, Leo F. Forbstein, head of department (Score by Max Steiner)",/wiki/The_Life_of_Emile_Zola,False
20,1937 (10th) [note 3],Lost Horizon,"Columbia Studio Music Department, Morris Stoloff, head of department (Score by Dimitri Tiomkin)",/wiki/Lost_Horizon_(1937_film),False
21,1937 (10th) [note 3],Make a Wish,"Principal Productions, Hugo Riesenfeld, head of department (Score by Riesenfeld)",/wiki/Make_a_Wish_(1937_film),False
22,1937 (10th) [note 3],Maytime,"Metro-Goldwyn-Mayer Studio Music Department, Nat W. Finston, head of department (Score by Herbert Stothart)",/wiki/Maytime_(1937_film),False
23,1937 (10th) [note 3],Portia on Trial,"Republic Studio Music Department, Alberto Colombo, head of department (Score by Colombo)",/wiki/Portia_on_Trial,False
24,1937 (10th) [note 3],The Prisoner of Zenda,"Selznick International Pictures Music Department, Alfred Newman, head of department (Score by Newman)",/wiki/The_Prisoner_of_Zenda_(1937_film),False
25,1937 (10th) [note 3],Quality Street,"RKO Radio Studio Music Department, Roy Webb, head of department (Score by Webb)",/wiki/Quality_Street_(1937_film),False
26,1937 (10th) [note 3],Snow White and the Seven Dwarfs,"Walt Disney Studio Music Department, Leigh Harline, head of department (Score by Frank Churchill, Harline & Paul Smith)",/wiki/Snow_White_and_the_Seven_Dwarfs_(1937_film),False
27,1937 (10th) [note 3],Something to Sing About,"Grand National Studio Music Department, Constantin Bakaleinikoff, head of department (Score by Victor Schertzinger)",/wiki/Something_to_Sing_About_(1937_film),False
28,1937 (10th) [note 3],Souls at Sea,"Paramount Studio Music Department, Boris Morros, head of department (Score by W. Franke Harling & Milan Roder)",/wiki/Souls_at_Sea,False
29,1937 (10th) [note 3],Way Out West,"Hal Roach Studio Music Department, Marvin Hatley, head of department (Score by Hatley)",/wiki/Way_Out_West_(1937_film),False
30,1938 (11th),,,,False
31,1938 (11th),Original Score,Original Score,,False
32,1938 (11th),The Adventures of Robin Hood,Erich Wolfgang Korngold,/wiki/The_Adventures_of_Robin_Hood,True
33,1938 (11th),Army Girl,Victor Young,/wiki/Army_Girl,False
34,1938 (11th),Block-Heads,Marvin Hatley,/wiki/Block-Heads,False
35,1938 (11th),Blockade,Werner Janssen,/wiki/Blockade_(1938_film),False
36,1938 (11th),Breaking the Ice,Victor Young,/wiki/Breaking_the_Ice_(1938_film),False
37,1938 (11th),The Cowboy and the Lady,Alfred Newman,/wiki/The_Cowboy_and_the_Lady_(1938_film),False
38,1938 (11th),If I Were King,Richard Hageman,/wiki/If_I_Were_King,False
39,1938 (11th),Marie Antoinette,Herbert Stothart,/wiki/Marie_Antoinette_(1938_film),False
40,1938 (11th),Pacific Liner,Russell Bennett,/wiki/Pacific_Liner,False
41,1938 (11th),Suez,Louis Silvers,/wiki/Suez_(film),False
42,1938 (11th),The Young in Heart,Franz Waxman,/wiki/The_Young_in_Heart,False
43,1938 (11th),Scoring,Scoring,,False
44,1938 (11th),Alexander's Ragtime Band,Alfred Newman,/wiki/Alexander%27s_Ragtime_Band_(film),True
45,1938 (11th),Carefree,Victor Baravalle,/wiki/Carefree_(film),False
46,1938 (11th),Girls' School,Morris Stoloff & Gregory Stone,/wiki/Girls%27_School_(1938_film),False
47,1938 (11th),The Goldwyn Follies,Alfred Newman,/wiki/The_Goldwyn_Follies,False
48,1938 (11th),Jezebel,Max Steiner,/wiki/Jezebel_(1938_film),False
49,1938 (11th),Mad About Music,Charles Previn & Frank Skinner,/wiki/Mad_About_Music,False
50,1938 (11th),Storm Over Bengal,Cy Feuer,/wiki/Storm_Over_Bengal,False
51,1938 (11th),Sweethearts,Herbert Stothart,/wiki/Sweethearts_(1938_film),False
52,1938 (11th),There Goes My Heart,Marvin Hatley,/wiki/There_Goes_My_Heart_(film),False
53,1938 (11th),Tropic Holiday,Boris Morros,/wiki/Tropic_Holiday,False
54,1938 (11th),The Young in Heart,Franz Waxman,/wiki/The_Young_in_Heart,False
55,1939 (12th),,,,False
56,1939 (12th),Original Score,Original Score,,False
57,1939 (12th),The Wizard of Oz,Herbert Stothart,/wiki/The_Wizard_of_Oz_(1939_film),True
58,1939 (12th),Dark Victory,Max Steiner,/wiki/Dark_Victory,False
59,1939 (12th),Eternally Yours,Werner Janssen,/wiki/Eternally_Yours_(film),False
60,1939 (12th),Golden Boy,Victor Young,/wiki/Golden_Boy_(1939_film),False
61,1939 (12th),Gone with the Wind,Max Steiner,/wiki/Gone_with_the_Wind_(film),False
62,1939 (12th),Gulliver's Travels,Victor Young,/wiki/Gulliver%27s_Travels_(1939_film),False
63,1939 (12th),The Man in the Iron Mask,Lud Gluskin & Lucien Moraweck,/wiki/The_Man_in_the_Iron_Mask_(1939_film),False
64,1939 (12th),Man of Conquest,Victor Young,/wiki/Man_of_Conquest,False
65,1939 (12th),Nurse Edith Cavell,Anthony Collins,/wiki/Nurse_Edith_Cavell,False
66,1939 (12th),Of Mice and Men,Aaron Copland,/wiki/Of_Mice_and_Men_(1939_film),False
67,1939 (12th),The Rains Came,Alfred Newman,/wiki/The_Rains_Came,False
68,1939 (12th),Wuthering Heights,Alfred Newman,/wiki/Wuthering_Heights_(1939_film),False
69,1939 (12th),Scoring,Scoring,,False
70,1939 (12th),Stagecoach,"Richard Hageman, W. Franke Harling, John Leipold & Leo Shuken",/wiki/Stagecoach_(1939_film),True
71,1939 (12th),Babes in Arms,Roger Edens & Georgie Stoll,/wiki/Babes_in_Arms_(film),False
72,1939 (12th),First Love,Charles Previn,/wiki/First_Love_(1939_film),False
73,1939 (12th),The Great Victor Herbert,Phil Boutelje & Arthur Lange,/wiki/The_Great_Victor_Herbert,False
74,1939 (12th),The Hunchback of Notre Dame,Alfred Newman,/wiki/The_Hunchback_of_Notre_Dame_(1939_film),False
75,1939 (12th),Intermezzo,Louis Forbes,/wiki/Intermezzo_(1939_film),False
76,1939 (12th),Mr. Smith Goes to Washington,Dimitri Tiomkin,/wiki/Mr._Smith_Goes_to_Washington,False
77,1939 (12th),Of Mice and Men,Aaron Copland,/wiki/Of_Mice_and_Men_(1939_film),False
78,1939 (12th),The Private Lives of Elizabeth and Essex,Erich Wolfgang Korngold,/wiki/The_Private_Lives_of_Elizabeth_and_Essex,False
79,1939 (12th),She Married a Cop,Cy Feuer,/wiki/She_Married_a_Cop,False
80,1939 (12th),Swanee River,Louis Silvers,/wiki/Swanee_River_(1939_film),False
81,1939 (12th),They Shall Have Music,Alfred Newman,/wiki/They_Shall_Have_Music,False
82,1939 (12th),Way Down South,Victor Young,/wiki/Way_Down_South_(film),False
83,1940 (13th),,,,False
84,1940 (13th),Original Score,Original Score,,False
85,1940 (13th),Pinocchio,"Leigh Harline, Paul Smith & Ned Washington",/wiki/Pinocchio_(1940_film),True
86,1940 (13th),Arizona,Victor Young,/wiki/Arizona_(1940_film),False
87,1940 (13th),Dark Command,Victor Young,/wiki/Dark_Command,False
88,1940 (13th),The Fight for Life,Louis Gruenberg,/wiki/The_Fight_for_Life,False
89,1940 (13th),The Great Dictator,Meredith Willson,/wiki/The_Great_Dictator,False
90,1940 (13th),The House of the Seven Gables,Frank Skinner,/wiki/The_House_of_the_Seven_Gables_(film),False
91,1940 (13th),The Howards of Virginia,Richard Hageman,/wiki/The_Howards_of_Virginia,False
92,1940 (13th),The Letter,Max Steiner,/wiki/The_Letter_(1940_film),False
93,1940 (13th),The Long Voyage Home,Richard Hageman,/wiki/The_Long_Voyage_Home,False
94,1940 (13th),The Mark of Zorro,Alfred Newman,/wiki/The_Mark_of_Zorro_(1940_film),False
95,1940 (13th),My Favorite Wife,Roy Webb,/wiki/My_Favorite_Wife,False
96,1940 (13th),North West Mounted Police,Victor Young,/wiki/North_West_Mounted_Police_(film),False
97,1940 (13th),One Million B.C.,Werner Heymann,/wiki/One_Million_B.C.,False
98,1940 (13th),Our Town,Aaron Copland,/wiki/Our_Town_(1940_film),False
99,1940 (13th),Rebecca,Franz Waxman,/wiki/Rebecca_(1940_film),False
100,1940 (13th),The Thief of Bagdad,Miklós Rózsa,/wiki/The_Thief_of_Bagdad_(1940_film),False
101,1940 (13th),Waterloo Bridge,Herbert Stothart,/wiki/Waterloo_Bridge_(1940_film),False
102,1940 (13th),Scoring,Scoring,,False
103,1940 (13th),Tin Pan Alley,Alfred Newman,/wiki/Tin_Pan_Alley_(film),True
104,1940 (13th),"Arise, My Love",Victor Young,"/wiki/Arise,_My_Love",False
105,1940 (13th),Hit Parade of 1941,Cy Feuer,/wiki/Hit_Parade_of_1941,False
106,1940 (13th),Irene,Anthony Collins,/wiki/Irene_(1940_film),False
107,1940 (13th),Our Town,Aaron Copland,/wiki/Our_Town_(1940_film),False
108,1940 (13th),The Sea Hawk,Erich Wolfgang Korngold,/wiki/The_Sea_Hawk_(1940_film),False
109,1940 (13th),Second Chorus,Artie Shaw,/wiki/Second_Chorus,False
110,1940 (13th),Spring Parade,Charles Previn,/wiki/Spring_Parade,False
111,1940 (13th),Strike Up the Band,Roger Edens & Georgie Stoll,/wiki/Strike_Up_the_Band_(film),False
112,1941 (14th),,,,False
113,1941 (14th),Music Score of a Dramatic or Comedy Picture,Music Score of a Dramatic or Comedy Picture,,False
114,1941 (14th),The Devil and Daniel Webster,Bernard Herrmann,/wiki/The_Devil_and_Daniel_Webster_(film),True
115,1941 (14th),Back Street,Frank Skinner,/wiki/Back_Street_(1941_film),False
116,1941 (14th),Ball of Fire,Alfred Newman,/wiki/Ball_of_Fire,False
117,1941 (14th),Cheers for Miss Bishop,Edward Ward,/wiki/Cheers_for_Miss_Bishop,False
118,1941 (14th),Citizen Kane,Bernard Herrmann,/wiki/Citizen_Kane,False
119,1941 (14th),Dr. Jekyll and Mr. Hyde,Franz Waxman,/wiki/Dr._Jekyll_and_Mr._Hyde_(1941_film),False
120,1941 (14th),Hold Back the Dawn,Victor Young,/wiki/Hold_Back_the_Dawn,False
121,1941 (14th),How Green Was My Valley,Alfred Newman,/wiki/How_Green_Was_My_Valley_(film),False
122,1941 (14th),King of the Zombies,Edward Kay,/wiki/King_of_the_Zombies,False
123,1941 (14th),Ladies in Retirement,Morris Stoloff & Ernst Toch,/wiki/Ladies_in_Retirement,False
124,1941 (14th),The Little Foxes,Meredith Willson,/wiki/The_Little_Foxes_(film),False
125,1941 (14th),Lydia,Miklós Rózsa,/wiki/Lydia_(film),False
126,1941 (14th),Mercy Island,Cy Feuer & Walter Scharf,/wiki/Mercy_Island,False
127,1941 (14th),Sergeant York,Max Steiner,/wiki/Sergeant_York_(film),False
128,1941 (14th),So Ends Our Night,Louis Gruenberg,/wiki/So_Ends_Our_Night,False
129,1941 (14th),Sundown,Miklós Rózsa,/wiki/Sundown_(1941_film),False
130,1941 (14th),Suspicion,Franz Waxman,/wiki/Suspicion_(1941_film),False
131,1941 (14th),Tanks a Million,Edward Ward,/wiki/Tanks_a_Million,False
132,1941 (14th),That Uncertain Feeling,Werner Heymann,/wiki/That_Uncertain_Feeling_(film),False
133,1941 (14th),This Woman Is Mine,Richard Hageman,/wiki/This_Woman_is_Mine,False
134,1941 (14th),Scoring of a Musical Picture,Scoring of a Musical Picture,,False
135,1941 (14th),Dumbo,Frank Churchill & Oliver Wallace,/wiki/Dumbo,True
136,1941 (14th),All-American Co-Ed,Edward Ward,/wiki/All-American_Co-Ed,False
137,1941 (14th),Birth of the Blues,Robert E. Dolan,/wiki/Birth_of_the_Blues,False
138,1941 (14th),Buck Privates,Charles Previn,/wiki/Buck_Privates,False
139,1941 (14th),The Chocolate Soldier,Herbert Stothart & Bronisław Kaper,/wiki/The_Chocolate_Soldier_(film),False
140,1941 (14th),Ice-Capades,Cy Feuer,/wiki/Ice-Capades,False
141,1941 (14th),The Strawberry Blonde,Heinz Roemheld,/wiki/The_Strawberry_Blonde,False
142,1941 (14th),Sun Valley Serenade,Emil Newman,/wiki/Sun_Valley_Serenade,False
143,1941 (14th),Sunny,Anthony Collins,/wiki/Sunny_(1941_film),False
144,1941 (14th),You'll Never Get Rich,Morris Stoloff,/wiki/You%27ll_Never_Get_Rich,False
145,1942 (15th),,,,False
146,1942 (15th),Music Score of a Dramatic or Comedy Picture,Music Score of a Dramatic or Comedy Picture,,False
147,1942 (15th),"Now, Voyager",Max Steiner,"/wiki/Now,_Voyager",True
148,1942 (15th),Arabian Nights,Frank Skinner,/wiki/Arabian_Nights_(1942_film),False
149,1942 (15th),Bambi,Frank Churchill (p.n.) & Edward Plumb,/wiki/Bambi,False
150,1942 (15th),The Black Swan,Alfred Newman,/wiki/The_Black_Swan_(film),False
151,1942 (15th),The Corsican Brothers,Dimitri Tiomkin,/wiki/The_Corsican_Brothers_(1941_film),False
152,1942 (15th),Flying Tigers,Victor Young,/wiki/Flying_Tigers_(film),False
153,1942 (15th),The Gold Rush,Max Terr,/wiki/The_Gold_Rush,False
154,1942 (15th),I Married a Witch,Roy Webb,/wiki/I_Married_a_Witch,False
155,1942 (15th),Joan of Paris,Roy Webb,/wiki/Joan_of_Paris,False
156,1942 (15th),Jungle Book,Miklós Rózsa,/wiki/Rudyard_Kipling%27s_Jungle_Book,False
157,1942 (15th),Klondike Fury,Edward Kay,/wiki/Klondike_Fury,False
158,1942 (15th),The Pride of the Yankees,Leigh Harline,/wiki/The_Pride_of_the_Yankees,False
159,1942 (15th),Random Harvest,Herbert Stothart,/wiki/Random_Harvest_(film),False
160,1942 (15th),The Shanghai Gesture,Richard Hageman,/wiki/The_Shanghai_Gesture,False
161,1942 (15th),Silver Queen,Victor Young,/wiki/Silver_Queen,False
162,1942 (15th),"Take a Letter, Darling",Victor Young,"/wiki/Take_a_Letter,_Darling",False
163,1942 (15th),The Talk of the Town,Friedrich Hollaender & Morris Stoloff,/wiki/The_Talk_of_the_Town_(1942_film),False
164,1942 (15th),To Be or Not to Be,Werner Heymann,/wiki/To_Be_or_Not_to_Be_(1942_film),False
165,1942 (15th),Scoring of a Musical Picture,Scoring of a Musical Picture,,False
166,1942 (15th),Yankee Doodle Dandy,Ray Heindorf & Heinz Roemheld,/wiki/Yankee_Doodle_Dandy,True
167,1942 (15th),Flying with Music,Edward Ward,/wiki/Flying_with_Music,False
168,1942 (15th),For Me and My Gal,Roger Edens & Georgie Stoll,/wiki/For_Me_and_My_Gal_(film),False
169,1942 (15th),Holiday Inn,Robert E. Dolan,/wiki/Holiday_Inn_(film),False
170,1942 (15th),It Started with Eve,Hans J. Salter & Charles Previn,/wiki/It_Started_with_Eve,False
171,1942 (15th),Johnny Doughboy,Walter Scharf,/wiki/Johnny_Doughboy,False
172,1942 (15th),My Gal Sal,Alfred Newman,/wiki/My_Gal_Sal,False
173,1942 (15th),You Were Never Lovelier,Leigh Harline,/wiki/You_Were_Never_Lovelier,False
174,1943 (16th),,,,False
175,1943 (16th),Music Score of a Dramatic or Comedy Picture,Music Score of a Dramatic or Comedy Picture,,False
176,1943 (16th),The Song of Bernadette,Alfred Newman,/wiki/The_Song_of_Bernadette_(film),True
177,1943 (16th),The Amazing Mrs. Holliday,Frank Skinner & Hans J. Salter,/wiki/The_Amazing_Mrs._Holliday,False
178,1943 (16th),Casablanca,Max Steiner,/wiki/Casablanca_(film),False
179,1943 (16th),Commandos Strike at Dawn,Morris Stoloff & Louis Gruenberg,/wiki/Commandos_Strike_at_Dawn,False
180,1943 (16th),The Fallen Sparrow,Roy Webb & Constantin Bakaleinikoff,/wiki/The_Fallen_Sparrow,False
181,1943 (16th),For Whom the Bell Tolls,Victor Young,/wiki/For_Whom_the_Bell_Tolls_(film),False
182,1943 (16th),Hangmen Also Die!,Hanns Eisler,/wiki/Hangmen_Also_Die!,False
183,1943 (16th),Hi Diddle Diddle,Phil Boutelje,/wiki/Hi_Diddle_Diddle,False
184,1943 (16th),In Old Oklahoma,Walter Scharf,/wiki/In_Old_Oklahoma,False
185,1943 (16th),Johnny Come Lately,Leigh Harline,/wiki/Johnny_Come_Lately,False
186,1943 (16th),The Kansan,Gerard Carbonara,/wiki/The_Kansan_(film),False
187,1943 (16th),Lady of Burlesque,Arthur Lange,/wiki/Lady_of_Burlesque,False
188,1943 (16th),Madame Curie,Herbert Stothart,/wiki/Madame_Curie_(film),False
189,1943 (16th),The Moon and Sixpence,Dimitri Tiomkin,/wiki/The_Moon_and_Sixpence_(film),False
190,1943 (16th),The North Star,Aaron Copland,/wiki/The_North_Star_(1943_film),False
191,1943 (16th),Victory Through Air Power,"Edward Plumb, Paul Smith & Oliver Wallace",/wiki/Victory_Through_Air_Power_(film),False
192,1943 (16th),Scoring of a Musical Picture,Scoring of a Musical Picture,,False
193,1943 (16th),This Is the Army,Ray Heindorf,/wiki/This_Is_the_Army,True
194,1943 (16th),Coney Island,Alfred Newman,/wiki/Coney_Island_(1943_film),False
195,1943 (16th),Hit Parade of 1943,Walter Scharf,/wiki/Hit_Parade_of_1943,False
196,1943 (16th),Phantom of the Opera,Edward Ward,/wiki/Phantom_of_the_Opera_(1943_film),False
197,1943 (16th),Saludos Amigos,"Edward Plumb, Paul Smith & Charles Wolcott",/wiki/Saludos_Amigos,False
198,1943 (16th),The Sky's the Limit,Leigh Harline,/wiki/The_Sky%27s_the_Limit_(1943_film),False
199,1943 (16th),Something to Shout About,Morris Stoloff,/wiki/Something_to_Shout_About_(film),False
200,1943 (16th),Stage Door Canteen,Fred Rich,/wiki/Stage_Door_Canteen_(film),False
201,1943 (16th),Star Spangled Rhythm,Robert E. Dolan,/wiki/Star_Spangled_Rhythm,False
202,1943 (16th),Thousands Cheer,Herbert P. Stothart,/wiki/Thousands_Cheer,False
203,1944 (17th),,,,False
204,1944 (17th),Music Score of a Dramatic or Comedy Picture,Music Score of a Dramatic or Comedy Picture,,False
205,1944 (17th),Since You Went Away,Max Steiner,/wiki/Since_You_Went_Away,True
206,1944 (17th),Address Unknown,Morris Stoloff & Ernst Toch,/wiki/Address_Unknown_(1944_film),False
207,1944 (17th),The Adventures of Mark Twain,Max Steiner,/wiki/The_Adventures_of_Mark_Twain_(1944_film),False
208,1944 (17th),The Bridge of San Luis Rey,Dimitri Tiomkin,/wiki/The_Bridge_of_San_Luis_Rey_(1944_film),False
209,1944 (17th),Casanova Brown,Arthur Lange,/wiki/Casanova_Brown,False
210,1944 (17th),Christmas Holiday,Hans J. Salter,/wiki/Christmas_Holiday,False
211,1944 (17th),Double Indemnity,Miklós Rózsa,/wiki/Double_Indemnity,False
212,1944 (17th),The Fighting Seabees,Walter Scharf & Roy Webb,/wiki/The_Fighting_Seabees,False
213,1944 (17th),The Hairy Ape,Michel Michelet & Edward Paul,/wiki/The_Hairy_Ape_(film),False
214,1944 (17th),It Happened Tomorrow,Robert Stolz,/wiki/It_Happened_Tomorrow,False
215,1944 (17th),Jack London,Fred Rich,/wiki/Jack_London_(1943_film),False
216,1944 (17th),Kismet,Herbert Stothart,/wiki/Kismet_(1944_film),False
217,1944 (17th),None but the Lonely Heart,Constantin Bakaleinikoff & Hanns Eisler,/wiki/None_but_the_Lonely_Heart_(film),False
218,1944 (17th),The Princess and the Pirate,David Rose,/wiki/The_Princess_and_the_Pirate,False
219,1944 (17th),Summer Storm,Karl Hajos,/wiki/Summer_Storm_(1944_film),False
220,1944 (17th),Three Russian Girls,Franke Harling,/wiki/Three_Russian_Girls,False
221,1944 (17th),Up in Mabel's Room,Edward Paul,/wiki/Up_in_Mabel%27s_Room_(1944_film),False
222,1944 (17th),Voice in the Wind,Michel Michelet,/wiki/Voice_in_the_Wind,False
223,1944 (17th),Wilson,Alfred Newman,/wiki/Wilson_(1944_film),False
224,1944 (17th),The Woman of the Town,Miklós Rózsa,/wiki/The_Woman_of_the_Town,False
225,1944 (17th),Scoring of a Musical Picture,Scoring of a Musical Picture,,False
226,1944 (17th),Cover Girl,Morris Stoloff & Carmen Dragon,/wiki/Cover_Girl_(film),True
227,1944 (17th),Brazil,Walter Scharf,/wiki/Brazil_(1944_film),False
228,1944 (17th),Higher and Higher,Constantin Bakaleinikoff,/wiki/Higher_and_Higher_(film),False
229,1944 (17th),Hollywood Canteen,Ray Heindorf,/wiki/Hollywood_Canteen_(film),False
230,1944 (17th),Irish Eyes Are Smiling,Alfred Newman,/wiki/Irish_Eyes_Are_Smiling,False
231,1944 (17th),Knickerbocker Holiday,Werner Heymann & Kurt Weill,/wiki/Knickerbocker_Holiday_(film),False
232,1944 (17th),Lady in the Dark,Robert Emmett Dolan,/wiki/Lady_in_the_Dark_(film),False
233,1944 (17th),"Lady, Let's Dance",Edward Kay,"/wiki/Lady,_Let%27s_Dance",False
234,1944 (17th),Meet Me in St. Louis,Georgie Stoll,/wiki/Meet_Me_in_St._Louis,False
235,1944 (17th),The Merry Monahans,Hans J. Salter,/wiki/The_Merry_Monahans,False
236,1944 (17th),Minstrel Man,Ferde Grofé & Leo Erdody,/wiki/Minstrel_Man_(film),False
237,1944 (17th),Sensations of 1945,Mahlon Merrick,/wiki/Sensations_of_1945,False
238,1944 (17th),Song of the Open Road,Charles Previn,/wiki/Song_of_the_Open_Road,False
239,1944 (17th),Up in Arms,Louis Forbes & Ray Heindorf,/wiki/Up_in_Arms,False
240,1945 (18th),,,,False
241,1945 (18th),Music Score of a Dramatic or Comedy Picture,Music Score of a Dramatic or Comedy Picture,,False
242,1945 (18th),Spellbound,Miklós Rózsa,/wiki/Spellbound_(1945_film),True
243,1945 (18th),The Bells of St. Mary's,Robert E. Dolan,/wiki/The_Bells_of_St._Mary%27s,False
244,1945 (18th),Brewster's Millions,Louis Forbes,/wiki/Brewster%27s_Millions_(1945_film),False
245,1945 (18th),Captain Kidd,Werner Janssen,/wiki/Captain_Kidd_(film),False
246,1945 (18th),The Enchanted Cottage,Roy Webb,/wiki/The_Enchanted_Cottage_(1945_film),False
247,1945 (18th),Flame of Barbary Coast,Morton Scott & Dale Butts,/wiki/Flame_of_Barbary_Coast,False
248,1945 (18th),G. I. Honeymoon,Edward J. Kay,/wiki/G._I._Honeymoon,False
249,1945 (18th),G. I. Joe,Louis Applebaum & Ann Ronell,/wiki/The_Story_of_G.I._Joe,False
250,1945 (18th),Guest in the House,Werner Janssen,/wiki/Guest_in_the_House,False
251,1945 (18th),Guest Wife,Daniele Amfitheatrof,/wiki/Guest_Wife,False
252,1945 (18th),The Keys of the Kingdom,Alfred Newman,/wiki/The_Keys_of_the_Kingdom_(film),False
253,1945 (18th),The Lost Weekend,Miklós Rózsa,/wiki/The_Lost_Weekend_(film),False
254,1945 (18th),Love Letters,Victor Young,/wiki/Love_Letters_(1945_film),False
255,1945 (18th),The Man Who Walked Alone,Karl Hajos,/wiki/The_Man_Who_Walked_Alone,False
256,1945 (18th),"Objective, Burma!",Franz Waxman,"/wiki/Objective,_Burma!",False
257,1945 (18th),Paris Underground,Alexandre Tansman,/wiki/Paris_Underground_(film),False
258,1945 (18th),A Song to Remember,Miklós Rózsa & Morris Stoloff,/wiki/A_Song_to_Remember,False
259,1945 (18th),The Southerner,Werner Janssen,/wiki/The_Southerner_(film),False
260,1945 (18th),This Love of Ours,Hans J. Salter,/wiki/This_Love_of_Ours,False
261,1945 (18th),The Valley of Decision,Herbert Stothart,/wiki/The_Valley_of_Decision,False
262,1945 (18th),The Woman in the Window,Arthur Lange & Hugo Friedhofer,/wiki/The_Woman_in_the_Window_(1944_film),False
263,1945 (18th),Scoring of a Musical Picture,Scoring of a Musical Picture,,False
264,1945 (18th),Anchors Aweigh,Georgie Stoll,/wiki/Anchors_Aweigh_(film),True
265,1945 (18th),Belle of the Yukon,Arthur Lange,/wiki/Belle_of_the_Yukon,False
266,1945 (18th),Can't Help Singing,Jerome Kern (p.n.) & Hans J. Salter,/wiki/Can%27t_Help_Singing,False
267,1945 (18th),Hitchhike to Happiness,Morton Scott,/wiki/Hitchhike_to_Happiness,False
268,1945 (18th),Incendiary Blonde,Robert E. Dolan,/wiki/Incendiary_Blonde,False
269,1945 (18th),Rhapsody in Blue,Ray Heindorf & Max Steiner,/wiki/Rhapsody_in_Blue_(film),False
270,1945 (18th),State Fair,Alfred Newman & Charles Henderson,/wiki/State_Fair_(1945_film),False
271,1945 (18th),Sunbonnet Sue,Edward J. Kay,/wiki/Sunbonnet_Sue,False
272,1945 (18th),The Three Caballeros,"Edward Plumb, Paul Smith & Charles Wolcott",/wiki/The_Three_Caballeros,False
273,1945 (18th),Tonight and Every Night,Marlin Skiles & Morris Stoloff,/wiki/Tonight_and_Every_Night,False
274,1945 (18th),Why Girls Leave Home,Walter Greene,/wiki/Why_Girls_Leave_Home_(1945_film),False
275,1945 (18th),Wonder Man,Louis Forbes & Ray Heindorf,/wiki/Wonder_Man_(film),False
276,1946 (19th),,,,False
277,1946 (19th),Music Score of a Dramatic or Comedy Picture,Music Score of a Dramatic or Comedy Picture,,False
278,1946 (19th),The Best Years of Our Lives,Hugo Friedhofer,/wiki/The_Best_Years_of_Our_Lives,True
279,1946 (19th),Anna and the King of Siam,Bernard Herrmann,/wiki/Anna_and_the_King_of_Siam_(film),False
280,1946 (19th),Henry V,William Walton,/wiki/Henry_V_(1944_film),False
281,1946 (19th),Humoresque,Franz Waxman,/wiki/Humoresque_(1946_film),False
282,1946 (19th),The Killers,Miklós Rózsa,/wiki/The_Killers_(1946_film),False
283,1946 (19th),Scoring of a Musical Picture,Scoring of a Musical Picture,,False
284,1946 (19th),The Jolson Story,Morris Stoloff,/wiki/The_Jolson_Story,True
285,1946 (19th),Blue Skies,Robert Emmett Dolan,/wiki/Blue_Skies_(1946_film),False
286,1946 (19th),Centennial Summer,Alfred Newman,/wiki/Centennial_Summer,False
287,1946 (19th),The Harvey Girls,Lennie Hayton,/wiki/The_Harvey_Girls,False
288,1946 (19th),Night and Day,Ray Heindorf & Max Steiner,/wiki/Night_and_Day_(1946_film),False
289,1947 (20th),,,,False
290,1947 (20th),Music Score of a Dramatic or Comedy Picture,Music Score of a Dramatic or Comedy Picture,,False
291,1947 (20th),A Double Life,Miklós Rózsa,/wiki/A_Double_Life_(1947_film),True
292,1947 (20th),The Bishop's Wife,Hugo Friedhofer,/wiki/The_Bishop%27s_Wife,False
293,1947 (20th),Captain from Castile,Alfred Newman,/wiki/Captain_from_Castile,False
294,1947 (20th),Forever Amber,David Raksin,/wiki/Forever_Amber_(film),False
295,1947 (20th),Life with Father,Max Steiner,/wiki/Life_with_Father_(film),False
296,1947 (20th),Scoring of a Musical Picture,Scoring of a Musical Picture,,False
297,1947 (20th),Mother Wore Tights,Alfred Newman,/wiki/Mother_Wore_Tights,True
298,1947 (20th),Fiesta,Johnny Green,/wiki/Fiesta_(1947_film),False
299,1947 (20th),My Wild Irish Rose,Ray Heindorf & Max Steiner,/wiki/My_Wild_Irish_Rose,False
300,1947 (20th),Road to Rio,Robert Emmett Dolan,/wiki/Road_to_Rio,False
301,1947 (20th),Song of the South,"Daniele Amfitheatrof, Paul Smith & Charles Wolcott",/wiki/Song_of_the_South,False
302,1948 (21st),,,,False
303,1948 (21st),Music Score of a Dramatic or Comedy Picture,Music Score of a Dramatic or Comedy Picture,,False
304,1948 (21st),The Red Shoes,Brian Easdale,/wiki/The_Red_Shoes_(1948_film),True
305,1948 (21st),Hamlet,William Walton,/wiki/Hamlet_(1948_film),False
306,1948 (21st),Joan of Arc,Hugo Friedhofer,/wiki/Joan_of_Arc_(1948_film),False
307,1948 (21st),Johnny Belinda,Max Steiner,/wiki/Johnny_Belinda_(1948_film),False
308,1948 (21st),The Snake Pit,Alfred Newman,/wiki/The_Snake_Pit,False
309,1948 (21st),Scoring of a Musical Picture,Scoring of a Musical Picture,,False
310,1948 (21st),Easter Parade,Johnny Green & Roger Edens,/wiki/Easter_Parade_(film),True
311,1948 (21st),The Emperor Waltz,Victor Young,/wiki/The_Emperor_Waltz,False
312,1948 (21st),The Pirate,Lennie Hayton,/wiki/The_Pirate_(1948_film),False
313,1948 (21st),Romance on the High Seas,Ray Heindorf,/wiki/Romance_on_the_High_Seas,False
314,1948 (21st),When My Baby Smiles at Me,Alfred Newman,/wiki/When_My_Baby_Smiles_at_Me_(film),False
315,1949 (22nd),,,,False
316,1949 (22nd),Music Score of a Dramatic or Comedy Picture,Music Score of a Dramatic or Comedy Picture,,False
317,1949 (22nd),The Heiress,Aaron Copland,/wiki/The_Heiress,True
318,1949 (22nd),Beyond the Forest,Max Steiner,/wiki/Beyond_the_Forest,False
319,1949 (22nd),Champion,Dimitri Tiomkin,/wiki/Champion_(1949_film),False
320,1949 (22nd),Scoring of a Musical Picture,Scoring of a Musical Picture,,False
321,1949 (22nd),On the Town,Roger Edens & Lennie Hayton,/wiki/On_the_Town_(film),True
322,1949 (22nd),Jolson Sings Again,Morris Stoloff & George Duning,/wiki/Jolson_Sings_Again,False
323,1949 (22nd),Look for the Silver Lining,Ray Heindorf,/wiki/Look_for_the_Silver_Lining_(film),False
324,1950 (23rd),,,,False
325,1950 (23rd),Music Score of a Dramatic or Comedy Picture,Music Score of a Dramatic or Comedy Picture,,False
326,1950 (23rd),Sunset Boulevard,Franz Waxman,/wiki/Sunset_Boulevard_(film),True
327,1950 (23rd),All About Eve,Alfred Newman,/wiki/All_About_Eve,False
328,1950 (23rd),The Flame and the Arrow,Max Steiner,/wiki/The_Flame_and_the_Arrow,False
329,1950 (23rd),No Sad Songs for Me,George Duning,/wiki/No_Sad_Songs_for_Me,False
330,1950 (23rd),Samson and Delilah,Victor Young,/wiki/Samson_and_Delilah_(1949_film),False
331,1950 (23rd),Scoring of a Musical Picture,Scoring of a Musical Picture,,False
332,1950 (23rd),Annie Get Your Gun,Adolph Deutsch & Roger Edens,/wiki/Annie_Get_Your_Gun_(film),True
333,1950 (23rd),Cinderella,Paul Smith & Oliver Wallace,/wiki/Cinderella_(1950_film),False
334,1950 (23rd),I'll Get By,Lionel Newman,/wiki/I%27ll_Get_By_(film),False
335,1950 (23rd),Three Little Words,André Previn,/wiki/Three_Little_Words_(film),False
336,1950 (23rd),The West Point Story,Ray Heindorf,/wiki/The_West_Point_Story_(film),False
337,1951 (24th),,,,False
338,1951 (24th),Music Score of a Dramatic or Comedy Picture,Music Score of a Dramatic or Comedy Picture,,False
339,1951 (24th),A Place in the Sun,Franz Waxman,/wiki/A_Place_in_the_Sun_(1951_film),True
340,1951 (24th),David and Bathsheba,Alfred Newman,/wiki/David_and_Bathsheba_(film),False
341,1951 (24th),Death of a Salesman,Alex North,/wiki/Death_of_a_Salesman_(1951_film),False
342,1951 (24th),Quo Vadis,Miklós Rózsa,/wiki/Quo_Vadis_(1951_film),False
343,1951 (24th),A Streetcar Named Desire,Alex North,/wiki/A_Streetcar_Named_Desire_(1951_film),False
344,1951 (24th),Scoring of a Musical Picture,Scoring of a Musical Picture,,False
345,1951 (24th),An American in Paris,Saul Chaplin & Johnny Green,/wiki/An_American_in_Paris_(film),True
346,1951 (24th),Alice in Wonderland,Oliver Wallace,/wiki/Alice_in_Wonderland_(1951_film),False
347,1951 (24th),The Great Caruso,Peter Herman Adler & Johnny Green,/wiki/The_Great_Caruso,False
348,1951 (24th),On the Riviera,Alfred Newman,/wiki/On_the_Riviera,False
349,1951 (24th),Show Boat,Adolph Deutsch & Conrad Salinger,/wiki/Show_Boat_(1951_film),False
350,1952 (25th),,,,False
351,1952 (25th),Music Score of a Dramatic or Comedy Picture,Music Score of a Dramatic or Comedy Picture,,False
352,1952 (25th),High Noon,Dimitri Tiomkin,/wiki/High_Noon,True
353,1952 (25th),Ivanhoe,Miklós Rózsa,/wiki/Ivanhoe_(1952_film),False
354,1952 (25th),The Miracle of Our Lady of Fatima,Max Steiner,/wiki/The_Miracle_of_Our_Lady_of_Fatima,False
355,1952 (25th),The Thief,Herschel Burke Gilbert,/wiki/The_Thief_(1952_film),False
356,1952 (25th),Viva Zapata!,Alex North,/wiki/Viva_Zapata!,False
357,1952 (25th),Scoring of a Musical Picture,Scoring of a Musical Picture,,False
358,1952 (25th),With a Song in My Heart,Alfred Newman,/wiki/With_a_Song_in_My_Heart_(film),True
359,1952 (25th),Hans Christian Andersen,Walter Scharf,/wiki/Hans_Christian_Andersen_(film),False
360,1952 (25th),The Jazz Singer,Ray Heindorf & Max Steiner,/wiki/The_Jazz_Singer_(1952_film),False
361,1952 (25th),The Medium,Gian Carlo Menotti,/wiki/The_Medium_(1951_film),False
362,1952 (25th),Singin' in the Rain,Lennie Hayton,/wiki/Singin%27_in_the_Rain,False
363,1953 (26th),,,,False
364,1953 (26th),Music Score of a Dramatic or Comedy Picture,Music Score of a Dramatic or Comedy Picture,,False
365,1953 (26th),Lili,Bronisław Kaper,/wiki/Lili_(1953_film),True
366,1953 (26th),Above and Beyond,Hugo Friedhofer,/wiki/Above_and_Beyond_(1952_film),False
367,1953 (26th),From Here to Eternity,George Duning & Morris Stoloff,/wiki/From_Here_to_Eternity,False
368,1953 (26th),Julius Caesar,Miklós Rózsa,/wiki/Julius_Caesar_(1953_film),False
369,1953 (26th),This Is Cinerama,Louis Forbes,/wiki/This_Is_Cinerama,False
370,1953 (26th),Scoring of a Musical Picture,Scoring of a Musical Picture,,False
371,1953 (26th),Call Me Madam,Alfred Newman,/wiki/Call_Me_Madam_(film),True
372,1953 (26th),"The 5,000 Fingers of Dr. T.",Friedrich Hollaender & Morris Stoloff,"/wiki/The_5,000_Fingers_of_Dr._T.",False
373,1953 (26th),The Band Wagon,Adolph Deutsch,/wiki/The_Band_Wagon,False
374,1953 (26th),Calamity Jane,Ray Heindorf,/wiki/Calamity_Jane_(film),False
375,1953 (26th),Kiss Me Kate,Saul Chaplin & André Previn,/wiki/Kiss_Me_Kate_(film),False
376,1954 (27th),,,,False
377,1954 (27th),Music Score of a Dramatic or Comedy Picture,Music Score of a Dramatic or Comedy Picture,,False
378,1954 (27th),The High and the Mighty,Dimitri Tiomkin,/wiki/The_High_and_the_Mighty_(film),True
379,1954 (27th),The Caine Mutiny,Max Steiner,/wiki/The_Caine_Mutiny_(film),False
380,1954 (27th),Genevieve,Larry Adler[note 4],/wiki/Genevieve_(film),False
381,1954 (27th),On the Waterfront,Leonard Bernstein,/wiki/On_the_Waterfront,False
382,1954 (27th),The Silver Chalice,Franz Waxman,/wiki/The_Silver_Chalice_(film),False
383,1954 (27th),Scoring of a Musical Picture,Scoring of a Musical Picture,,False
384,1954 (27th),Seven Brides for Seven Brothers,Saul Chaplin & Adolph Deutsch,/wiki/Seven_Brides_for_Seven_Brothers,True
385,1954 (27th),Carmen Jones,Herschel Burke Gilbert,/wiki/Carmen_Jones_(film),False
386,1954 (27th),The Glenn Miller Story,Joseph Gershenson & Henry Mancini,/wiki/The_Glenn_Miller_Story,False
387,1954 (27th),A Star Is Born,Ray Heindorf,/wiki/A_Star_Is_Born_(1954_film),False
388,1954 (27th),There's No Business Like Show Business,Alfred Newman & Lionel Newman,/wiki/There%27s_No_Business_Like_Show_Business_(film),False
389,1955 (28th),,,,False
390,1955 (28th),Music Score of a Dramatic or Comedy Picture,Music Score of a Dramatic or Comedy Picture,,False
391,1955 (28th),Love Is a Many-Splendored Thing,Alfred Newman,/wiki/Love_Is_a_Many-Splendored_Thing_(film),True
392,1955 (28th),Battle Cry,Max Steiner,/wiki/Battle_Cry_(film),False
393,1955 (28th),The Man with the Golden Arm,Elmer Bernstein,/wiki/The_Man_with_the_Golden_Arm,False
394,1955 (28th),Picnic,George Duning,/wiki/Picnic_(1955_film),False
395,1955 (28th),The Rose Tattoo,Alex North,/wiki/The_Rose_Tattoo_(film),False
396,1955 (28th),Scoring of a Musical Picture,Scoring of a Musical Picture,,False
397,1955 (28th),Oklahoma!,"Robert Russell Bennett, Jay Blackton & Adolph Deutsch",/wiki/Oklahoma!_(1955_film),True
398,1955 (28th),Daddy Long Legs,Alfred Newman,/wiki/Daddy_Long_Legs_(1955_film),False
399,1955 (28th),Guys and Dolls,Jay Blackton & Cyril J. Mockridge,/wiki/Guys_and_Dolls_(film),False
400,1955 (28th),It's Always Fair Weather,André Previn,/wiki/It%27s_Always_Fair_Weather,False
401,1955 (28th),Love Me or Leave Me,Percy Faith & Georgie Stoll,/wiki/Love_Me_or_Leave_Me_(film),False
402,1956 (29th),,,,False
403,1956 (29th),Music Score of a Dramatic or Comedy Picture,Music Score of a Dramatic or Comedy Picture,,False
404,1956 (29th),Around the World in 80 Days,Victor Young (p.r.),/wiki/Around_the_World_in_80_Days_(1956_film),True
405,1956 (29th),Anastasia,Alfred Newman,/wiki/Anastasia_(1956_film),False
406,1956 (29th),Between Heaven and Hell,Hugo Friedhofer,/wiki/Between_Heaven_and_Hell_(film),False
407,1956 (29th),Giant,Dimitri Tiomkin,/wiki/Giant_(1956_film),False
408,1956 (29th),The Rainmaker,Alex North,/wiki/The_Rainmaker_(1956_film),False
409,1956 (29th),Scoring of a Musical Picture,Scoring of a Musical Picture,,False
410,1956 (29th),The King and I,Ken Darby & Newman,/wiki/The_King_and_I_(1956_film),True
411,1956 (29th),The Best Things in Life Are Free,Lionel Newman,/wiki/The_Best_Things_in_Life_Are_Free_(film),False
412,1956 (29th),The Eddy Duchin Story,George Duning & Morris Stoloff,/wiki/The_Eddy_Duchin_Story,False
413,1956 (29th),High Society,Saul Chaplin & Johnny Green,/wiki/High_Society_(1956_film),False
414,1956 (29th),Meet Me in Las Vegas,Johnny Green & Georgie Stoll,/wiki/Meet_Me_in_Las_Vegas,False
415,1957 (30th) [note 5] [10],,,,False
416,1957 (30th) [note 5] [10],The Bridge on the River Kwai,Malcolm Arnold,/wiki/The_Bridge_on_the_River_Kwai,True
417,1957 (30th) [note 5] [10],An Affair to Remember,Hugo Friedhofer,/wiki/An_Affair_to_Remember,False
418,1957 (30th) [note 5] [10],Boy on a Dolphin,Hugo Friedhofer,/wiki/Boy_on_a_Dolphin,False
419,1957 (30th) [note 5] [10],Perri,Paul Smith,/wiki/Perri_(film),False
420,1957 (30th) [note 5] [10],Raintree County,Johnny Green,/wiki/Raintree_County_(film),False
421,1958 (31st),,,,False
422,1958 (31st),Music Score of a Dramatic or Comedy Picture,Music Score of a Dramatic or Comedy Picture,,False
423,1958 (31st),The Old Man and the Sea,Dimitri Tiomkin,/wiki/The_Old_Man_and_the_Sea_(1958_film),True
424,1958 (31st),The Big Country,Jerome Moross,/wiki/The_Big_Country,False
425,1958 (31st),Separate Tables,David Raksin,/wiki/Separate_Tables_(film),False
426,1958 (31st),White Wilderness,Oliver Wallace,/wiki/White_Wilderness_(film),False
427,1958 (31st),The Young Lions,Hugo Friedhofer,/wiki/The_Young_Lions_(film),False
428,1958 (31st),Scoring of a Musical Picture,Scoring of a Musical Picture,,False
429,1958 (31st),Gigi,André Previn,/wiki/Gigi_(1958_film),True
430,1958 (31st),The Bolshoi Ballet,Yuri Fayer & Gennady Rozhdestvensky,/wiki/The_Bolshoi_Ballet_(film),False
431,1958 (31st),Damn Yankees,Ray Heindorf,/wiki/Damn_Yankees_(film),False
432,1958 (31st),Mardi Gras,Lionel Newman,/wiki/Mardi_Gras_(1958_film),False
433,1958 (31st),South Pacific,Ken Darby & Alfred Newman,/wiki/South_Pacific_(1958_film),False
434,1959 (32nd),,,,False
435,1959 (32nd),Music Score of a Dramatic or Comedy Picture,Music Score of a Dramatic or Comedy Picture,,False
436,1959 (32nd),Ben-Hur,Miklós Rózsa,/wiki/Ben-Hur_(1959_film),True
437,1959 (32nd),The Diary of Anne Frank,Alfred Newman,/wiki/The_Diary_of_Anne_Frank_(1959_film),False
438,1959 (32nd),The Nun's Story,Franz Waxman,/wiki/The_Nun%27s_Story_(film),False
439,1959 (32nd),On the Beach,Ernest Gold,/wiki/On_the_Beach_(1959_film),False
440,1959 (32nd),Pillow Talk,Frank De Vol,/wiki/Pillow_Talk_(film),False
441,1959 (32nd),Scoring of a Musical Picture,Scoring of a Musical Picture,,False
442,1959 (32nd),Porgy and Bess,Ken Darby & André Previn,/wiki/Porgy_and_Bess_(film),True
443,1959 (32nd),The Five Pennies,Leith Stevens,/wiki/The_Five_Pennies,False
444,1959 (32nd),Li'l Abner,Joseph J. Lilley & Nelson Riddle,/wiki/Li%27l_Abner_(1959_film),False
445,1959 (32nd),Say One for Me,Lionel Newman,/wiki/Say_One_for_Me,False
446,1959 (32nd),Sleeping Beauty,George Bruns,/wiki/Sleeping_Beauty_(1959_film),False
447,1960 (33rd),,,,False
448,1960 (33rd),Music Score of a Dramatic or Comedy Picture,Music Score of a Dramatic or Comedy Picture,,False
449,1960 (33rd),Exodus,Ernest Gold,/wiki/Exodus_(1960_film),True
450,1960 (33rd),The Alamo,Dimitri Tiomkin,/wiki/The_Alamo_(1960_film),False
451,1960 (33rd),Elmer Gantry,André Previn,/wiki/Elmer_Gantry_(film),False
452,1960 (33rd),The Magnificent Seven,Elmer Bernstein,/wiki/The_Magnificent_Seven,False
453,1960 (33rd),Spartacus,Alex North,/wiki/Spartacus_(film),False
454,1960 (33rd),Scoring of a Musical Picture,Scoring of a Musical Picture,,False
455,1960 (33rd),Song Without End,Morris Stoloff & Harry Sukman,/wiki/Song_Without_End,True
456,1960 (33rd),Bells Are Ringing,André Previn,/wiki/Bells_Are_Ringing_(film),False
457,1960 (33rd),Can-Can,Nelson Riddle,/wiki/Can-Can_(film),False
458,1960 (33rd),Let's Make Love,Earle Hagen & Lionel Newman,/wiki/Let%27s_Make_Love,False
459,1960 (33rd),Pepe,Johnny Green,/wiki/Pepe_(1960_film),False
460,1961 (34th),,,,False
461,1961 (34th),Music Score of a Dramatic or Comedy Picture,Music Score of a Dramatic or Comedy Picture,,False
462,1961 (34th),Breakfast at Tiffany's,Henry Mancini,/wiki/Breakfast_at_Tiffany%27s_(film),True
463,1961 (34th),El Cid,Miklós Rózsa,/wiki/El_Cid_(film),False
464,1961 (34th),Fanny,Morris Stoloff & Harry Sukman,/wiki/Fanny_(1961_film),False
465,1961 (34th),The Guns of Navarone,Dimitri Tiomkin,/wiki/The_Guns_of_Navarone_(film),False
466,1961 (34th),Summer and Smoke,Elmer Bernstein,/wiki/Summer_and_Smoke_(film),False
467,1961 (34th),Scoring of a Musical Picture,Scoring of a Musical Picture,,False
468,1961 (34th),West Side Story,"Saul Chaplin, Johnny Green, Irwin Kostal and Sid Ramin",/wiki/West_Side_Story_(1961_film),True
469,1961 (34th),Babes in Toyland,George Bruns,/wiki/Babes_in_Toyland_(1961_film),False
470,1961 (34th),Flower Drum Song,Alfred Newman & Ken Darby,/wiki/Flower_Drum_Song_(film),False
471,1961 (34th),Khovanshchina,Dmitri Shostakovich,/wiki/Khovanshchina_(film),False
472,1961 (34th),Paris Blues,Duke Ellington,/wiki/Paris_Blues,False
473,1962 (35th),,,,False
474,1962 (35th),Music Score — Substantially Original,Music Score — Substantially Original,,False
475,1962 (35th),Lawrence of Arabia,Maurice Jarre,/wiki/Lawrence_of_Arabia_(film),True
476,1962 (35th),Freud,Jerry Goldsmith,/wiki/Freud:_The_Secret_Passion,False
477,1962 (35th),Mutiny on the Bounty,Bronisław Kaper,/wiki/Mutiny_on_the_Bounty_(1962_film),False
478,1962 (35th),Taras Bulba,Franz Waxman,/wiki/Taras_Bulba_(1962_film),False
479,1962 (35th),To Kill a Mockingbird,Elmer Bernstein,/wiki/To_Kill_a_Mockingbird_(film),False
480,1962 (35th),Scoring of Music — Adaptation or Treatment,Scoring of Music — Adaptation or Treatment,,False
481,1962 (35th),The Music Man,Ray Heindorf,/wiki/The_Music_Man_(1962_film),True
482,1962 (35th),Billy Rose's Jumbo,Georgie Stoll,/wiki/Billy_Rose%27s_Jumbo,False
483,1962 (35th),Gigot,Michel Magne,/wiki/Gigot_(film),False
484,1962 (35th),Gypsy,Frank Perkins,/wiki/Gypsy_(1962_film),False
485,1962 (35th),The Wonderful World of the Brothers Grimm,Leigh Harline,/wiki/The_Wonderful_World_of_the_Brothers_Grimm,False
486,1963 (36th),,,,False
487,1963 (36th),Music Score — Substantially Original,Music Score — Substantially Original,,False
488,1963 (36th),Tom Jones,John Addison,/wiki/Tom_Jones_(1963_film),True
489,1963 (36th),55 Days at Peking,Dimitri Tiomkin,/wiki/55_Days_at_Peking,False
490,1963 (36th),Cleopatra,Alex North,/wiki/Cleopatra_(1963_film),False
491,1963 (36th),How the West Was Won,Alfred Newman & Ken Darby,/wiki/How_the_West_Was_Won_(film),False
492,1963 (36th),"It's a Mad, Mad, Mad, Mad World",Ernest Gold,"/wiki/It%27s_a_Mad,_Mad,_Mad,_Mad_World",False
493,1963 (36th),Scoring of Music — Adaptation or Treatment,Scoring of Music — Adaptation or Treatment,,False
494,1963 (36th),Irma la Douce,André Previn,/wiki/Irma_la_Douce,True
495,1963 (36th),Bye Bye Birdie,Johnny Green,/wiki/Bye_Bye_Birdie_(1963_film),False
496,1963 (36th),A New Kind of Love,Leith Stevens,/wiki/A_New_Kind_of_Love,False
497,1963 (36th),Sundays and Cybele,Maurice Jarre,/wiki/Sundays_and_Cybele,False
498,1963 (36th),The Sword in the Stone,George Bruns,/wiki/The_Sword_in_the_Stone_(1963_film),False
499,1964 (37th),,,,False
500,1964 (37th),Music Score — Substantially Original,Music Score — Substantially Original,,False
501,1964 (37th),Mary Poppins,Sherman Brothers,/wiki/Mary_Poppins_(film),True
502,1964 (37th),Becket,Laurence Rosenthal,/wiki/Becket_(1964_film),False
503,1964 (37th),The Fall of the Roman Empire,Dimitri Tiomkin,/wiki/The_Fall_of_the_Roman_Empire_(film),False
504,1964 (37th),"Hush...Hush, Sweet Charlotte",Frank De Vol,"/wiki/Hush...Hush,_Sweet_Charlotte",False
505,1964 (37th),The Pink Panther,Henry Mancini,/wiki/The_Pink_Panther_(1963_film),False
506,1964 (37th),Scoring of Music — Adaptation or Treatment,Scoring of Music — Adaptation or Treatment,,False
507,1964 (37th),My Fair Lady,André Previn,/wiki/My_Fair_Lady_(film),True
508,1964 (37th),A Hard Day's Night,George Martin,/wiki/A_Hard_Day%27s_Night_(film),False
509,1964 (37th),Mary Poppins,Irwin Kostal,/wiki/Mary_Poppins_(film),True
510,1964 (37th),Robin and the 7 Hoods,Nelson Riddle,/wiki/Robin_and_the_7_Hoods,False
511,1964 (37th),The Unsinkable Molly Brown,"Robert Armbruster, Leo Arnaud, Jack Elliott, Jack Hayes, Calvin Jackson & Leo Shuken",/wiki/The_Unsinkable_Molly_Brown_(film),False
512,1965 (38th),,,,False
513,1965 (38th),Music Score — Substantially Original,Music Score — Substantially Original,,False
514,1965 (38th),Doctor Zhivago,Maurice Jarre,/wiki/Doctor_Zhivago_(film),True
515,1965 (38th),The Agony and the Ecstasy,Alex North,/wiki/The_Agony_and_the_Ecstasy_(film),False
516,1965 (38th),The Greatest Story Ever Told,Alfred Newman,/wiki/The_Greatest_Story_Ever_Told,False
517,1965 (38th),A Patch of Blue,Jerry Goldsmith,/wiki/A_Patch_of_Blue,False
518,1965 (38th),The Umbrellas of Cherbourg,Jacques Demy & Michel Legrand,/wiki/The_Umbrellas_of_Cherbourg,False
519,1965 (38th),Scoring of Music — Adaptation or Treatment,Scoring of Music — Adaptation or Treatment,,False
520,1965 (38th),The Sound of Music,Irwin Kostal,/wiki/The_Sound_of_Music_(film),True
521,1965 (38th),Cat Ballou,Frank De Vol,/wiki/Cat_Ballou,False
522,1965 (38th),The Pleasure Seekers,Sandy Courage & Lionel Newman,/wiki/The_Pleasure_Seekers_(1964_film),False
523,1965 (38th),A Thousand Clowns,Don Walker,/wiki/A_Thousand_Clowns,False
524,1965 (38th),The Umbrellas of Cherbourg,Michel Legrand,/wiki/The_Umbrellas_of_Cherbourg,False
525,1966 (39th),,,,False
526,1966 (39th),Original Music Score,Original Music Score,,False
527,1966 (39th),Born Free,John Barry,/wiki/Born_Free,True
528,1966 (39th),The Bible: In the Beginning...,Toshiro Mayuzumi,/wiki/The_Bible:_In_the_Beginning...,False
529,1966 (39th),Hawaii,Elmer Bernstein,/wiki/Hawaii_(1966_film),False
530,1966 (39th),The Sand Pebbles,Jerry Goldsmith,/wiki/The_Sand_Pebbles_(film),False
531,1966 (39th),Who's Afraid of Virginia Woolf?,Alex North,/wiki/Who%27s_Afraid_of_Virginia_Woolf%3F_(film),False
532,1966 (39th),Scoring of Music — Adaptation or Treatment,Scoring of Music — Adaptation or Treatment,,False
533,1966 (39th),A Funny Thing Happened on the Way to the Forum,Ken Thorne,/wiki/A_Funny_Thing_Happened_on_the_Way_to_the_Forum_(film),True
534,1966 (39th),The Gospel According to St. Matthew,Luis Bacalov,/wiki/The_Gospel_According_to_St._Matthew_(film),False
535,1966 (39th),Return of the Seven,Elmer Bernstein,/wiki/Return_of_the_Seven,False
536,1966 (39th),The Singing Nun,Harry Sukman,/wiki/The_Singing_Nun_(film),False
537,1966 (39th),Stop the World – I Want to Get Off,Al Ham,/wiki/Stop_the_World_%E2%80%93_I_Want_to_Get_Off,False
538,1967 (40th),,,,False
539,1967 (40th),Original Music Score,Original Music Score,,False
540,1967 (40th),Thoroughly Modern Millie,Elmer Bernstein,/wiki/Thoroughly_Modern_Millie,True
541,1967 (40th),Cool Hand Luke,Lalo Schifrin,/wiki/Cool_Hand_Luke,False
542,1967 (40th),Doctor Dolittle,Leslie Bricusse,/wiki/Doctor_Dolittle_(1967_film),False
543,1967 (40th),Far from the Madding Crowd,Richard Rodney Bennett,/wiki/Far_from_the_Madding_Crowd_(1967_film),False
544,1967 (40th),In Cold Blood,Quincy Jones,/wiki/In_Cold_Blood_(film),False
545,1967 (40th),Scoring of Music — Adaptation or Treatment,Scoring of Music — Adaptation or Treatment,,False
546,1967 (40th),Camelot,Ken Darby & Alfred Newman,/wiki/Camelot_(film),True
547,1967 (40th),Doctor Dolittle,Sandy Courage & Lionel Newman,/wiki/Doctor_Dolittle_(1967_film),False
548,1967 (40th),Guess Who's Coming to Dinner,Frank De Vol,/wiki/Guess_Who%27s_Coming_to_Dinner,False
549,1967 (40th),Thoroughly Modern Millie,Joseph Gershenson & André Previn,/wiki/Thoroughly_Modern_Millie,True
550,1967 (40th),Valley of the Dolls,John Williams,/wiki/Valley_of_the_Dolls_(film),False
551,1968 (41st),,,,False
552,1968 (41st),Original Score — For a Motion Picture (Not a Musical),Original Score — For a Motion Picture (Not a Musical),,False
553,1968 (41st),The Lion in Winter,John Barry,/wiki/The_Lion_in_Winter_(1968_film),True
554,1968 (41st),The Fox,Lalo Schifrin,/wiki/The_Fox_(1967_film),False
555,1968 (41st),Planet of the Apes,Jerry Goldsmith,/wiki/Planet_of_the_Apes_(1968_film),False
556,1968 (41st),The Shoes of the Fisherman,Alex North,/wiki/The_Shoes_of_the_Fisherman_(film),False
557,1968 (41st),The Thomas Crown Affair,Michel Legrand,/wiki/The_Thomas_Crown_Affair_(1968_film),False
558,1968 (41st),Scoring of a Musical Picture — Original or Adaptation,Scoring of a Musical Picture — Original or Adaptation,,False
559,1968 (41st),Oliver!,Johnny Green (adaptation score),/wiki/Oliver!_(film),True
560,1968 (41st),Finian's Rainbow,Ray Heindorf (adaptation score),/wiki/Finian%27s_Rainbow_(1968_film),False
561,1968 (41st),Funny Girl,Walter Scharf (adaptation score),/wiki/Funny_Girl_(film),False
562,1968 (41st),Star!,Lennie Hayton (adaptation score),/wiki/Star!_(film),False
563,1968 (41st),The Young Girls of Rochefort,Michel Legrand (music & adaptation score) & Jacques Demy (lyrics),/wiki/The_Young_Girls_of_Rochefort,False
564,1969 (42nd),,,,False
565,1969 (42nd),Original Score — For a Motion Picture (Not a Musical),Original Score — For a Motion Picture (Not a Musical),,False
566,1969 (42nd),Butch Cassidy and the Sundance Kid,Burt Bacharach,/wiki/Butch_Cassidy_and_the_Sundance_Kid,True
567,1969 (42nd),Anne of the Thousand Days,Georges Delerue,/wiki/Anne_of_the_Thousand_Days,False
568,1969 (42nd),The Reivers,John Williams,/wiki/The_Reivers_(film),False
569,1969 (42nd),The Secret of Santa Vittoria,Ernest Gold,/wiki/The_Secret_of_Santa_Vittoria,False
570,1969 (42nd),The Wild Bunch,Jerry Fielding,/wiki/The_Wild_Bunch,False
571,1969 (42nd),Scoring of a Musical Picture — Original or Adaptation,Scoring of a Musical Picture — Original or Adaptation,,False
572,1969 (42nd),"Hello, Dolly!",Lennie Hayton & Lionel Newman (adaptation score),"/wiki/Hello,_Dolly!_(film)",True
573,1969 (42nd),"Goodbye, Mr. Chips",Leslie Bricusse (music & lyrics) & John Williams (adaptation score),"/wiki/Goodbye,_Mr._Chips_(1969_film)",False
574,1969 (42nd),Paint Your Wagon,Nelson Riddle (adaptation score),/wiki/Paint_Your_Wagon_(film),False
575,1969 (42nd),Sweet Charity,Cy Coleman (adaptation score),/wiki/Sweet_Charity_(film),False
576,1969 (42nd),"They Shoot Horses, Don't They?",Johnny Green & Albert Woodbury (adaptation score),"/wiki/They_Shoot_Horses,_Don%27t_They%3F_(film)",False
577,1970 (43rd),,,,False
578,1970 (43rd),Original Score,Original Score,,False
579,1970 (43rd),Love Story,Francis Lai,/wiki/Love_Story_(1970_film),True
580,1970 (43rd),Airport,Alfred Newman (p.n.),/wiki/Airport_(1970_film),False
581,1970 (43rd),Cromwell,Frank Cordell,/wiki/Cromwell_(film),False
582,1970 (43rd),Patton,Jerry Goldsmith,/wiki/Patton_(film),False
583,1970 (43rd),Sunflower,Henry Mancini,/wiki/Sunflower_(1970_film),False
584,1970 (43rd),Original Song Score,Original Song Score,,False
585,1970 (43rd),Let It Be,The Beatles (music & lyrics),/wiki/Let_It_Be_(1970_film),True
586,1970 (43rd),The Baby Maker,Fred Karlin (music) & Tylwyth Kymry (lyrics),/wiki/The_Baby_Maker,False
587,1970 (43rd),A Boy Named Charlie Brown,"Rod McKuen (music & lyrics), John Scott Trotter (music), Bill Melendez, Al Shean (lyrics), Vince Guaraldi (adaptation score)",/wiki/A_Boy_Named_Charlie_Brown_(soundtrack),False
588,1970 (43rd),Darling Lili,Henry Mancini (music) & Johnny Mercer (lyrics),/wiki/Darling_Lili,False
589,1970 (43rd),Scrooge,"Leslie Bricusse (music & lyrics), Ian Fraser & Herbert W. Spencer (adaptation score)",/wiki/Scrooge_(1970_film),False
590,1971 (44th),,,,False
591,1971 (44th),Original Dramatic Score,Original Dramatic Score,,False
592,1971 (44th),Summer of '42,Michel Legrand,/wiki/Summer_of_%2742,True
593,1971 (44th),"Mary, Queen of Scots",John Barry,"/wiki/Mary,_Queen_of_Scots_(1971_film)",False
594,1971 (44th),Nicholas and Alexandra,Richard Rodney Bennett,/wiki/Nicholas_and_Alexandra,False
595,1971 (44th),Shaft,Isaac Hayes,/wiki/Shaft_(1971_film),False
596,1971 (44th),Straw Dogs,Jerry Fielding,/wiki/Straw_Dogs_(1971_film),False
597,1971 (44th),Scoring: Adaptation and Original Song Score,Scoring: Adaptation and Original Song Score,,False
598,1971 (44th),Fiddler on the Roof,John Williams (adaptation score),/wiki/Fiddler_on_the_Roof_(film),True
599,1971 (44th),Bedknobs and Broomsticks,Sherman Brothers (song score) & Irwin Kostal (adaptation score),/wiki/Bedknobs_and_Broomsticks,False
600,1971 (44th),The Boy Friend,Peter Maxwell Davies & Peter Greenwell (adaptation score),/wiki/The_Boy_Friend_(1971_film),False
601,1971 (44th),Tchaikovsky,Dimitri Tiomkin (adaptation score),/wiki/Tchaikovsky_(film),False
602,1971 (44th),Willy Wonka & the Chocolate Factory,Leslie Bricusse & Anthony Newley (song score) & Walter Scharf (adaptation score),/wiki/Willy_Wonka_%26_the_Chocolate_Factory,False
603,1972 (45th),,,,False
604,1972 (45th),Original Dramatic Score,Original Dramatic Score,,False
605,1972 (45th),Limelight [note 6],"Charlie Chaplin, Raymond Rasch (p.r.) & Larry Russell (p.r.)",,False
606,1972 (45th),The Godfather (nomination revoked)[note 7][11],Nino Rota,,False
607,1972 (45th),Images,John Williams,/wiki/Images_(film),False
608,1972 (45th),Napoleon and Samantha,Buddy Baker,/wiki/Napoleon_and_Samantha,False
609,1972 (45th),The Poseidon Adventure,John Williams,/wiki/The_Poseidon_Adventure_(1972_film),False
610,1972 (45th),Sleuth,John Addison,/wiki/Sleuth_(1972_film),False
611,1972 (45th),Scoring: Adaptation and Original Song Score,Scoring: Adaptation and Original Song Score,,False
612,1972 (45th),Cabaret,Ralph Burns (adaptation score),/wiki/Cabaret_(1972_film),True
613,1972 (45th),Lady Sings the Blues,Gil Askey (adaptation score),/wiki/Lady_Sings_the_Blues_(film),False
614,1972 (45th),Man of La Mancha,Laurence Rosenthal (adaptation score),/wiki/Man_of_La_Mancha_(film),False
615,1973 (46th),,,,False
616,1973 (46th),Original Dramatic Score,Original Dramatic Score,,False
617,1973 (46th),The Way We Were,Marvin Hamlisch,/wiki/The_Way_We_Were,True
618,1973 (46th),Cinderella Liberty,John Williams,/wiki/Cinderella_Liberty,False
619,1973 (46th),The Day of the Dolphin,Georges Delerue,/wiki/The_Day_of_the_Dolphin,False
620,1973 (46th),Papillon,Jerry Goldsmith,/wiki/Papillon_(1973_film),False
621,1973 (46th),A Touch of Class,John Cameron,/wiki/A_Touch_of_Class_(film),False
622,1973 (46th),Scoring: Original Song Score and Adaptation or Scoring: Adaptation,Scoring: Original Song Score and Adaptation or Scoring: Adaptation,,False
623,1973 (46th),The Sting,Marvin Hamlisch (adaptation score),/wiki/The_Sting,True
624,1973 (46th),Jesus Christ Superstar,"André Previn, Herbert W. Spencer & Andrew Lloyd Webber (adaptation score)",/wiki/Jesus_Christ_Superstar_(film),False
625,1973 (46th),Tom Sawyer,Sherman Brothers (song score) & John Williams (adaptation score),/wiki/Tom_Sawyer_(1973_film),False
626,1974 (47th),,,,False
627,1974 (47th),Original Dramatic Score,Original Dramatic Score,,False
628,1974 (47th),The Godfather Part II,Nino Rota & Carmine Coppola,/wiki/The_Godfather_Part_II,True
629,1974 (47th),Chinatown,Jerry Goldsmith,/wiki/Chinatown_(1974_film),False
630,1974 (47th),Murder on the Orient Express,Richard Rodney Bennett,/wiki/Murder_on_the_Orient_Express_(1974_film),False
631,1974 (47th),Shanks,Alex North,/wiki/Shanks_(film),False
632,1974 (47th),The Towering Inferno,John Williams,/wiki/The_Towering_Inferno,False
633,1974 (47th),Scoring: Original Song Score and Adaptation or Scoring: Adaptation,Scoring: Original Song Score and Adaptation or Scoring: Adaptation,,False
634,1974 (47th),The Great Gatsby,Nelson Riddle (adaptation score),/wiki/The_Great_Gatsby_(1974_film),True
635,1974 (47th),The Little Prince,"Alan Jay Lerner & Frederick Loewe (song score), Douglas Gamley & Angela Morley (adaptation score)",/wiki/The_Little_Prince_(1974_film),False
636,1974 (47th),Phantom of the Paradise,Paul Williams (song & adaptation score) & George Tipton (adaptation score),/wiki/Phantom_of_the_Paradise,False
637,1975 (48th),,,,False
638,1975 (48th),Original Score,Original Score,,False
639,1975 (48th),Jaws,John Williams,/wiki/Jaws_(film),True
640,1975 (48th),"Birds Do It, Bees Do It",Gerald Fried,"/wiki/Birds_Do_It,_Bees_Do_It",False
641,1975 (48th),Bite the Bullet,Alex North,/wiki/Bite_the_Bullet_(film),False
642,1975 (48th),One Flew Over the Cuckoo's Nest,Jack Nitzsche,/wiki/One_Flew_Over_the_Cuckoo%27s_Nest_(film),False
643,1975 (48th),The Wind and the Lion,Jerry Goldsmith,/wiki/The_Wind_and_the_Lion,False
644,1975 (48th),Scoring: Original Song Score and Adaptation or Scoring: Adaptation,Scoring: Original Song Score and Adaptation or Scoring: Adaptation,,False
645,1975 (48th),Barry Lyndon,Leonard Rosenman (adaptation score),/wiki/Barry_Lyndon,True
646,1975 (48th),Funny Lady,Peter Matz (adaptation score),/wiki/Funny_Lady,False
647,1975 (48th),Tommy,Pete Townshend (adaptation score),/wiki/Tommy_(1975_film),False
648,1976 (49th),,,,False
649,1976 (49th),Original Score,Original Score,,False
650,1976 (49th),The Omen,Jerry Goldsmith,/wiki/The_Omen,True
651,1976 (49th),Obsession,Bernard Herrmann (p.n.),/wiki/Obsession_(1976_film),False
652,1976 (49th),The Outlaw Josey Wales,Jerry Fielding,/wiki/The_Outlaw_Josey_Wales,False
653,1976 (49th),Taxi Driver,Bernard Herrmann (p.n.),/wiki/Taxi_Driver,False
654,1976 (49th),Voyage of the Damned,Lalo Schifrin,/wiki/Voyage_of_the_Damned,False
655,1976 (49th),Original Song Score and Its Adaptation or Adaptation Score,Original Song Score and Its Adaptation or Adaptation Score,,False
656,1976 (49th),Bound for Glory,Leonard Rosenman (adaptation score),/wiki/Bound_for_Glory_(1976_film),True
657,1976 (49th),Bugsy Malone,Paul Williams (song & adaptation score),/wiki/Bugsy_Malone,False
658,1976 (49th),A Star Is Born,Roger Kellaway (adaptation score),/wiki/A_Star_Is_Born_(1976_film),False
659,1977 (50th),,,,False
660,1977 (50th),Original Score,Original Score,,False
661,1977 (50th),Star Wars,John Williams,/wiki/Star_Wars_(film),True
662,1977 (50th),Close Encounters of the Third Kind,John Williams,/wiki/Close_Encounters_of_the_Third_Kind,False
663,1977 (50th),Julia,Georges Delerue,/wiki/Julia_(1977_film),False
664,1977 (50th),"Mohammad, Messenger of God",Maurice Jarre,/wiki/The_Message_(1976_film),False
665,1977 (50th),The Spy Who Loved Me,Marvin Hamlisch,/wiki/The_Spy_Who_Loved_Me_(film),False
666,1977 (50th),Original Song Score and Its Adaptation or Adaptation Score,Original Song Score and Its Adaptation or Adaptation Score,,False
667,1977 (50th),A Little Night Music,Jonathan Tunick (adaptation score),/wiki/A_Little_Night_Music_(film),True
668,1977 (50th),Pete's Dragon,Joel Hirschhorn & Al Kasha (song score) & Irwin Kostal (adaptation score),/wiki/Pete%27s_Dragon_(1977_film),False
669,1977 (50th),The Slipper and the Rose,Sherman Brothers (song score) & Angela Morley (adaptation score),/wiki/The_Slipper_and_the_Rose,False
670,1978 (51st),,,,False
671,1978 (51st),Original Score,Original Score,,False
672,1978 (51st),Midnight Express,Giorgio Moroder,/wiki/Midnight_Express_(film),True
673,1978 (51st),The Boys from Brazil,Jerry Goldsmith,/wiki/The_Boys_from_Brazil_(film),False
674,1978 (51st),Days of Heaven,Ennio Morricone,/wiki/Days_of_Heaven,False
675,1978 (51st),Heaven Can Wait,Dave Grusin,/wiki/Heaven_Can_Wait_(1978_film),False
676,1978 (51st),Superman,John Williams,/wiki/Superman_(1978_film),False
677,1978 (51st),Adaptation Score,Adaptation Score,,False
678,1978 (51st),The Buddy Holly Story,Joe Renzetti,/wiki/The_Buddy_Holly_Story,True
679,1978 (51st),Pretty Baby,Jerry Wexler,/wiki/Pretty_Baby_(1978_film),False
680,1978 (51st),The Wiz,Quincy Jones,/wiki/The_Wiz_(film),False
681,1979 (52nd),,,,False
682,1979 (52nd),Original Score,Original Score,,False
683,1979 (52nd),A Little Romance,Georges Delerue,/wiki/A_Little_Romance,True
684,1979 (52nd),10,Henry Mancini,/wiki/10_(1979_film),False
685,1979 (52nd),The Amityville Horror,Lalo Schifrin,/wiki/The_Amityville_Horror_(1979_film),False
686,1979 (52nd),The Champ,Dave Grusin,/wiki/The_Champ_(1979_film),False
687,1979 (52nd),Star Trek: The Motion Picture,Jerry Goldsmith,/wiki/Star_Trek:_The_Motion_Picture,False
688,1979 (52nd),Original Song Score and Its Adaptation or Adaptation Score,Original Song Score and Its Adaptation or Adaptation Score,,False
689,1979 (52nd),All That Jazz,Ralph Burns (adaptation score),/wiki/All_That_Jazz_(film),True
690,1979 (52nd),Breaking Away,Patrick Williams (adaptation score),/wiki/Breaking_Away,False
691,1979 (52nd),The Muppet Movie,Paul Williams (song & adaptation score) & Kenny Ascher (song score),/wiki/The_Muppet_Movie,False
692,1980 (53rd),,,,False
693,1980 (53rd),Fame,Michael Gore,/wiki/Fame_(1980_film),True
694,1980 (53rd),Altered States,John Corigliano,/wiki/Altered_States,False
695,1980 (53rd),The Elephant Man,John Morris,/wiki/The_Elephant_Man_(film),False
696,1980 (53rd),The Empire Strikes Back,John Williams,/wiki/The_Empire_Strikes_Back,False
697,1980 (53rd),Tess,Philippe Sarde,/wiki/Tess_(1979_film),False
698,1981 (54th),,,,False
699,1981 (54th),Chariots of Fire,Vangelis,/wiki/Chariots_of_Fire,True
700,1981 (54th),Dragonslayer,Alex North,/wiki/Dragonslayer_(1981_film),False
701,1981 (54th),On Golden Pond,Dave Grusin,/wiki/On_Golden_Pond_(1981_film),False
702,1981 (54th),Ragtime,Randy Newman,/wiki/Ragtime_(film),False
703,1981 (54th),Raiders of the Lost Ark,John Williams,/wiki/Raiders_of_the_Lost_Ark,False
704,1982 (55th),,,,False
705,1982 (55th),Original Score,Original Score,,False
706,1982 (55th),E.T. the Extra-Terrestrial,John Williams,/wiki/E.T._the_Extra-Terrestrial,True
707,1982 (55th),Gandhi,George Fenton & Ravi Shankar,/wiki/Gandhi_(film),False
708,1982 (55th),An Officer and a Gentleman,Jack Nitzsche,/wiki/An_Officer_and_a_Gentleman,False
709,1982 (55th),Poltergeist,Jerry Goldsmith,/wiki/Poltergeist_(1982_film),False
710,1982 (55th),Sophie's Choice,Marvin Hamlisch,/wiki/Sophie%27s_Choice_(film),False
711,1982 (55th),Original Song Score and Its Adaptation or Adaptation Score,Original Song Score and Its Adaptation or Adaptation Score,,False
712,1982 (55th),Victor/Victoria,Henry Mancini (song & adaptation score) & Leslie Bricusse (song score),/wiki/Victor/Victoria,True
713,1982 (55th),Annie,Ralph Burns (adaptation score),/wiki/Annie_(1982_film),False
714,1982 (55th),One from the Heart,Tom Waits (song score),/wiki/One_from_the_Heart,False
715,1983 (56th),,,,False
716,1983 (56th),Original Score,Original Score,,False
717,1983 (56th),The Right Stuff,Bill Conti,/wiki/The_Right_Stuff_(film),True
718,1983 (56th),Cross Creek,Leonard Rosenman,/wiki/Cross_Creek_(film),False
719,1983 (56th),Return of the Jedi,John Williams,/wiki/Return_of_the_Jedi,False
720,1983 (56th),Terms of Endearment,Michael Gore,/wiki/Terms_of_Endearment,False
721,1983 (56th),Under Fire,Jerry Goldsmith,/wiki/Under_Fire_(1983_film),False
722,1983 (56th),Original Song Score and Its Adaptation or Adaptation Score,Original Song Score and Its Adaptation or Adaptation Score,,False
723,1983 (56th),Yentl,Michel Legrand (song & adaptation score) & Alan & Marilyn Bergman (song score),/wiki/Yentl_(film),True
724,1983 (56th),The Sting II,Lalo Schifrin (adaptation score),/wiki/The_Sting_II,False
725,1983 (56th),Trading Places,Elmer Bernstein (adaptation score),/wiki/Trading_Places,False
726,1984 (57th),,,,False
727,1984 (57th),Original Score,Original Score,,False
728,1984 (57th),A Passage to India,Maurice Jarre,/wiki/A_Passage_to_India_(film),True
729,1984 (57th),Indiana Jones and the Temple of Doom,John Williams,/wiki/Indiana_Jones_and_the_Temple_of_Doom,False
730,1984 (57th),The Natural,Randy Newman,/wiki/The_Natural_(film),False
731,1984 (57th),The River,John Williams,/wiki/The_River_(1984_film),False
732,1984 (57th),Under the Volcano,Alex North,/wiki/Under_the_Volcano_(1984_film),False
733,1984 (57th),Original Song Score,Original Song Score,,False
734,1984 (57th),Purple Rain,Prince,/wiki/Purple_Rain_(film),True
735,1984 (57th),The Muppets Take Manhattan,Jeff Moss,/wiki/The_Muppets_Take_Manhattan,False
736,1984 (57th),Songwriter,Kris Kristofferson,/wiki/Songwriter_(1984_film),False
737,1985 (58th),,,,False
738,1985 (58th),Out of Africa,John Barry,/wiki/Out_of_Africa_(film),True
739,1985 (58th),Agnes of God,Georges Delerue,/wiki/Agnes_of_God_(film),False
740,1985 (58th),The Color Purple,"Chris Boardman, Jorge Calandrelli, Andraé Crouch, Jack Hayes, Jerry Hey, Quincy Jones, Randy Kerber, Jeremy Lubbock, Joel Rosenbaum, Caiphus Semenya, Fred Steiner & Rod Temperton",/wiki/The_Color_Purple_(1985_film),False
741,1985 (58th),Silverado,Bruce Broughton,/wiki/Silverado_(film),False
742,1985 (58th),Witness,Maurice Jarre,/wiki/Witness_(1985_film),False
743,1986 (59th),,,,False
744,1986 (59th),Round Midnight,Herbie Hancock,/wiki/Round_Midnight_(film),True
745,1986 (59th),Aliens,James Horner,/wiki/Aliens_(film),False
746,1986 (59th),Hoosiers,Jerry Goldsmith,/wiki/Hoosiers_(film),False
747,1986 (59th),The Mission,Ennio Morricone,/wiki/The_Mission_(1986_film),False
748,1986 (59th),Star Trek IV: The Voyage Home,Leonard Rosenman,/wiki/Star_Trek_IV:_The_Voyage_Home,False
749,1987 (60th),,,,False
750,1987 (60th),The Last Emperor,"Ryuichi Sakamoto, David Byrne & Cong Su",/wiki/The_Last_Emperor,True
751,1987 (60th),Cry Freedom,George Fenton & Jonas Gwangwa,/wiki/Cry_Freedom,False
752,1987 (60th),Empire of the Sun,John Williams,/wiki/Empire_of_the_Sun_(film),False
753,1987 (60th),The Untouchables,Ennio Morricone,/wiki/The_Untouchables_(film),False
754,1987 (60th),The Witches of Eastwick,John Williams,/wiki/The_Witches_of_Eastwick_(film),False
755,1988 (61st),,,,False
756,1988 (61st),The Milagro Beanfield War,Dave Grusin,/wiki/The_Milagro_Beanfield_War,True
757,1988 (61st),The Accidental Tourist,John Williams,/wiki/The_Accidental_Tourist_(film),False
758,1988 (61st),Dangerous Liaisons,George Fenton,/wiki/Dangerous_Liaisons,False
759,1988 (61st),Gorillas in the Mist,Maurice Jarre,/wiki/Gorillas_in_the_Mist,False
760,1988 (61st),Rain Man,Hans Zimmer,/wiki/Rain_Man,False
761,1989 (62nd),,,,False
762,1989 (62nd),The Little Mermaid,Alan Menken,/wiki/The_Little_Mermaid_(1989_film),True
763,1989 (62nd),Born on the Fourth of July,John Williams,/wiki/Born_on_the_Fourth_of_July_(film),False
764,1989 (62nd),The Fabulous Baker Boys,Dave Grusin,/wiki/The_Fabulous_Baker_Boys,False
765,1989 (62nd),Field of Dreams,James Horner,/wiki/Field_of_Dreams,False
766,1989 (62nd),Indiana Jones and the Last Crusade,John Williams,/wiki/Indiana_Jones_and_the_Last_Crusade,False
767,1990 (63rd),,,,False
768,1990 (63rd),Dances with Wolves,John Barry,/wiki/Dances_with_Wolves,True
769,1990 (63rd),Avalon,Randy Newman,/wiki/Avalon_(1990_film),False
770,1990 (63rd),Ghost,Maurice Jarre,/wiki/Ghost_(1990_film),False
771,1990 (63rd),Havana,Dave Grusin,/wiki/Havana_(film),False
772,1990 (63rd),Home Alone,John Williams,/wiki/Home_Alone,False
773,1991 (64th),,,,False
774,1991 (64th),Beauty and the Beast,Alan Menken,/wiki/Beauty_and_the_Beast_(1991_film),True
775,1991 (64th),Bugsy,Ennio Morricone,/wiki/Bugsy,False
776,1991 (64th),The Fisher King,George Fenton,/wiki/The_Fisher_King,False
777,1991 (64th),JFK,John Williams,/wiki/JFK_(film),False
778,1991 (64th),The Prince of Tides,James Newton Howard,/wiki/The_Prince_of_Tides,False
779,1992 (65th),,,,False
780,1992 (65th),Aladdin,Alan Menken,/wiki/Aladdin_(1992_Disney_film),True
781,1992 (65th),Basic Instinct,Jerry Goldsmith,/wiki/Basic_Instinct,False
782,1992 (65th),Chaplin,John Barry,/wiki/Chaplin_(film),False
783,1992 (65th),Howards End,Richard Robbins,/wiki/Howards_End_(film),False
784,1992 (65th),A River Runs Through It,Mark Isham,/wiki/A_River_Runs_Through_It_(film),False
785,1993 (66th),,,,False
786,1993 (66th),Schindler's List,John Williams,/wiki/Schindler%27s_List,True
787,1993 (66th),The Age of Innocence,Elmer Bernstein,/wiki/The_Age_of_Innocence_(1993_film),False
788,1993 (66th),The Firm,Dave Grusin,/wiki/The_Firm_(1993_film),False
789,1993 (66th),The Fugitive,James Newton Howard,/wiki/The_Fugitive_(1993_film),False
790,1993 (66th),The Remains of the Day,Richard Robbins,/wiki/The_Remains_of_the_Day_(film),False
791,1994 (67th),,,,False
792,1994 (67th),The Lion King,Hans Zimmer,/wiki/The_Lion_King,True
793,1994 (67th),Forrest Gump,Alan Silvestri,/wiki/Forrest_Gump,False
794,1994 (67th),Interview with the Vampire,Elliot Goldenthal,/wiki/Interview_with_the_Vampire_(film),False
795,1994 (67th),Little Women,Thomas Newman,/wiki/Little_Women_(1994_film),False
796,1994 (67th),The Shawshank Redemption,Thomas Newman,/wiki/The_Shawshank_Redemption,False
797,1995 (68th) [note 8],,,,False
798,1995 (68th) [note 8],Original Dramatic Score,Original Dramatic Score,,False
799,1995 (68th) [note 8],The Postman,Luis Bacalov,/wiki/Il_Postino:_The_Postman,True
800,1995 (68th) [note 8],Apollo 13,James Horner,/wiki/Apollo_13_(film),False
801,1995 (68th) [note 8],Braveheart,James Horner,/wiki/Braveheart,False
802,1995 (68th) [note 8],Nixon,John Williams,/wiki/Nixon_(film),False
803,1995 (68th) [note 8],Sense and Sensibility,Patrick Doyle,/wiki/Sense_and_Sensibility_(film),False
804,1995 (68th) [note 8],Original Musical or Comedy Score,Original Musical or Comedy Score,,False
805,1995 (68th) [note 8],Pocahontas,Alan Menken (music & orchestral score) & Stephen Schwartz (lyrics),/wiki/Pocahontas_(1995_film),True
806,1995 (68th) [note 8],The American President,Marc Shaiman,/wiki/The_American_President,False
807,1995 (68th) [note 8],Sabrina,John Williams,/wiki/Sabrina_(1995_film),False
808,1995 (68th) [note 8],Toy Story,Randy Newman,/wiki/Toy_Story,False
809,1995 (68th) [note 8],Unstrung Heroes,Thomas Newman,/wiki/Unstrung_Heroes,False
810,1996 (69th),,,,False
811,1996 (69th),Original Dramatic Score,Original Dramatic Score,,False
812,1996 (69th),The English Patient,Gabriel Yared,/wiki/The_English_Patient_(film),True
813,1996 (69th),Hamlet,Patrick Doyle,/wiki/Hamlet_(1996_film),False
814,1996 (69th),Michael Collins,Elliot Goldenthal,/wiki/Michael_Collins_(film),False
815,1996 (69th),Shine,David Hirschfelder,/wiki/Shine_(film),False
816,1996 (69th),Sleepers,John Williams,/wiki/Sleepers_(film),False
817,1996 (69th),Original Musical or Comedy Score,Original Musical or Comedy Score,,False
818,1996 (69th),Emma,Rachel Portman,/wiki/Emma_(1996_theatrical_film),True
819,1996 (69th),The First Wives Club,Marc Shaiman,/wiki/The_First_Wives_Club,False
820,1996 (69th),The Hunchback of Notre Dame,Alan Menken (music & orchestral score) & Stephen Schwartz (lyrics),/wiki/The_Hunchback_of_Notre_Dame_(1996_film),False
821,1996 (69th),James and the Giant Peach,Randy Newman,/wiki/James_and_the_Giant_Peach_(film),False
822,1996 (69th),The Preacher's Wife,Hans Zimmer,/wiki/The_Preacher%27s_Wife,False
823,1997 (70th),,,,False
824,1997 (70th),Original Dramatic Score,Original Dramatic Score,,False
825,1997 (70th),Titanic,James Horner,/wiki/Titanic_(1997_film),True
826,1997 (70th),Amistad,John Williams,/wiki/Amistad_(film),False
827,1997 (70th),Good Will Hunting,Danny Elfman,/wiki/Good_Will_Hunting,False
828,1997 (70th),Kundun,Philip Glass,/wiki/Kundun,False
829,1997 (70th),L.A. Confidential,Jerry Goldsmith,/wiki/L.A._Confidential_(film),False
830,1997 (70th),Original Musical or Comedy Score,Original Musical or Comedy Score,,False
831,1997 (70th),The Full Monty,Anne Dudley,/wiki/The_Full_Monty,True
832,1997 (70th),Anastasia,"Stephen Flaherty (music), Lynn Ahrens (lyrics) & David Newman (orchestral score)",/wiki/Anastasia_(1997_film),False
833,1997 (70th),As Good as It Gets,Hans Zimmer,/wiki/As_Good_as_It_Gets,False
834,1997 (70th),Men in Black,Danny Elfman,/wiki/Men_in_Black_(1997_film),False
835,1997 (70th),My Best Friend's Wedding,James Newton Howard,/wiki/My_Best_Friend%27s_Wedding,False
836,1998 (71st),,,,False
837,1998 (71st),Original Dramatic Score,Original Dramatic Score,,False
838,1998 (71st),Life Is Beautiful,Nicola Piovani,/wiki/Life_Is_Beautiful,True
839,1998 (71st),Elizabeth,David Hirschfelder,/wiki/Elizabeth_(film),False
840,1998 (71st),Pleasantville,Randy Newman,/wiki/Pleasantville_(film),False
841,1998 (71st),Saving Private Ryan,John Williams,/wiki/Saving_Private_Ryan,False
842,1998 (71st),The Thin Red Line,Hans Zimmer,/wiki/The_Thin_Red_Line_(1998_film),False
843,1998 (71st),Original Musical or Comedy Score,Original Musical or Comedy Score,,False
844,1998 (71st),Shakespeare in Love,Stephen Warbeck,/wiki/Shakespeare_in_Love,True
845,1998 (71st),A Bug's Life,Randy Newman,/wiki/A_Bug%27s_Life,False
846,1998 (71st),Mulan,"Matthew Wilder (music), David Zippel (lyrics) & Jerry Goldsmith (orchestral score)",/wiki/Mulan_(1998_film),False
847,1998 (71st),Patch Adams,Marc Shaiman,/wiki/Patch_Adams_(film),False
848,1998 (71st),The Prince of Egypt,Stephen Schwartz (music & lyrics) & Hans Zimmer (orchestral score),/wiki/The_Prince_of_Egypt,False
849,1999 (72nd),,,,False
850,1999 (72nd),The Red Violin,John Corigliano,/wiki/The_Red_Violin,True
851,1999 (72nd),American Beauty,Thomas Newman,/wiki/American_Beauty_(1999_film),False
852,1999 (72nd),Angela's Ashes,John Williams,/wiki/Angela%27s_Ashes_(film),False
853,1999 (72nd),The Cider House Rules,Rachel Portman,/wiki/The_Cider_House_Rules_(film),False
854,1999 (72nd),The Talented Mr. Ripley,Gabriel Yared,/wiki/The_Talented_Mr._Ripley_(film),False
855,2000 (73rd),,,,False
856,2000 (73rd),"Crouching Tiger, Hidden Dragon",Tan Dun,"/wiki/Crouching_Tiger,_Hidden_Dragon",True
857,2000 (73rd),Chocolat,Rachel Portman,/wiki/Chocolat_(2000_film),False
858,2000 (73rd),Gladiator,Hans Zimmer[note 9],/wiki/Gladiator_(2000_film),False
859,2000 (73rd),Malèna,Ennio Morricone,/wiki/Mal%C3%A8na_(film),False
860,2000 (73rd),The Patriot,John Williams,/wiki/The_Patriot_(2000_film),False
861,2001 (74th),,,,False
862,2001 (74th),The Lord of the Rings: The Fellowship of the Ring,Howard Shore,/wiki/The_Lord_of_the_Rings:_The_Fellowship_of_the_Ring,True
863,2001 (74th),A.I. Artificial Intelligence,John Williams,/wiki/A.I._Artificial_Intelligence,False
864,2001 (74th),A Beautiful Mind,James Horner,/wiki/A_Beautiful_Mind_(film),False
865,2001 (74th),Harry Potter and the Sorcerer's Stone,John Williams,/wiki/Harry_Potter_and_the_Philosopher%27s_Stone_(film),False
866,2001 (74th),"Monsters, Inc.",Randy Newman,"/wiki/Monsters,_Inc.",False
867,2002 (75th),,,,False
868,2002 (75th),Frida,Elliot Goldenthal,/wiki/Frida_(2002_film),True
869,2002 (75th),Catch Me If You Can,John Williams,/wiki/Catch_Me_If_You_Can,False
870,2002 (75th),Far from Heaven,Elmer Bernstein,/wiki/Far_from_Heaven,False
871,2002 (75th),The Hours,Philip Glass,/wiki/The_Hours_(film),False
872,2002 (75th),Road to Perdition,Thomas Newman,/wiki/Road_to_Perdition,False
873,2003 (76th),,,,False
874,2003 (76th),The Lord of the Rings: The Return of the King,Howard Shore,/wiki/The_Lord_of_the_Rings:_The_Return_of_the_King,True
875,2003 (76th),Big Fish,Danny Elfman,/wiki/Big_Fish,False
876,2003 (76th),Cold Mountain,Gabriel Yared,/wiki/Cold_Mountain_(film),False
877,2003 (76th),Finding Nemo,Thomas Newman,/wiki/Finding_Nemo,False
878,2003 (76th),House of Sand and Fog,James Horner,/wiki/House_of_Sand_and_Fog_(film),False
879,2004 (77th),,,,False
880,2004 (77th),Finding Neverland,Jan A. P. Kaczmarek,/wiki/Finding_Neverland_(film),True
881,2004 (77th),Harry Potter and the Prisoner of Azkaban,John Williams,/wiki/Harry_Potter_and_the_Prisoner_of_Azkaban_(film),False
882,2004 (77th),Lemony Snicket's A Series of Unfortunate Events,Thomas Newman,/wiki/Lemony_Snicket%27s_A_Series_of_Unfortunate_Events,False
883,2004 (77th),The Passion of the Christ,John Debney,/wiki/The_Passion_of_the_Christ,False
884,2004 (77th),The Village,James Newton Howard,/wiki/The_Village_(2004_film),False
885,2005 (78th),,,,False
886,2005 (78th),Brokeback Mountain,Gustavo Santaolalla,/wiki/Brokeback_Mountain,True
887,2005 (78th),The Constant Gardener,Alberto Iglesias,/wiki/The_Constant_Gardener_(film),False
888,2005 (78th),Memoirs of a Geisha,John Williams,/wiki/Memoirs_of_a_Geisha_(film),False
889,2005 (78th),Munich,John Williams,/wiki/Munich_(2005_film),False
890,2005 (78th),Pride & Prejudice,Dario Marianelli,/wiki/Pride_%26_Prejudice_(2005_film),False
891,2006 (79th),,,,False
892,2006 (79th),Babel,Gustavo Santaolalla,/wiki/Babel_(film),True
893,2006 (79th),The Good German,Thomas Newman,/wiki/The_Good_German,False
894,2006 (79th),Notes on a Scandal,Philip Glass,/wiki/Notes_on_a_Scandal_(film),False
895,2006 (79th),Pan's Labyrinth,Javier Navarrete,/wiki/Pan%27s_Labyrinth,False
896,2006 (79th),The Queen,Alexandre Desplat,/wiki/The_Queen_(2006_film),False
897,2007 (80th),,,,False
898,2007 (80th),Atonement,Dario Marianelli,/wiki/Atonement_(2007_film),True
899,2007 (80th),3:10 to Yuma,Marco Beltrami,/wiki/3:10_to_Yuma_(2007_film),False
900,2007 (80th),The Kite Runner,Alberto Iglesias,/wiki/The_Kite_Runner_(film),False
901,2007 (80th),Michael Clayton,James Newton Howard,/wiki/Michael_Clayton,False
902,2007 (80th),Ratatouille,Michael Giacchino,/wiki/Ratatouille_(film),False
903,2008 (81st),,,,False
904,2008 (81st),Slumdog Millionaire,A. R. Rahman,/wiki/Slumdog_Millionaire,True
905,2008 (81st),The Curious Case of Benjamin Button,Alexandre Desplat,/wiki/The_Curious_Case_of_Benjamin_Button_(film),False
906,2008 (81st),Defiance,James Newton Howard,/wiki/Defiance_(2008_film),False
907,2008 (81st),Milk,Danny Elfman,/wiki/Milk_(2008_American_film),False
908,2008 (81st),WALL-E,Thomas Newman,/wiki/WALL-E,False
909,2009 (82nd),,,,False
910,2009 (82nd),Up,Michael Giacchino,/wiki/Up_(2009_film),True
911,2009 (82nd),Avatar,James Horner,/wiki/Avatar_(2009_film),False
912,2009 (82nd),Fantastic Mr. Fox,Alexandre Desplat,/wiki/Fantastic_Mr._Fox_(film),False
913,2009 (82nd),The Hurt Locker,Marco Beltrami & Buck Sanders,/wiki/The_Hurt_Locker,False
914,2009 (82nd),Sherlock Holmes,Hans Zimmer,/wiki/Sherlock_Holmes_(2009_film),False
915,2010 (83rd),,,,False
916,2010 (83rd),The Social Network,Trent Reznor & Atticus Ross,/wiki/The_Social_Network,True
917,2010 (83rd),127 Hours,A. R. Rahman,/wiki/127_Hours,False
918,2010 (83rd),How to Train Your Dragon,John Powell,/wiki/How_to_Train_Your_Dragon_(2010_film),False
919,2010 (83rd),Inception,Hans Zimmer,/wiki/Inception,False
920,2010 (83rd),The King's Speech,Alexandre Desplat,/wiki/The_King%27s_Speech,False
921,2011 (84th),,,,False
922,2011 (84th),The Artist,Ludovic Bource,/wiki/The_Artist_(film),True
923,2011 (84th),The Adventures of Tintin,John Williams,/wiki/The_Adventures_of_Tintin_(film),False
924,2011 (84th),Hugo,Howard Shore,/wiki/Hugo_(film),False
925,2011 (84th),Tinker Tailor Soldier Spy,Alberto Iglesias,/wiki/Tinker_Tailor_Soldier_Spy_(film),False
926,2011 (84th),War Horse,John Williams,/wiki/War_Horse_(film),False
927,2012 (85th),,,,False
928,2012 (85th),Life of Pi,Mychael Danna,/wiki/Life_of_Pi_(film),True
929,2012 (85th),Anna Karenina,Dario Marianelli,/wiki/Anna_Karenina_(2012_film),False
930,2012 (85th),Argo,Alexandre Desplat,/wiki/Argo_(2012_film),False
931,2012 (85th),Lincoln,John Williams,/wiki/Lincoln_(film),False
932,2012 (85th),Skyfall,Thomas Newman,/wiki/Skyfall,False
933,2013 (86th),,,,False
934,2013 (86th),Gravity,Steven Price,/wiki/Gravity_(2013_film),True
935,2013 (86th),The Book Thief,John Williams,/wiki/The_Book_Thief_(film),False
936,2013 (86th),Her,Will Butler & Owen Pallett,/wiki/Her_(film),False
937,2013 (86th),Philomena,Alexandre Desplat,/wiki/Philomena_(film),False
938,2013 (86th),Saving Mr. Banks,Thomas Newman,/wiki/Saving_Mr._Banks,False
939,2014 (87th),,,,False
940,2014 (87th),The Grand Budapest Hotel,Alexandre Desplat,/wiki/The_Grand_Budapest_Hotel,True
941,2014 (87th),The Imitation Game,Alexandre Desplat,/wiki/The_Imitation_Game,False
942,2014 (87th),Interstellar,Hans Zimmer,/wiki/Interstellar_(film),False
943,2014 (87th),Mr. Turner,Gary Yershon,/wiki/Mr._Turner,False
944,2014 (87th),The Theory of Everything,Jóhann Jóhannsson,/wiki/The_Theory_of_Everything_(2014_film),False
945,2015 (88th),,,,False
946,2015 (88th),The Hateful Eight,Ennio Morricone,/wiki/The_Hateful_Eight,True
947,2015 (88th),Bridge of Spies,Thomas Newman,/wiki/Bridge_of_Spies_(film),False
948,2015 (88th),Carol,Carter Burwell,/wiki/Carol_(film),False
949,2015 (88th),Sicario,Jóhann Jóhannsson,/wiki/Sicario_(2015_film),False
950,2015 (88th),Star Wars: The Force Awakens,John Williams,/wiki/Star_Wars:_The_Force_Awakens,False
951,2016 (89th) [12],,,,False
952,2016 (89th) [12],La La Land,Justin Hurwitz,/wiki/La_La_Land,True
953,2016 (89th) [12],Jackie,Micachu,/wiki/Jackie_(2016_film),False
954,2016 (89th) [12],Lion,Hauschka & Dustin O'Halloran,/wiki/Lion_(2016_film),False
955,2016 (89th) [12],Moonlight,Nicholas Britell,/wiki/Moonlight_(2016_film),False
956,2016 (89th) [12],Passengers,Thomas Newman,/wiki/Passengers_(2016_film),False
957,2017 (90th),,,,False
958,2017 (90th),The Shape of Water,Alexandre Desplat,/wiki/The_Shape_of_Water,True
959,2017 (90th),Dunkirk,Hans Zimmer,/wiki/Dunkirk_(2017_film),False
960,2017 (90th),Phantom Thread,Jonny Greenwood,/wiki/Phantom_Thread,False
961,2017 (90th),Star Wars: The Last Jedi,John Williams,/wiki/Star_Wars:_The_Last_Jedi,False
962,2017 (90th),"Three Billboards Outside Ebbing, Missouri",Carter Burwell,"/wiki/Three_Billboards_Outside_Ebbing,_Missouri",False
963,2018 (91st),,,,False
964,2018 (91st),Black Panther,Ludwig Göransson,/wiki/Black_Panther_(film),True
965,2018 (91st),BlacKkKlansman,Terence Blanchard,/wiki/BlacKkKlansman,False
966,2018 (91st),If Beale Street Could Talk,Nicholas Britell,/wiki/If_Beale_Street_Could_Talk_(film),False
967,2018 (91st),Isle of Dogs,Alexandre Desplat,/wiki/Isle_of_Dogs_(film),False
968,2018 (91st),Mary Poppins Returns,Marc Shaiman,/wiki/Mary_Poppins_Returns,False
969,2019 (92nd),,,,False
970,2019 (92nd),Joker,Hildur Guðnadóttir,/wiki/Joker_(2019_film),True
971,2019 (92nd),Little Women,Alexandre Desplat,/wiki/Little_Women_(2019_film),False
972,2019 (92nd),Marriage Story,Randy Newman,/wiki/Marriage_Story,False
973,2019 (92nd),1917,Thomas Newman,/wiki/1917_(2019_film),False
974,2019 (92nd),Star Wars: The Rise of Skywalker,John Williams,/wiki/Star_Wars:_The_Rise_of_Skywalker,False
975,2020/21 [note 10] (93rd),,,,False
976,2020/21 [note 10] (93rd),Soul,"Trent Reznor, Atticus Ross & Jon Batiste",/wiki/Soul_(2020_film),True
977,2020/21 [note 10] (93rd),Da 5 Bloods,Terence Blanchard,/wiki/Da_5_Bloods,False
978,2020/21 [note 10] (93rd),Mank,Trent Reznor & Atticus Ross,/wiki/Mank,False
979,2020/21 [note 10] (93rd),Minari,Emile Mosseri,/wiki/Minari_(film),False
980,2020/21 [note 10] (93rd),News of the World,James Newton Howard,/wiki/News_of_the_World_(film),False
981,2021 (94th),,,,False
982,2021 (94th),Dune,Hans Zimmer,/wiki/Dune_(2021_film),True
983,2021 (94th),Don't Look Up,Nicholas Britell,/wiki/Don%27t_Look_Up,False
984,2021 (94th),Encanto,Germaine Franco,/wiki/Encanto,False
985,2021 (94th),Parallel Mothers,Alberto Iglesias,/wiki/Parallel_Mothers,False
986,2021 (94th),The Power of the Dog,Jonny Greenwood,/wiki/The_Power_of_the_Dog_(film),False
987,2022 (95th),,,,False
988,2022 (95th),All Quiet on the Western Front,Volker Bertelmann,/wiki/All_Quiet_on_the_Western_Front_(2022_film),True
989,2022 (95th),Babylon,Justin Hurwitz,/wiki/Babylon_(2022_film),False
990,2022 (95th),The Banshees of Inisherin,Carter Burwell,/wiki/The_Banshees_of_Inisherin,False
991,2022 (95th),Everything Everywhere All at Once,Son Lux,/wiki/Everything_Everywhere_All_at_Once,False
992,2022 (95th),The Fabelmans,John Williams,/wiki/The_Fabelmans,False
993,2023 (96th),,,,False
994,2023 (96th),American Fiction,Laura Karpman,/wiki/American_Fiction_(film),False
995,2023 (96th),Indiana Jones and the Dial of Destiny,John Williams,/wiki/Indiana_Jones_and_the_Dial_of_Destiny,False
996,2023 (96th),Killers of the Flower Moon,Robbie Robertson (p.n.),/wiki/Killers_of_the_Flower_Moon_(film),False
997,2023 (96th),Oppenheimer,Ludwig Göransson,/wiki/Oppenheimer_(film),False
998,2023 (96th),Poor Things,Jerskin Fendrix,/wiki/Poor_Things_(film),False
