,Year,Film,Nominees,FilmLink,Won
0,1931/32 (5th),,,,False
1,1931/32 (5th),Flowers and Trees,Walt Disney,/wiki/Flowers_and_Trees,True
2,1931/32 (5th),It's Got Me Again!,Leon Schlesinger,/wiki/It%27s_Got_Me_Again!,False
3,1931/32 (5th),Mickey's Orphans,Walt Disney,/wiki/Mickey%27s_Orphans,False
4,1932/33 (6th),,,,False
5,1932/33 (6th),Three Little Pigs,Walt Disney,/wiki/Three_Little_Pigs_(film),True
6,1932/33 (6th),Building a Building,Walt Disney,/wiki/Building_a_Building,False
7,1932/33 (6th),The Merry Old Soul,Walter Lantz,/wiki/The_Merry_Old_Soul,False
8,1934 (7th),,,,False
9,1934 (7th),The Tortoise and the Hare,Walt Disney,/wiki/The_Tortoise_and_the_Hare_(film),True
10,1934 (7th),Holiday Land,Charles Mintz,/wiki/Holiday_Land,False
11,1934 (7th),Jolly Little Elves,Walter Lantz,/wiki/Jolly_Little_Elves,False
12,1935 (8th),,,,False
13,1935 (8th),Three Orphan Kittens,Walt Disney,/wiki/Three_Orphan_Kittens,True
14,1935 (8th),The Calico Dragon,Harman-Ising,/wiki/The_Calico_Dragon,False
15,1935 (8th),Who Killed Cock Robin?,Walt Disney,/wiki/Who_Killed_Cock_Robin%3F_(1935_film),False
16,1936 (9th),,,,False
17,1936 (9th),The Country Cousin,Walt Disney,/wiki/The_Country_Cousin,True
18,1936 (9th),The Old Mill Pond,Harman-Ising,/wiki/The_Old_Mill_Pond,False
19,1936 (9th),Popeye the Sailor Meets Sindbad the Sailor,Max Fleischer,/wiki/Popeye_the_Sailor_Meets_Sindbad_the_Sailor,False
20,1937 (10th),,,,False
21,1937 (10th),The Old Mill,Walt Disney,/wiki/The_Old_Mill,True
22,1937 (10th),Educated Fish,Max Fleischer,/wiki/Educated_Fish,False
23,1937 (10th),Little Match Girl,Charles Mintz,/wiki/The_Little_Match_Girl,False
24,1938 (11th),,,,False
25,1938 (11th),Ferdinand the Bull,Walt Disney,/wiki/Ferdinand_the_Bull_(film),True
26,1938 (11th),Brave Little Tailor,Walt Disney,/wiki/Brave_Little_Tailor,False
27,1938 (11th),Good Scouts,Walt Disney,/wiki/Good_Scouts,False
28,1938 (11th),Hunky and Spunky,Max Fleischer,/wiki/Hunky_and_Spunky,False
29,1938 (11th),Mother Goose Goes Hollywood,Walt Disney,/wiki/Mother_Goose_Goes_Hollywood,False
30,1939 (12th),,,,False
31,1939 (12th),The Ugly Duckling,Walt Disney,/wiki/The_Ugly_Duckling_(1939_film),True
32,1939 (12th),Detouring America,Leon Schlesinger,/wiki/Detouring_America,False
33,1939 (12th),Peace on Earth,Harman-Ising,/wiki/Peace_on_Earth_(film),False
34,1939 (12th),The Pointer,Walt Disney,/wiki/The_Pointer,False
35,1940 (13th),,,,False
36,1940 (13th),The Milky Way,Fred Quimby,/wiki/The_Milky_Way_(1940_film),True
37,1940 (13th),Puss Gets the Boot,Fred Quimby,/wiki/Puss_Gets_the_Boot,False
38,1940 (13th),A Wild Hare,Leon Schlesinger,/wiki/A_Wild_Hare,False
39,1941 (14th),,,,False
40,1941 (14th),Lend a Paw,Walt Disney,/wiki/Lend_a_Paw,True
41,1941 (14th),"Boogie Woogie Bugle Boy of Company ""B""",Walter Lantz,,False
42,1941 (14th),Hiawatha's Rabbit Hunt,Leon Schlesinger,/wiki/Hiawatha%27s_Rabbit_Hunt,False
43,1941 (14th),How War Came,Lawson Harris,,False
44,1941 (14th),The Night Before Christmas,Fred Quimby,/wiki/The_Night_Before_Christmas_(1941_film),False
45,1941 (14th),Rhapsody in Rivets,Leon Schlesinger,/wiki/Rhapsody_in_Rivets,False
46,1941 (14th),Rhythm in the Ranks,George Pal,/wiki/Puppetoons,False
47,1941 (14th),The Rookie Bear,Fred Quimby,/wiki/The_Rookie_Bear,False
48,1941 (14th),Superman,Max Fleischer,/wiki/Superman_(animated_short),False
49,1941 (14th),Truant Officer Donald,Walt Disney,/wiki/Truant_Officer_Donald,False
50,1942 (15th),,,,False
51,1942 (15th),Der Fuehrer's Face,Walt Disney,/wiki/Der_Fuehrer%27s_Face,True
52,1942 (15th),"All Out for ""V""",Paul Terry,,False
53,1942 (15th),Blitz Wolf,Fred Quimby,/wiki/Blitz_Wolf,False
54,1942 (15th),Juke Box Jamboree,Walter Lantz,,False
55,1942 (15th),Pigs in a Polka,Leon Schlesinger,/wiki/Pigs_in_a_Polka,False
56,1942 (15th),Tulips Shall Grow,George Pal,/wiki/Tulips_Shall_Grow,False
57,1943 (16th),,,,False
58,1943 (16th),The Yankee Doodle Mouse,Fred Quimby,/wiki/The_Yankee_Doodle_Mouse,True
59,1943 (16th),The 500 Hats of Bartholomew Cubbins,George Pal,/wiki/The_500_Hats_of_Bartholomew_Cubbins,False
60,1943 (16th),The Dizzy Acrobat,Walter Lantz,/wiki/The_Dizzy_Acrobat,False
61,1943 (16th),Greetings Bait!,Leon Schlesinger,,False
62,1943 (16th),Imagination,Dave Fleischer,,False
63,1943 (16th),Reason and Emotion,Walt Disney,/wiki/Reason_and_Emotion,False
64,1944 (17th),,,,False
65,1944 (17th),Mouse Trouble,Fred Quimby,/wiki/Mouse_Trouble,True
66,1944 (17th),And to Think That I Saw It on Mulberry Street,George Pal,/wiki/And_to_Think_That_I_Saw_It_on_Mulberry_Street,False
67,1944 (17th),"Dog, Cat and Canary",Screen Gems,,False
68,1944 (17th),Fish Fry,Walter Lantz,,False
69,1944 (17th),How to Play Football,Walt Disney,/wiki/How_to_Play_Football,False
70,1944 (17th),"My Boy, Johnny",Paul Terry,,False
71,1944 (17th),Swooner Crooner,Leon Schlesinger,/wiki/Swooner_Crooner,False
72,1945 (18th),,,,False
73,1945 (18th),Quiet Please!,Fred Quimby,/wiki/Quiet_Please!,True
74,1945 (18th),Donald's Crime,Walt Disney,/wiki/Donald%27s_Crime,False
75,1945 (18th),Jasper and the Beanstalk,George Pal,/wiki/Puppetoons,False
76,1945 (18th),Life with Feathers,Edward Selzer,/wiki/Life_with_Feathers,False
77,1945 (18th),Mighty Mouse in Gypsy Life,Paul Terry,/wiki/Mighty_Mouse_in_Gypsy_Life,False
78,1945 (18th),The Poet and Peasant,Walter Lantz,,False
79,1945 (18th),Rippling Romance,Screen Gems,,False
80,1946 (19th),,,,False
81,1946 (19th),The Cat Concerto,Fred Quimby,/wiki/The_Cat_Concerto,True
82,1946 (19th),John Henry and the Inky-Poo,George Pal,/wiki/John_Henry_and_the_Inky-Poo,False
83,1946 (19th),Musical Moments from Chopin,Walter Lantz,/wiki/Musical_Moments_from_Chopin,False
84,1946 (19th),Squatter's Rights,Walt Disney,/wiki/Squatter%27s_Rights_(film),False
85,1946 (19th),Walky Talky Hawky,Edward Selzer,/wiki/Walky_Talky_Hawky,False
86,1947 (20th),,,,False
87,1947 (20th),Tweetie Pie,Edward Selzer,/wiki/Tweetie_Pie,True
88,1947 (20th),Chip an' Dale,Walt Disney,/wiki/Chip_an%27_Dale,False
89,1947 (20th),Dr. Jekyll and Mr. Mouse,Fred Quimby,/wiki/Dr._Jekyll_and_Mr._Mouse,False
90,1947 (20th),Pluto's Blue Note,Walt Disney,/wiki/Pluto%27s_Blue_Note,False
91,1947 (20th),Tubby the Tuba,George Pal,/wiki/Tubby_the_Tuba_(1947_film),False
92,1948 (21st),,,,False
93,1948 (21st),The Little Orphan,Fred Quimby,/wiki/The_Little_Orphan,True
94,1948 (21st),Mickey and the Seal,Walt Disney,/wiki/Mickey_and_the_Seal,False
95,1948 (21st),Mouse Wreckers,Edward Selzer,/wiki/Mouse_Wreckers,False
96,1948 (21st),Robin Hoodlum,United Productions of America,,False
97,1948 (21st),Tea for Two Hundred,Walt Disney,/wiki/Tea_for_Two_Hundred,False
98,1949 (22nd) [note 1][5],,,,False
99,1949 (22nd) [note 1][5],For Scent-imental Reasons,Edward Selzer,/wiki/For_Scent-imental_Reasons,True
100,1949 (22nd) [note 1][5],Canary Row,Edward Selzer,/wiki/Canary_Row,False
101,1949 (22nd) [note 1][5],Hatch Up Your Troubles,Fred Quimby,/wiki/Hatch_Up_Your_Troubles,False
102,1949 (22nd) [note 1][5],Magic Fluke,Stephen Bosustow,,False
103,1949 (22nd) [note 1][5],Toy Tinkers,Walt Disney,/wiki/Toy_Tinkers,False
104,1950 (23rd),,,,False
105,1950 (23rd),Gerald McBoing-Boing,Stephen Bosustow,/wiki/Gerald_McBoing-Boing,True
106,1950 (23rd),Jerry's Cousin,Fred Quimby,/wiki/Jerry%27s_Cousin,False
107,1950 (23rd),Trouble Indemnity,Stephen Bosustow,,False
108,1951 (24th),,,,False
109,1951 (24th),The Two Mouseketeers,Fred Quimby,/wiki/The_Two_Mouseketeers,True
110,1951 (24th),Lambert the Sheepish Lion,Walt Disney,/wiki/Lambert_the_Sheepish_Lion,False
111,1951 (24th),Rooty Toot Toot,Stephen Bosustow,/wiki/Rooty_Toot_Toot,False
112,1952 (25th),,,,False
113,1952 (25th),Johann Mouse,Fred Quimby,/wiki/Johann_Mouse,True
114,1952 (25th),Little Johnny Jet,Fred Quimby,/wiki/Little_Johnny_Jet,False
115,1952 (25th),Madeline,Stephen Bosustow,/wiki/Madeline#In_film,False
116,1952 (25th),Pink and Blue Blues,Stephen Bosustow,,False
117,1952 (25th),Romance of Transportation,Tom Daly,/wiki/The_Romance_of_Transportation_in_Canada,False
118,1953 (26th),,,,False
119,1953 (26th),"Toot, Whistle, Plunk and Boom",Walt Disney,"/wiki/Toot,_Whistle,_Plunk_and_Boom",True
120,1953 (26th),Christopher Crumpet,Stephen Bosustow,,False
121,1953 (26th),From A to Z-Z-Z-Z,Edward Selzer,/wiki/From_A_to_Z-Z-Z-Z,False
122,1953 (26th),Rugged Bear,Walt Disney,/wiki/Rugged_Bear,False
123,1953 (26th),The Tell-Tale Heart,Stephen Bosustow,/wiki/The_Tell-Tale_Heart_(1953_American_film),False
124,1954 (27th),,,,False
125,1954 (27th),When Magoo Flew,Stephen Bosustow,/wiki/When_Magoo_Flew,True
126,1954 (27th),Crazy Mixed Up Pup,Walter Lantz,/wiki/Crazy_Mixed_Up_Pup,False
127,1954 (27th),Pigs Is Pigs,Walt Disney,/wiki/Pigs_Is_Pigs_(1954_film),False
128,1954 (27th),Sandy Claws,Edward Selzer,/wiki/Sandy_Claws_(film),False
129,1954 (27th),"Touché, Pussy Cat!",Fred Quimby,,False
130,1955 (28th),,,,False
131,1955 (28th),Speedy Gonzales,Edward Selzer,/wiki/Speedy_Gonzales_(film),True
132,1955 (28th),Good Will to Men,"Fred Quimby, William Hanna & Joseph Barbera",/wiki/Peace_on_Earth_(film)#Remake,False
133,1955 (28th),The Legend of Rockabye Point,Walter Lantz,/wiki/The_Legend_of_Rockabye_Point,False
134,1955 (28th),No Hunting,Walt Disney,/wiki/No_Hunting,False
135,1956 (29th),,,,False
136,1956 (29th),Magoo's Puddle Jumper,Stephen Bosustow,/wiki/Magoo%27s_Puddle_Jumper,True
137,1956 (29th),Gerald McBoing-Boing on Planet Moo,Stephen Bosustow,,False
138,1956 (29th),The Jaywalker,Stephen Bosustow,,False
139,1957 (30th),,,,False
140,1957 (30th),Birds Anonymous,Edward Selzer,/wiki/Birds_Anonymous,True
141,1957 (30th),One Droopy Knight,William Hanna & Joseph Barbera,/wiki/One_Droopy_Knight,False
142,1957 (30th),Tabasco Road,Edward Selzer,/wiki/Tabasco_Road,False
143,1957 (30th),Trees and Jamaica Daddy,Stephen Bosustow,,False
144,1957 (30th),The Truth About Mother Goose,Walt Disney,/wiki/The_Truth_About_Mother_Goose,False
145,1958 (31st),,,,False
146,1958 (31st),Knighty Knight Bugs,John W. Burton,/wiki/Knighty_Knight_Bugs,True
147,1958 (31st),Paul Bunyan,Walt Disney,/wiki/Paul_Bunyan_(film),False
148,1958 (31st),Sidney's Family Tree,William M. Weiss,,False
149,1959 (32nd),,,,False
150,1959 (32nd),Moonbird,John Hubley,/wiki/Moonbird,True
151,1959 (32nd),Mexicali Shmoes,John W. Burton,/wiki/Mexicali_Shmoes,False
152,1959 (32nd),Noah's Ark,Walt Disney,,False
153,1959 (32nd),The Violinist,Ernest Pintoff,,False
154,1960 (33rd),,,,False
155,1960 (33rd),Munro,William L. Snyder,/wiki/Munro_(film),True
156,1960 (33rd),Goliath II,Walt Disney,/wiki/Goliath_II,False
157,1960 (33rd),High Note,Warner Bros.,/wiki/High_Note_(film),False
158,1960 (33rd),Mouse and Garden,Warner Bros.,/wiki/Mouse_and_Garden,False
159,1960 (33rd),A Place in the Sun,František Vystrčil,,False
160,1961 (34th),,,,False
161,1961 (34th),Ersatz,Zagreb Film,/wiki/Surogat,True
162,1961 (34th),Aquamania,Walt Disney,/wiki/Aquamania,False
163,1961 (34th),Beep Prepared,Chuck Jones,/wiki/Beep_Prepared,False
164,1961 (34th),Nelly's Folly,Chuck Jones,/wiki/Nelly%27s_Folly,False
165,1961 (34th),The Pied Piper of Guadalupe,Friz Freleng,/wiki/The_Pied_Piper_of_Guadalupe,False
166,1962 (35th),,,,False
167,1962 (35th),The Hole,Faith & John Hubley,/wiki/The_Hole_(1962_film),True
168,1962 (35th),Icarus Montgolfier Wright,Jules Engel,,False
169,1962 (35th),Now Hear This,Warner Bros.,/wiki/Now_Hear_This_(film),False
170,1962 (35th),Self Defense—For Cowards,William L. Snyder,,False
171,1962 (35th),A Symposium on Popular Songs,Walt Disney,/wiki/A_Symposium_on_Popular_Songs,False
172,1963 (36th),,,,False
173,1963 (36th),The Critic,Ernest Pintoff,/wiki/The_Critic_(1963_film),True
174,1963 (36th),Automania 2000,John Halas,,False
175,1963 (36th),The Game (Igra),Dušan Vukotić,,False
176,1963 (36th),My Financial Career,Tom Daly & Colin Low,/wiki/My_Financial_Career,False
177,1963 (36th),Pianissimo,Carmen D'Avino,/wiki/Carmen_D%27Avino,False
178,1964 (37th),,,,False
179,1964 (37th),The Pink Phink,David H. DePatie & Friz Freleng,/wiki/The_Pink_Phink,True
180,1964 (37th),Christmas Cracker,National Film Board of Canada,/wiki/Christmas_Cracker_(film),False
181,1964 (37th),Here's Nudnik,William L. Snyder,,False
182,1964 (37th),How to Avoid Friendship,William L. Snyder,,False
183,1965 (38th),,,,False
184,1965 (38th),The Dot and the Line,Les Goldman & Chuck Jones,/wiki/The_Dot_and_the_Line,True
185,1965 (38th),Clay or The Origin of Species,Eli Noyes,/wiki/Eli_Noyes,False
186,1965 (38th),The Thieving Magpie,Emanuele Luzzati,,False
187,1966 (39th),,,,False
188,1966 (39th),A Herb Alpert and the Tijuana Brass Double Feature,Faith & John Hubley,/wiki/A_Herb_Alpert_and_the_Tijuana_Brass_Double_Feature,True
189,1966 (39th),The Drag,Wolf Koenig & Robert Verrall,/wiki/The_Drag_(film),False
190,1966 (39th),The Pink Blueprint,David H. DePatie & Friz Freleng,/wiki/The_Pink_Blueprint,False
191,1967 (40th),,,,False
192,1967 (40th),The Box,Fred Wolf,/wiki/The_Box_(1967_film),True
193,1967 (40th),Hypothese Beta,Jean-Charles Meunier,,False
194,1967 (40th),What on Earth!,Robert Verrall & Wolf Koenig,/wiki/What_on_Earth!_(film),False
195,1968 (41st),,,,False
196,1968 (41st),Winnie the Pooh and the Blustery Day,Walt Disney (p.n.),/wiki/Winnie_the_Pooh_and_the_Blustery_Day,True
197,1968 (41st),The House That Jack Built,Wolf Koenig & Jim MacKay,/wiki/The_House_That_Jack_Built_(1967_film),False
198,1968 (41st),The Magic Pear Tree,Jimmy Murakami,,False
199,1968 (41st),Windy Day,Faith & John Hubley,,False
200,1969 (42nd),,,,False
201,1969 (42nd),It's Tough to Be a Bird,Ward Kimball,/wiki/It%27s_Tough_to_Be_a_Bird,True
202,1969 (42nd),Of Men and Demons,Faith & John Hubley,,False
203,1969 (42nd),Walking,Ryan Larkin,/wiki/Walking_(1968_film),False
204,1970 (43rd),,,,False
205,1970 (43rd),Is It Always Right to Be Right?,Nick Bosustow,/wiki/Is_It_Always_Right_to_Be_Right%3F,True
206,1970 (43rd),The Further Adventures of Uncle Sam,Dale Case & Robert Mitchell,/wiki/The_Further_Adventures_of_Uncle_Sam,False
207,1970 (43rd),The Shepherd,Cameron Guess,,False
208,1971 (44th),,,,False
209,1971 (44th),The Crunch Bird,Ted Petok,/wiki/The_Crunch_Bird,True
210,1971 (44th),Evolution,Michael Mills,/wiki/Evolution_(1971_film),False
211,1971 (44th),The Selfish Giant,Gerald Potterton & Peter Sander,/wiki/The_Selfish_Giant_(1972_film),False
212,1972 (45th),,,,False
213,1972 (45th),A Christmas Carol,Richard Williams,/wiki/A_Christmas_Carol_(TV_special),True
214,1972 (45th),Kama Sutra Rides Again,Bob Godfrey,,False
215,1972 (45th),Tup Tup,Nedeljko Dragić,/wiki/Tup_Tup,False
216,1973 (46th),,,,False
217,1973 (46th),Frank Film,Frank Mouris,/wiki/Frank_Film,True
218,1973 (46th),The Legend of John Henry,David Adams & Nick Bosustow,,False
219,1973 (46th),Pulcinella,Guilo Gianini & Emanuele Luzzati,,False
220,1974 (47th),,,,False
221,1974 (47th),Closed Mondays,Bob Gardiner & Will Vinton,/wiki/Closed_Mondays,True
222,1974 (47th),The Family That Dwelt Apart,Yvon Mallette & Robert Verrall,/wiki/The_Family_That_Dwelt_Apart,False
223,1974 (47th),Hunger,Peter Foldes & René Jodoin,/wiki/Hunger_(1974_film),False
224,1974 (47th),Voyage to Next,Faith & John Hubley,,False
225,1974 (47th),Winnie the Pooh and Tigger Too,Wolfgang Reitherman,/wiki/Winnie_the_Pooh_and_Tigger_Too,False
226,1975 (48th),,,,False
227,1975 (48th),Great,Bob Godfrey,/wiki/Great_(1975_film),True
228,1975 (48th),Kick Me,Robert Swarthe,/wiki/Kick_Me_(film),False
229,1975 (48th),Monsieur Pointu,"René Jodoin, André Leduc & Bernard Longpré",/wiki/Monsieur_Pointu_(film),False
230,1975 (48th),Sisyphus,Marcell Jankovics,/wiki/Sisyphus_(film),False
231,1976 (49th),,,,False
232,1976 (49th),Leisure,Suzanne Baker,/wiki/Leisure_(film),True
233,1976 (49th),Dedalo,Manfredo Manfredi,,False
234,1976 (49th),The Street,Guy Glover & Caroline Leaf,/wiki/The_Street_(1976_film),False
235,1977 (50th),,,,False
236,1977 (50th),The Sand Castle,Co Hoedeman,/wiki/The_Sand_Castle_(film),True
237,1977 (50th),The Bead Game,Ishu Patel,/wiki/Bead_Game,False
238,1977 (50th),A Doonesbury Special,"Faith, John Hubley (p.n.) & Garry Trudeau",/wiki/Doonesbury,False
239,1977 (50th),Jimmy the C,"Robert Grossman, James Picker & Craig Whitaker",/wiki/Jimmy_the_C,False
240,1978 (51st),,,,False
241,1978 (51st),Special Delivery,Eunice Macaulay & John Weldon,/wiki/Special_Delivery_(1978_film),True
242,1978 (51st),Oh My Darling,Nico Crama,,False
243,1978 (51st),Rip Van Winkle,Will Vinton,,False
244,1979 (52nd),,,,False
245,1979 (52nd),Every Child,Derek Lamb,/wiki/Every_Child_(film),True
246,1979 (52nd),Dream Doll,Bob Godfrey & Zlatko Grgić,/wiki/Dream_Doll,False
247,1979 (52nd),It's So Nice to Have a Wolf Around the House,Paul Fierlinger,/wiki/Paul_Fierlinger,False
248,1980 (53rd),,,,False
249,1980 (53rd),The Fly,Ferenc Rofusz,/wiki/The_Fly_(1980_film),True
250,1980 (53rd),All Nothing,Frédéric Back,/wiki/All_Nothing,False
251,1980 (53rd),History of the World in Three Minutes Flat,Michael Mills,/wiki/History_of_the_World_in_Three_Minutes_Flat,False
252,1981 (54th),,,,False
253,1981 (54th),Crac,Frédéric Back,/wiki/Crac,True
254,1981 (54th),The Creation,Will Vinton,,False
255,1981 (54th),The Tender Tale of Cinderella Penguin,Janet Perlman,/wiki/The_Tender_Tale_of_Cinderella_Penguin,False
256,1982 (55th),,,,False
257,1982 (55th),Tango,Zbigniew Rybczyński,/wiki/Tango_(1981_film),True
258,1982 (55th),The Great Cognito,Will Vinton,/wiki/The_Great_Cognito,False
259,1982 (55th),The Snowman,John Coates & Dianne Jackson,/wiki/The_Snowman#Animated_television_special,False
260,1983 (56th),,,,False
261,1983 (56th),Sundae in New York,Jimmy Picker,/wiki/Sundae_in_New_York,True
262,1983 (56th),Mickey's Christmas Carol,Burny Mattinson,/wiki/Mickey%27s_Christmas_Carol,False
263,1983 (56th),Sound of Sunshine – Sound of Rain,Eda Godel Hallinan,,False
264,1984 (57th),,,,False
265,1984 (57th),Charade,Jon Minnis,/wiki/Charade_(1984_film),True
266,1984 (57th),Doctor DeSoto,Morton Schindel & Michael Sporn,/wiki/Doctor_DeSoto,False
267,1984 (57th),Paradise,Ishu Patel,/wiki/Paradise_(1984_film),False
268,1985 (58th),,,,False
269,1985 (58th),Anna & Bella,Cilia van Dijk,/wiki/Anna_%26_Bella,True
270,1985 (58th),The Big Snit,Richard Condie & Michael Scott,/wiki/The_Big_Snit,False
271,1985 (58th),Second Class Mail,Alison Snowden,,False
272,1986 (59th),,,,False
273,1986 (59th),A Greek Tragedy,Willem Thijsen & Linda Van Tulden,/wiki/A_Greek_Tragedy,True
274,1986 (59th),"The Frog, the Dog and the Devil",Bob Stenhouse,"/wiki/The_Frog,_the_Dog_and_the_Devil",False
275,1986 (59th),Luxo Jr.,John Lasseter & Bill Reeves,/wiki/Luxo_Jr.,False
276,1987 (60th),,,,False
277,1987 (60th),The Man Who Planted Trees,Frédéric Back,/wiki/The_Man_Who_Planted_Trees_(film),True
278,1987 (60th),George and Rosemary,Eunice Macaulay,/wiki/George_and_Rosemary,False
279,1987 (60th),Your Face,Bill Plympton,/wiki/Your_Face,False
280,1988 (61st),,,,False
281,1988 (61st),Tin Toy,John Lasseter & Bill Reeves,/wiki/Tin_Toy,True
282,1988 (61st),The Cat Came Back,Cordell Barker,/wiki/The_Cat_Came_Back_(1988_film),False
283,1988 (61st),Technological Threat,Brian Jennings & Bill Kroyer,/wiki/Technological_Threat,False
284,1989 (62nd),,,,False
285,1989 (62nd),Balance,Wolfgang & Christoph Lauenstein,/wiki/Balance_(1989_film),True
286,1989 (62nd),The Cow,Aleksandr Petrov,/wiki/The_Cow_(1989_film),False
287,1989 (62nd),The Hill Farm,Mark Baker,/wiki/Mark_Baker_(animator),False
288,1990 (63rd),,,,False
289,1990 (63rd),Creature Comforts,Nick Park,/wiki/Creature_Comforts,True
290,1990 (63rd),A Grand Day Out,Nick Park,/wiki/A_Grand_Day_Out,False
291,1990 (63rd),Grasshoppers,Bruno Bozzetto,/wiki/Grasshoppers_(Cavallette),False
292,1991 (64th),,,,False
293,1991 (64th),Manipulation,Daniel Greaves,/wiki/Manipulation_(film),True
294,1991 (64th),Blackfly,Christopher Hinton,/wiki/Blackfly_(film),False
295,1991 (64th),Strings,Wendy Tilby,/wiki/Strings_(1991_film),False
296,1992 (65th),,,,False
297,1992 (65th),Mona Lisa Descending a Staircase,Joan C. Gratz,/wiki/Mona_Lisa_Descending_a_Staircase,True
298,1992 (65th),Adam,Peter Lord,/wiki/Adam_(1992_film),False
299,1992 (65th),"Reci, Reci, Reci...",Michaela Pavlátová,/wiki/Michaela_Pavl%C3%A1tov%C3%A1,False
300,1992 (65th),The Sandman,Paul Berry,/wiki/The_Sandman_(1991_film),False
301,1992 (65th),Screen Play,Barry Purves,/wiki/Barry_Purves,False
302,1993 (66th),,,,False
303,1993 (66th),The Wrong Trousers,Nick Park,/wiki/The_Wrong_Trousers,True
304,1993 (66th),Blindscape,Stephen Palmer,,False
305,1993 (66th),The Mighty River,Frédéric Back & Hubert Tison,/wiki/The_Mighty_River,False
306,1993 (66th),Small Talk,Kevin Baldwin & Bob Godfrey,,False
307,1993 (66th),The Village,Mark Baker,/wiki/The_Village_(Animation),False
308,1994 (67th),,,,False
309,1994 (67th),Bob's Birthday,David Fine & Alison Snowden,/wiki/Bob%27s_Birthday,True
310,1994 (67th),The Big Story,David Stoten & Tim Watts,/wiki/The_Big_Story_(1994_film),False
311,1994 (67th),The Janitor,Vanessa Schwartz,,False
312,1994 (67th),The Monk and the Fish,Michaël Dudok de Wit,/wiki/The_Monk_and_the_Fish,False
313,1994 (67th),Triangle,Erica Russell,,False
314,1995 (68th),,,,False
315,1995 (68th),A Close Shave,Nick Park,/wiki/A_Close_Shave,True
316,1995 (68th),The Chicken from Outer Space,John R. Dilworth,/wiki/The_Chicken_from_Outer_Space,False
317,1995 (68th),The End,Robin Bargar & Chris Landreth,,False
318,1995 (68th),Gagarin,Alexij Kharitidi,,False
319,1995 (68th),Runaway Brain,Chris Bailey,/wiki/Runaway_Brain,False
320,1996 (69th),,,,False
321,1996 (69th),Quest,Tyron Montgomery & Thomas Stellmach,/wiki/Quest_(1996_film),True
322,1996 (69th),Canhead,Timothy Hittle & Chris Peterson,,False
323,1996 (69th),La Salla,Richard Condie,/wiki/La_Salla,False
324,1996 (69th),Wat's Pig,Peter Lord,/wiki/Wat%27s_Pig,False
325,1997 (70th),,,,False
326,1997 (70th),Geri's Game,Jan Pinkava,/wiki/Geri%27s_Game,True
327,1997 (70th),Famous Fred,Joanna Quinn,/wiki/Famous_Fred,False
328,1997 (70th),The Mermaid,Aleksandr Petrov,/wiki/Rusalka_(1996_film),False
329,1997 (70th),The Old Lady and the Pigeons,Sylvain Chomet,/wiki/The_Old_Lady_and_the_Pigeons,False
330,1997 (70th),Redux Riding Hood,Steve Moore,/wiki/Redux_Riding_Hood,False
331,1998 (71st),,,,False
332,1998 (71st),Bunny,Chris Wedge,/wiki/Bunny_(1998_film),True
333,1998 (71st),The Canterbury Tales,Christopher Grace & Jonathan Myerson,/wiki/The_Canterbury_Tales#Film_and_television,False
334,1998 (71st),Jolly Roger,Mark Baker,,False
335,1998 (71st),More,Steven Kalafer & Mark Osborne,/wiki/More_(1998_film),False
336,1998 (71st),When Life Departs,Stefan Fjeldmark & Karsten Kiilerich,/wiki/When_Life_Departs,False
337,1999 (72nd),,,,False
338,1999 (72nd),The Old Man and the Sea,Aleksandr Petrov,/wiki/The_Old_Man_and_the_Sea_(1999_film),True
339,1999 (72nd),3 Misses,Paul Driessen,,False
340,1999 (72nd),Humdrum,Peter Peake,/wiki/Humdrum,False
341,1999 (72nd),My Grandmother Ironed the King's Shirts,Torill Kove,/wiki/My_Grandmother_Ironed_the_King%27s_Shirts,False
342,1999 (72nd),When the Day Breaks,Wendy Tilby and Amanda Forbis,/wiki/When_the_Day_Breaks,False
343,2000 (73rd),,,,False
344,2000 (73rd),Father and Daughter,Michaël Dudok de Wit,/wiki/Father_and_Daughter_(film),True
345,2000 (73rd),The Periwig-Maker,Steffen & Annette Schäffler,/wiki/Periwig_Maker,False
346,2000 (73rd),Rejected,Don Hertzfeldt,/wiki/Rejected,False
347,2001 (74th),,,,False
348,2001 (74th),For the Birds,Ralph Eggleston,/wiki/For_the_Birds_(film),True
349,2001 (74th),Fifty Percent Grey,Seamus Byrne & Ruairí Robinson,,False
350,2001 (74th),Give Up Yer Aul Sins,Cathal Gaffney & Darragh O'Connell,,False
351,2001 (74th),Strange Invaders,Cordell Barker,/wiki/Strange_Invaders_(2002_film),False
352,2001 (74th),Stubble Trouble,Joseph E. Merideth,/wiki/Stubble_Trouble,False
353,2002 (75th),,,,False
354,2002 (75th),The ChubbChubbs!,Eric Armstrong,/wiki/The_ChubbChubbs!,True
355,2002 (75th),The Cathedral,Tomek Baginski,/wiki/The_Cathedral_(2002_film),False
356,2002 (75th),Das Rad,Chris Stenner & Heidi Wittlinger,/wiki/Das_Rad,False
357,2002 (75th),Mike's New Car,Pete Docter & Roger L. Gould,/wiki/Mike%27s_New_Car,False
358,2002 (75th),Mt. Head,Kōji Yamamura,/wiki/Mt._Head,False
359,2003 (76th),,,,False
360,2003 (76th),Harvie Krumpet,Adam Elliot,/wiki/Harvie_Krumpet,True
361,2003 (76th),Boundin',Bud Luckey,/wiki/Boundin%27,False
362,2003 (76th),Destino,Roy E. Disney & Dominique Monféry,/wiki/Destino,False
363,2003 (76th),Gone Nutty,John C. Donkin & Carlos Saldanha,/wiki/Gone_Nutty,False
364,2003 (76th),Nibbles,Chris Hinton,/wiki/Nibbles_(film),False
365,2004 (77th),,,,False
366,2004 (77th),Ryan,Chris Landreth,/wiki/Ryan_(film),True
367,2004 (77th),Birthday Boy,Andrew Gregory & Sejong Park,/wiki/Birthday_Boy_(2004_film),False
368,2004 (77th),Gopher Broke,Jeff Fowler & Tim Miller,/wiki/Gopher_Broke_(2004_film),False
369,2004 (77th),Guard Dog,Bill Plympton,/wiki/Guard_Dog_(film),False
370,2004 (77th),Lorenzo,Baker Bloodworth & Mike Gabriel,/wiki/Lorenzo_(film),False
371,2005 (78th),,,,False
372,2005 (78th),The Moon and the Son: An Imagined Conversation,John Canemaker & Peggy Stern,/wiki/The_Moon_and_the_Son:_An_Imagined_Conversation,True
373,2005 (78th),9,Shane Acker,/wiki/9_(2005_film),False
374,2005 (78th),Badgered,Sharon Colman,/wiki/Badgered,False
375,2005 (78th),The Mysterious Geographic Explorations of Jasper Morello,Anthony Lucas,/wiki/The_Mysterious_Geographic_Explorations_of_Jasper_Morello,False
376,2005 (78th),One Man Band,Mark Andrews & Andrew Jimenez,/wiki/One_Man_Band_(film),False
377,2006 (79th),,,,False
378,2006 (79th),The Danish Poet,Torill Kove,/wiki/The_Danish_Poet,True
379,2006 (79th),Lifted,Gary Rydstrom,/wiki/Lifted_(2006_film),False
380,2006 (79th),The Little Matchgirl,Roger Allers & Don Hahn,/wiki/The_Little_Matchgirl_(film),False
381,2006 (79th),Maestro,Géza M. Tóth,/wiki/Maestro_(2005_film),False
382,2006 (79th),No Time for Nuts,Chris Renaud & Mike Thurmeier,/wiki/No_Time_for_Nuts,False
383,2007 (80th),,,,False
384,2007 (80th),Peter & the Wolf,Suzie Templeton & Hugh Welchman,/wiki/Peter_%26_the_Wolf_(2006_film),True
385,2007 (80th),Even Pigeons Go to Heaven,Samuel Tourneux & Simon Vanesse,/wiki/Even_Pigeons_Go_to_Heaven,False
386,2007 (80th),I Met the Walrus,Josh Raskin,/wiki/I_Met_the_Walrus,False
387,2007 (80th),Madame Tutli-Putli,Chris Lavis & Maciek Szczerbowski,/wiki/Madame_Tutli-Putli,False
388,2007 (80th),My Love,Aleksandr Petrov,/wiki/My_Love_(2006_film),False
389,2008 (81st),,,,False
390,2008 (81st),La Maison en Petits Cubes,Kunio Katō,/wiki/La_Maison_en_Petits_Cubes,True
391,2008 (81st),Lavatory – Lovestory,Konstantin Bronzit,/wiki/Lavatory_%E2%80%93_Lovestory,False
392,2008 (81st),Oktapodi,Thierry Marchand & Emud Mokhberi,/wiki/Oktapodi,False
393,2008 (81st),Presto,Doug Sweetland,/wiki/Presto_(film),False
394,2008 (81st),This Way Up,Adam Foulkes & Alan Smith,/wiki/This_Way_Up_(film),False
395,2009 (82nd),,,,False
396,2009 (82nd),Logorama,Nicolas Schmerkin,/wiki/Logorama,True
397,2009 (82nd),French Roast,Fabrice Joubert,/wiki/French_Roast,False
398,2009 (82nd),Granny O'Grimm's Sleeping Beauty,Darragh O'Connell & Nicky Phelan,/wiki/Granny_O%27Grimm%27s_Sleeping_Beauty,False
399,2009 (82nd),The Lady and the Reaper,Javier Recio Gracia,/wiki/The_Lady_and_the_Reaper,False
400,2009 (82nd),A Matter of Loaf and Death,Nick Park,/wiki/A_Matter_of_Loaf_and_Death,False
401,2010 (83rd),,,,False
402,2010 (83rd),The Lost Thing,Andrew Ruhemann & Shaun Tan,/wiki/The_Lost_Thing,True
403,2010 (83rd),Day & Night,Teddy Newton,/wiki/Day_%26_Night_(2010_film),False
404,2010 (83rd),The Gruffalo,Max Lang & Jakob Schuh,/wiki/The_Gruffalo_(film),False
405,2010 (83rd),Let's Pollute,Geefwee Boedoe,/wiki/Let%27s_Pollute,False
406,2010 (83rd),"Madagascar, a Journey Diary",Bastien Dubois,"/wiki/Madagascar,_a_Journey_Diary",False
407,2011 (84th),,,,False
408,2011 (84th),The Fantastic Flying Books of Mr. Morris Lessmore,William Joyce & Brandon Oldenburg,/wiki/The_Fantastic_Flying_Books_of_Mr._Morris_Lessmore,True
409,2011 (84th),La Luna,Enrico Casarosa,/wiki/La_Luna_(2011_film),False
410,2011 (84th),A Morning Stroll,Sue Goffe & Grant Orchard,/wiki/A_Morning_Stroll,False
411,2011 (84th),Sunday,Patrick Doyon,/wiki/Sunday_(2011_film),False
412,2011 (84th),Wild Life,Amanda Forbis & Wendy Tilby,/wiki/Wild_Life_(2011_film),False
413,2012 (85th),,,,False
414,2012 (85th),Paperman,John Kahrs,/wiki/Paperman,True
415,2012 (85th),Adam and Dog,Minkyu Lee,/wiki/Adam_and_Dog,False
416,2012 (85th),Fresh Guacamole,PES,/wiki/Fresh_Guacamole,False
417,2012 (85th),Head Over Heels,Fodhla Cronin O'Reilly & Timothy Reckart,/wiki/Head_over_Heels_(2012_film),False
418,2012 (85th),The Longest Daycare,David Silverman,/wiki/The_Longest_Daycare,False
419,2013 (86th),,,,False
420,2013 (86th),Mr Hublot,Laurent Witz & Alexandre Espigares,/wiki/Mr_Hublot,True
421,2013 (86th),Feral,Daniel Sousa & Dan Golden,/wiki/Feral_(2012_film),False
422,2013 (86th),Get a Horse!,Lauren MacMullan & Dorothy McKim,/wiki/Get_a_Horse!,False
423,2013 (86th),Possessions,Shuhei Morita,/wiki/Short_Peace#Possessions,False
424,2013 (86th),Room on the Broom,Max Lang & Jan Lachauer,/wiki/Room_on_the_Broom_(film),False
425,2014 (87th),,,,False
426,2014 (87th),Feast,Patrick Osborne & Kristina Reed,/wiki/Feast_(2014_film),True
427,2014 (87th),The Bigger Picture,Christopher Hees & Daisy Jacobs,/wiki/The_Bigger_Picture_(film),False
428,2014 (87th),The Dam Keeper,Robert Kondo & Dice Tsutsumi,/wiki/The_Dam_Keeper,False
429,2014 (87th),Me and My Moulton,Torill Kove,/wiki/Me_and_My_Moulton,False
430,2014 (87th),A Single Life,Joris Oprins,/wiki/A_Single_Life_(2014_film),False
431,2015 (88th),,,,False
432,2015 (88th),Bear Story,Pato Escala Pierart & Gabriel Osorio Vargas,/wiki/Bear_Story,True
433,2015 (88th),Prologue,Imogen Sutton & Richard Williams,/wiki/Prologue_(2015_film),False
434,2015 (88th),Sanjay's Super Team,Sanjay Patel & Nicole Paradis Grindle,/wiki/Sanjay%27s_Super_Team,False
435,2015 (88th),We Can't Live Without Cosmos,Konstantin Bronzit,/wiki/We_Can%27t_Live_Without_Cosmos,False
436,2015 (88th),World of Tomorrow,Don Hertzfeldt,/wiki/World_of_Tomorrow_(film),False
437,2016 (89th) [6],,,,False
438,2016 (89th) [6],Piper,Alan Barillaro & Marc Sondheimer,/wiki/Piper_(film),True
439,2016 (89th) [6],Blind Vaysha,Theodore Ushev,/wiki/Blind_Vaysha,False
440,2016 (89th) [6],Borrowed Time,Andrew Coats & Lou Hamou-Lhadj,/wiki/Borrowed_Time_(film),False
441,2016 (89th) [6],Pear Cider and Cigarettes,Cara Speller & Robert Valley,/wiki/Pear_Cider_and_Cigarettes,False
442,2016 (89th) [6],Pearl,Patrick Osborne,/wiki/Pearl_(2016_film),False
443,2017 (90th) [7],,,,False
444,2017 (90th) [7],Dear Basketball,Glen Keane & Kobe Bryant,/wiki/Dear_Basketball,True
445,2017 (90th) [7],Garden Party,Victor Caire & Gabriel Grapperon,/wiki/Garden_Party_(2017_film),False
446,2017 (90th) [7],Lou,Dave Mullins & Dana Murray,/wiki/Lou_(2017_film),False
447,2017 (90th) [7],Negative Space,Ru Kuwahata & Max Porter,/wiki/Negative_Space_(film),False
448,2017 (90th) [7],Revolting Rhymes,Jakob Schuh & Jan Lachauer,/wiki/Revolting_Rhymes_(film),False
449,2018 (91st),,,,False
450,2018 (91st),Bao,Becky Neiman-Cobb & Domee Shi,/wiki/Bao_(film),True
451,2018 (91st),Animal Behaviour,David Fine & Alison Snowden,/wiki/Animal_Behaviour_(film),False
452,2018 (91st),Late Afternoon,Louise Bagnall & Nuria González Blanco,/wiki/Late_Afternoon_(film),False
453,2018 (91st),One Small Step,Andrew Chesworth & Bobby Pontillas,/wiki/One_Small_Step_(film),False
454,2018 (91st),Weekends,Trevor Jimenez,/wiki/Weekends_(2017_film),False
455,2019 (92nd),,,,False
456,2019 (92nd),Hair Love,Matthew A. Cherry & Karen Rupert Toliver,/wiki/Hair_Love,True
457,2019 (92nd),Daughter,Daria Kashcheeva,/wiki/Daughter_(2019_film),False
458,2019 (92nd),Kitbull,Kathryn Hendrickson & Rosana Sullivan,/wiki/Kitbull,False
459,2019 (92nd),Mémorable,Bruno Collet & Jean-François Le Corre,/wiki/M%C3%A9morable,False
460,2019 (92nd),Sister,Siqi Song,/wiki/Sister_(2018_film),False
461,2020/21 (93rd),,,,False
462,2020/21 (93rd),If Anything Happens I Love You,Michael Govier & Will McCormack,/wiki/If_Anything_Happens_I_Love_You,True
463,2020/21 (93rd),Burrow,Michael Capbarat & Madeline Sharafian,/wiki/Burrow_(film),False
464,2020/21 (93rd),Genius Loci,Adrien Mérigeau & Amaury Ovise,/wiki/Genius_Loci_(film),False
465,2020/21 (93rd),Opera,Erick Oh,/wiki/Opera_(2020_film),False
466,2020/21 (93rd),Yes-People,Arnar Gunnarsson & Gísli Darri Halldórsson,/wiki/Yes-People,False
467,2021 (94th),The Windshield Wiper,Alberto Mielgo & Leo Sanchez,/wiki/The_Windshield_Wiper,True
468,2021 (94th),Affairs of the Art,Joanna Quinn and Les Mills,/wiki/Affairs_of_the_Art,False
469,2021 (94th),Bestia,Hugo Covarrubias and Tevo Díaz,/wiki/Bestia_(2021_film),False
470,2021 (94th),Boxballet,Anton Dyakov,/wiki/Boxballet,False
471,2021 (94th),Robin Robin,Dan Ojari and Mikey Please,/wiki/Robin_Robin,False
472,2022 (95th),,,,False
473,2022 (95th),"The Boy, the Mole, the Fox and the Horse",Charlie Mackesy and Matthew Freud,"/wiki/The_Boy,_the_Mole,_the_Fox_and_the_Horse_(film)",True
474,2022 (95th),The Flying Sailor,Amanda Forbis & Wendy Tilby,/wiki/The_Flying_Sailor,False
475,2022 (95th),Ice Merchants,João Gonzalez and Bruno Caetano,/wiki/Ice_Merchants,False
476,2022 (95th),My Year of Dicks,Sara Gunnarsdóttir and Pamela Ribon,/wiki/My_Year_of_Dicks,False
477,2022 (95th),An Ostrich Told Me the World Is Fake and I Think I Believe It,Lachlan Pendragon,/wiki/An_Ostrich_Told_Me_the_World_Is_Fake_and_I_Think_I_Believe_It,False
478,2023 (96th),Letter to a Pig,Tal Kantor,/wiki/Letter_to_a_Pig,False
479,2023 (96th),Ninety-Five Senses,Jared Hess and Jerusha Hess,/wiki/Ninety-Five_Senses,False
480,2023 (96th),Our Uniform,Yegane Moghaddam,,False
481,2023 (96th),Pachyderme,Stéphanie Clément,/wiki/Pachyderme,False
482,2023 (96th),War Is Over! Inspired by the Music of John & Yoko,Dave Mullins,/wiki/War_Is_Over!,False
483,2023 (96th),,,,False
