,Year,Film,Nominees,FilmLink,Won
0,1927/28 (1st),,,,False
1,1927/28 (1st),Sunrise: A Song of Two Humans,Charles Rosher Karl Struss,/wiki/Sunrise:_A_Song_of_Two_Humans,True
2,1927/28 (1st),The Devil Dancer,George Barnes,/wiki/The_Devil_Dancer,False
3,1927/28 (1st),The Magic Flame,George Barnes,/wiki/The_Magic_Flame,False
4,1927/28 (1st),Sadie Thompson,George Barnes,/wiki/Sadie_Thompson_(film),False
5,1928/29 (2nd) [note 1],,,,False
6,1928/29 (2nd) [note 1],White Shadows in the South Seas,Clyde De Vinna,/wiki/White_Shadows_in_the_South_Seas,True
7,1928/29 (2nd) [note 1],The Divine Lady,John F. Seitz,/wiki/The_Divine_Lady,False
8,1928/29 (2nd) [note 1],4 Devils,Ernest Palmer,/wiki/4_Devils,False
9,1928/29 (2nd) [note 1],In Old Arizona,Arthur Edeson,/wiki/In_Old_Arizona,False
10,1928/29 (2nd) [note 1],Our Dancing Daughters,George Barnes,/wiki/Our_Dancing_Daughters,False
11,1928/29 (2nd) [note 1],Street Angel,Ernest Palmer,/wiki/Street_Angel_(1928_film),False
12,1929/30 (3rd),,,,False
13,1929/30 (3rd),With Byrd at the South Pole,Joseph T. Rucker and Willard Van der Veer,/wiki/With_Byrd_at_the_South_Pole,True
14,1929/30 (3rd),All Quiet on the Western Front,Arthur Edeson,/wiki/All_Quiet_on_the_Western_Front_(1930_film),False
15,1929/30 (3rd),Anna Christie,William H. Daniels,/wiki/Anna_Christie_(1930_English-language_film),False
16,1929/30 (3rd),Hell's Angels,Tony Gaudio and Harry Perry,/wiki/Hell%27s_Angels_(film),False
17,1929/30 (3rd),The Love Parade,Victor Milner,/wiki/The_Love_Parade,False
18,1930/31 (4th),,,,False
19,1930/31 (4th),Tabu: A Story of the South Seas,Floyd Crosby,/wiki/Tabu:_A_Story_of_the_South_Seas,True
20,1930/31 (4th),Cimarron,Edward Cronjager,/wiki/Cimarron_(1931_film),False
21,1930/31 (4th),Morocco,Lee Garmes,/wiki/Morocco_(film),False
22,1930/31 (4th),The Right to Love,Charles Lang,/wiki/The_Right_to_Love_(1930_American_film),False
23,1930/31 (4th),Svengali,Barney McGill,/wiki/Svengali_(1931_film),False
24,1931/32 (5th),,,,False
25,1931/32 (5th),Shanghai Express,Lee Garmes,/wiki/Shanghai_Express_(film),True
26,1931/32 (5th),Arrowsmith,Ray June,/wiki/Arrowsmith_(film),False
27,1931/32 (5th),Dr. Jekyll and Mr. Hyde,Karl Struss,/wiki/Dr._Jekyll_and_Mr._Hyde_(1931_film),False
28,1932/33 (6th),,,,False
29,1932/33 (6th),A Farewell to Arms,Charles Lang,/wiki/A_Farewell_to_Arms_(1932_film),True
30,1932/33 (6th),Reunion in Vienna,George Folsey,/wiki/Reunion_in_Vienna,False
31,1932/33 (6th),The Sign of the Cross,Karl Struss,/wiki/The_Sign_of_the_Cross_(1932_film),False
32,1934 (7th),,,,False
33,1934 (7th),Cleopatra,Victor Milner,/wiki/Cleopatra_(1934_film),True
34,1934 (7th),The Affairs of Cellini,Charles Rosher,/wiki/The_Affairs_of_Cellini,False
35,1934 (7th),Operator 13,George Folsey,/wiki/Operator_13,False
36,1935 (8th),,,,False
37,1935 (8th),A Midsummer Night's Dream,Hal Mohr [note 2],/wiki/A_Midsummer_Night%27s_Dream_(1935_film),True
38,1935 (8th),Barbary Coast,Ray June,/wiki/Barbary_Coast_(film),False
39,1935 (8th),The Crusades,Victor Milner,/wiki/The_Crusades_(1935_film),False
40,1935 (8th),Les Misérables,Gregg Toland,/wiki/Les_Mis%C3%A9rables_(1935_film),False
41,1936 (9th),,,,False
42,1936 (9th),Black-and-White,Black-and-White,,False
43,1936 (9th),Anthony Adverse,Tony Gaudio,/wiki/Anthony_Adverse,True
44,1936 (9th),The General Died at Dawn,Victor Milner,/wiki/The_General_Died_at_Dawn,False
45,1936 (9th),The Gorgeous Hussy,George Folsey,/wiki/The_Gorgeous_Hussy,False
46,1936 (9th),Color (Special Achievement),Color (Special Achievement),,False
47,1936 (9th),The Garden of Allah,W. Howard Greene and Harold Rosson,/wiki/The_Garden_of_Allah_(1936_film),True
48,1937 (10th),,,,False
49,1937 (10th),Black-and-White,Black-and-White,,False
50,1937 (10th),The Good Earth,Karl Freund,/wiki/The_Good_Earth_(film),True
51,1937 (10th),Dead End,Gregg Toland,/wiki/Dead_End_(1937_film),False
52,1937 (10th),Wings over Honolulu,Joseph Valentine,/wiki/Wings_over_Honolulu,False
53,1937 (10th),Color (Special Achievement),Color (Special Achievement),,False
54,1937 (10th),A Star Is Born,W. Howard Greene,/wiki/A_Star_Is_Born_(1937_film),True
55,1938 (11th),,,,False
56,1938 (11th),Black-and-White,Black-and-White,,False
57,1938 (11th),The Great Waltz,Joseph Ruttenberg,/wiki/The_Great_Waltz_(1938_film),True
58,1938 (11th),Algiers,James Wong Howe,/wiki/Algiers_(film),False
59,1938 (11th),Army Girl,Ernest Miller and Harry J. Wild,/wiki/Army_Girl,False
60,1938 (11th),The Buccaneer,Victor Milner,/wiki/The_Buccaneer_(1938_film),False
61,1938 (11th),Jezebel,Ernest Haller,/wiki/Jezebel_(1938_film),False
62,1938 (11th),Mad About Music,Joseph Valentine,/wiki/Mad_About_Music,False
63,1938 (11th),Merrily We Live,Norbert Brodine,/wiki/Merrily_We_Live,False
64,1938 (11th),Suez,J. Peverell Marley,/wiki/Suez_(film),False
65,1938 (11th),Vivacious Lady,Robert De Grasse,/wiki/Vivacious_Lady,False
66,1938 (11th),You Can't Take It with You,Joseph Walker,/wiki/You_Can%27t_Take_It_with_You_(film),False
67,1938 (11th),The Young in Heart,Leon Shamroy,/wiki/The_Young_in_Heart,False
68,1938 (11th),Color (Special Achievement),Color (Special Achievement),,False
69,1938 (11th),Sweethearts,Oliver T. Marsh and Allen Davey,/wiki/Sweethearts_(1938_film),True
70,1939 (12th),,,,False
71,1939 (12th),Black-and-White [note 3][9],Black-and-White [note 3][9],,False
72,1939 (12th),Wuthering Heights,Gregg Toland,/wiki/Wuthering_Heights_(1939_film),True
73,1939 (12th),Stagecoach,Bert Glennon,/wiki/Stagecoach_(1939_film),False
74,1939 (12th),Color [note 4][9],Color [note 4][9],,False
75,1939 (12th),Gone with the Wind,Ernest Haller and Ray Rennahan,/wiki/Gone_with_the_Wind_(film),True
76,1939 (12th),The Private Lives of Elizabeth and Essex,Sol Polito and W. Howard Greene,/wiki/The_Private_Lives_of_Elizabeth_and_Essex,False
77,1940 (13th),,,,False
78,1940 (13th),Black-and-White,Black-and-White,,False
79,1940 (13th),Rebecca,George Barnes,/wiki/Rebecca_(1940_film),True
80,1940 (13th),Abe Lincoln in Illinois,James Wong Howe,/wiki/Abe_Lincoln_in_Illinois_(film),False
81,1940 (13th),"All This, and Heaven Too",Ernest Haller,"/wiki/All_This,_and_Heaven_Too",False
82,1940 (13th),"Arise, My Love",Charles Lang,"/wiki/Arise,_My_Love",False
83,1940 (13th),Boom Town,Harold Rosson,/wiki/Boom_Town_(film),False
84,1940 (13th),Foreign Correspondent,Rudolph Maté,/wiki/Foreign_Correspondent_(film),False
85,1940 (13th),The Letter,Tony Gaudio,/wiki/The_Letter_(1940_film),False
86,1940 (13th),The Long Voyage Home,Gregg Toland,/wiki/The_Long_Voyage_Home,False
87,1940 (13th),Spring Parade,Joseph Valentine,/wiki/Spring_Parade,False
88,1940 (13th),Waterloo Bridge,Joseph Ruttenberg,/wiki/Waterloo_Bridge_(1940_film),False
89,1940 (13th),Color,Color,,False
90,1940 (13th),The Thief of Bagdad,Georges Périnal,/wiki/The_Thief_of_Bagdad_(1940_film),True
91,1940 (13th),Bitter Sweet,Oliver T. Marsh and Allen M. Davey,/wiki/Bitter_Sweet_(1940_film),False
92,1940 (13th),The Blue Bird,Arthur C. Miller and Ray Rennahan,/wiki/The_Blue_Bird_(1940_film),False
93,1940 (13th),Down Argentine Way,Leon Shamroy and Ray Rennahan,/wiki/Down_Argentine_Way,False
94,1940 (13th),North West Mounted Police,Victor Milner and W. Howard Greene,/wiki/North_West_Mounted_Police_(film),False
95,1940 (13th),Northwest Passage,Sidney Wagner and William V. Skall,/wiki/Northwest_Passage_(film),False
96,1941 (14th),,,,False
97,1941 (14th),Black-and-White,Black-and-White,,False
98,1941 (14th),How Green Was My Valley,Arthur C. Miller,/wiki/How_Green_Was_My_Valley_(film),True
99,1941 (14th),The Chocolate Soldier,Karl Freund,/wiki/The_Chocolate_Soldier_(film),False
100,1941 (14th),Citizen Kane,Gregg Toland,/wiki/Citizen_Kane,False
101,1941 (14th),Dr. Jekyll and Mr. Hyde,Joseph Ruttenberg,/wiki/Dr._Jekyll_and_Mr._Hyde_(1941_film),False
102,1941 (14th),Here Comes Mr. Jordan,Joseph Walker,/wiki/Here_Comes_Mr._Jordan,False
103,1941 (14th),Hold Back the Dawn,Leo Tover,/wiki/Hold_Back_the_Dawn,False
104,1941 (14th),Sergeant York,Sol Polito,/wiki/Sergeant_York_(film),False
105,1941 (14th),Sun Valley Serenade,Edward Cronjager,/wiki/Sun_Valley_Serenade,False
106,1941 (14th),Sundown,Charles Lang,/wiki/Sundown_(1941_film),False
107,1941 (14th),That Hamilton Woman,Rudolph Maté,/wiki/That_Hamilton_Woman,False
108,1941 (14th),Color,Color,,False
109,1941 (14th),Blood and Sand,Ernest Palmer and Ray Rennahan,/wiki/Blood_and_Sand_(1941_film),True
110,1941 (14th),Aloma of the South Seas,"Wilfred M. Cline, Karl Struss and William E. Snyder",/wiki/Aloma_of_the_South_Seas_(1941_film),False
111,1941 (14th),Billy the Kid,William V. Skall and Leonard Smith,/wiki/Billy_the_Kid_(1941_film),False
112,1941 (14th),Blossoms in the Dust,Karl Freund and W. Howard Greene,/wiki/Blossoms_in_the_Dust,False
113,1941 (14th),Dive Bomber,Bert Glennon,/wiki/Dive_Bomber_(film),False
114,1941 (14th),Louisiana Purchase,Harry Hallenberger and Ray Rennahan,/wiki/Louisiana_Purchase_(film),False
115,1942 (15th),,,,False
116,1942 (15th),Black-and-White,Black-and-White,,False
117,1942 (15th),Mrs. Miniver,Joseph Ruttenberg,/wiki/Mrs._Miniver,True
118,1942 (15th),Kings Row,James Wong Howe,/wiki/Kings_Row,False
119,1942 (15th),The Magnificent Ambersons,Stanley Cortez,/wiki/The_Magnificent_Ambersons_(film),False
120,1942 (15th),Moontide,Charles G. Clarke,/wiki/Moontide,False
121,1942 (15th),The Pied Piper,Edward Cronjager,/wiki/The_Pied_Piper_(1942_film),False
122,1942 (15th),The Pride of the Yankees,Rudolph Maté,/wiki/The_Pride_of_the_Yankees,False
123,1942 (15th),"Take a Letter, Darling",John J. Mescall,"/wiki/Take_a_Letter,_Darling",False
124,1942 (15th),The Talk of the Town,Ted Tetzlaff,/wiki/The_Talk_of_the_Town_(1942_film),False
125,1942 (15th),Ten Gentlemen from West Point,Leon Shamroy,/wiki/Ten_Gentlemen_from_West_Point,False
126,1942 (15th),This Above All,Arthur C. Miller,/wiki/This_Above_All_(film),False
127,1942 (15th),Color,Color,,False
128,1942 (15th),The Black Swan,Leon Shamroy,/wiki/The_Black_Swan_(film),True
129,1942 (15th),Arabian Nights,"Milton Krasner, William V. Skall and W. Howard Greene",/wiki/Arabian_Nights_(1942_film),False
130,1942 (15th),Captains of the Clouds,Sol Polito,/wiki/Captains_of_the_Clouds,False
131,1942 (15th),Jungle Book,W. Howard Greene,/wiki/Rudyard_Kipling%27s_Jungle_Book,False
132,1942 (15th),Reap the Wild Wind,Victor Milner and William V. Skall,/wiki/Reap_the_Wild_Wind,False
133,1942 (15th),To the Shores of Tripoli,Edward Cronjager and William V. Skall,/wiki/To_the_Shores_of_Tripoli,False
134,1943 (16th),,,,False
135,1943 (16th),Black-and-White,Black-and-White,,False
136,1943 (16th),The Song of Bernadette,Arthur C. Miller,/wiki/The_Song_of_Bernadette_(film),True
137,1943 (16th),Air Force,"James Wong Howe, Elmer Dyer and Charles A. Marshall",/wiki/Air_Force_(film),False
138,1943 (16th),Casablanca,Arthur Edeson,/wiki/Casablanca_(film),False
139,1943 (16th),Corvette K-225,Tony Gaudio,/wiki/Corvette_K-225,False
140,1943 (16th),Five Graves to Cairo,John F. Seitz,/wiki/Five_Graves_to_Cairo,False
141,1943 (16th),The Human Comedy,Harry Stradling,/wiki/The_Human_Comedy_(film),False
142,1943 (16th),Madame Curie,Joseph Ruttenberg,/wiki/Madame_Curie_(film),False
143,1943 (16th),The North Star,James Wong Howe,/wiki/The_North_Star_(1943_film),False
144,1943 (16th),Sahara,Rudolph Maté,/wiki/Sahara_(1943_American_film),False
145,1943 (16th),So Proudly We Hail!,Charles Lang,/wiki/So_Proudly_We_Hail!,False
146,1943 (16th),Color,Color,,False
147,1943 (16th),Phantom of the Opera,Hal Mohr and W. Howard Greene,/wiki/Phantom_of_the_Opera_(1943_film),True
148,1943 (16th),For Whom the Bell Tolls,Ray Rennahan,/wiki/For_Whom_the_Bell_Tolls_(film),False
149,1943 (16th),Heaven Can Wait,Edward Cronjager,/wiki/Heaven_Can_Wait_(1943_film),False
150,1943 (16th),"Hello, Frisco, Hello",Charles G. Clarke and Allen M. Davey,"/wiki/Hello,_Frisco,_Hello",False
151,1943 (16th),Lassie Come Home,Leonard Smith,/wiki/Lassie_Come_Home,False
152,1943 (16th),Thousands Cheer,George Folsey,/wiki/Thousands_Cheer,False
153,1944 (17th),,,,False
154,1944 (17th),Black-and-White,Black-and-White,,False
155,1944 (17th),Laura,Joseph LaShelle,/wiki/Laura_(1944_film),True
156,1944 (17th),Double Indemnity,John F. Seitz,/wiki/Double_Indemnity,False
157,1944 (17th),Dragon Seed,Sidney Wagner,/wiki/Dragon_Seed_(film),False
158,1944 (17th),Gaslight,Joseph Ruttenberg,/wiki/Gaslight_(1944_film),False
159,1944 (17th),Going My Way,Lionel Lindon,/wiki/Going_My_Way,False
160,1944 (17th),Lifeboat,Glen MacWilliams,/wiki/Lifeboat_(1944_film),False
161,1944 (17th),Since You Went Away,Stanley Cortez and Lee Garmes,/wiki/Since_You_Went_Away,False
162,1944 (17th),Thirty Seconds Over Tokyo,Robert Surtees and Harold Rosson,/wiki/Thirty_Seconds_Over_Tokyo,False
163,1944 (17th),The Uninvited,Charles Lang,/wiki/The_Uninvited_(1944_film),False
164,1944 (17th),The White Cliffs of Dover,George Folsey,/wiki/The_White_Cliffs_of_Dover_(film),False
165,1944 (17th),Color,Color,,False
166,1944 (17th),Wilson,Leon Shamroy,/wiki/Wilson_(1944_film),True
167,1944 (17th),Cover Girl,Rudolph Maté and Allen M. Davey,/wiki/Cover_Girl_(film),False
168,1944 (17th),Home in Indiana,Edward Cronjager,/wiki/Home_in_Indiana,False
169,1944 (17th),Kismet,Charles Rosher,/wiki/Kismet_(1944_film),False
170,1944 (17th),Lady in the Dark,Ray Rennahan,/wiki/Lady_in_the_Dark_(film),False
171,1944 (17th),Meet Me in St. Louis,George Folsey,/wiki/Meet_Me_in_St._Louis,False
172,1945 (18th),,,,False
173,1945 (18th),Black-and-White,Black-and-White,,False
174,1945 (18th),The Picture of Dorian Gray,Harry Stradling,/wiki/The_Picture_of_Dorian_Gray_(1945_film),True
175,1945 (18th),The Keys of the Kingdom,Arthur C. Miller,/wiki/The_Keys_of_the_Kingdom_(film),False
176,1945 (18th),The Lost Weekend,John F. Seitz,/wiki/The_Lost_Weekend_(film),False
177,1945 (18th),Mildred Pierce,Ernest Haller,/wiki/Mildred_Pierce_(film),False
178,1945 (18th),Spellbound,George Barnes,/wiki/Spellbound_(1945_film),False
179,1945 (18th),Color,Color,,False
180,1945 (18th),Leave Her to Heaven,Leon Shamroy,/wiki/Leave_Her_to_Heaven,True
181,1945 (18th),Anchors Aweigh,Robert H. Planck and Charles P. Boyle,/wiki/Anchors_Aweigh_(film),False
182,1945 (18th),National Velvet,Leonard Smith,/wiki/National_Velvet_(film),False
183,1945 (18th),A Song to Remember,Tony Gaudio and Allen M. Davey,/wiki/A_Song_to_Remember,False
184,1945 (18th),The Spanish Main,George Barnes,/wiki/The_Spanish_Main,False
185,1946 (19th),,,,False
186,1946 (19th),Black-and-White,Black-and-White,,False
187,1946 (19th),Anna and the King of Siam,Arthur C. Miller,/wiki/Anna_and_the_King_of_Siam_(film),True
188,1946 (19th),The Green Years,George Folsey,/wiki/The_Green_Years_(film),False
189,1946 (19th),Color,Color,,False
190,1946 (19th),The Yearling,"Charles Rosher, Leonard Smith and Arthur Arling",/wiki/The_Yearling_(1946_film),True
191,1946 (19th),The Jolson Story,Joseph Walker,/wiki/The_Jolson_Story,False
192,1947 (20th),,,,False
193,1947 (20th),Black-and-White,Black-and-White,,False
194,1947 (20th),Great Expectations,Guy Green,/wiki/Great_Expectations_(1946_film),True
195,1947 (20th),Green Dolphin Street,George Folsey,/wiki/Green_Dolphin_Street_(film),False
196,1947 (20th),The Ghost and Mrs. Muir,Charles Lang,/wiki/The_Ghost_and_Mrs._Muir,False
197,1947 (20th),Color,Color,,False
198,1947 (20th),Black Narcissus,Jack Cardiff,/wiki/Black_Narcissus,True
199,1947 (20th),Life with Father,J. Peverell Marley and William V. Skall,/wiki/Life_with_Father_(film),False
200,1947 (20th),Mother Wore Tights,Harry Jackson,/wiki/Mother_Wore_Tights,False
201,1948 (21st),,,,False
202,1948 (21st),Black-and-White,Black-and-White,,False
203,1948 (21st),The Naked City,William Daniels,/wiki/The_Naked_City,True
204,1948 (21st),A Foreign Affair,Charles Lang,/wiki/A_Foreign_Affair,False
205,1948 (21st),I Remember Mama,Nicholas Musuraca,/wiki/I_Remember_Mama_(film),False
206,1948 (21st),Johnny Belinda,Ted McCord,/wiki/Johnny_Belinda_(1948_film),False
207,1948 (21st),Portrait of Jennie,Joseph August (posthumously),/wiki/Portrait_of_Jennie,False
208,1948 (21st),Color,Color,,False
209,1948 (21st),Joan of Arc,"Joseph Valentine, William V. Skall and Winton C. Hoch",/wiki/Joan_of_Arc_(1948_film),True
210,1948 (21st),Green Grass of Wyoming,Charles G. Clarke,/wiki/Green_Grass_of_Wyoming,False
211,1948 (21st),The Loves of Carmen,William E. Snyder,/wiki/The_Loves_of_Carmen_(1948_film),False
212,1948 (21st),The Three Musketeers,Robert H. Planck,/wiki/The_Three_Musketeers_(1948_film),False
213,1949 (22nd),,,,False
214,1949 (22nd),Black-and-White,Black-and-White,,False
215,1949 (22nd),Battleground,Paul C. Vogel,/wiki/Battleground_(film),True
216,1949 (22nd),Champion,Franz Planer,/wiki/Champion_(1949_film),False
217,1949 (22nd),Come to the Stable,Joseph LaShelle,/wiki/Come_to_the_Stable,False
218,1949 (22nd),The Heiress,Leo Tover,/wiki/The_Heiress,False
219,1949 (22nd),Prince of Foxes,Leon Shamroy,/wiki/Prince_of_Foxes_(film),False
220,1949 (22nd),Color,Color,,False
221,1949 (22nd),She Wore a Yellow Ribbon,Winton C. Hoch,/wiki/She_Wore_a_Yellow_Ribbon,True
222,1949 (22nd),The Barkleys of Broadway,Harry Stradling,/wiki/The_Barkleys_of_Broadway,False
223,1949 (22nd),Jolson Sings Again,William E. Snyder,/wiki/Jolson_Sings_Again,False
224,1949 (22nd),Little Women,Robert H. Planck and Charles Schoenbaum,/wiki/Little_Women_(1949_film),False
225,1949 (22nd),Sand,Charles G. Clarke,/wiki/Sand_(1949_film),False
226,1950 (23rd),,,,False
227,1950 (23rd),Black-and-White,Black-and-White,,False
228,1950 (23rd),The Third Man,Robert Krasker,/wiki/The_Third_Man,True
229,1950 (23rd),All About Eve,Milton Krasner,/wiki/All_About_Eve,False
230,1950 (23rd),The Asphalt Jungle,Harold Rosson,/wiki/The_Asphalt_Jungle,False
231,1950 (23rd),The Furies,Victor Milner,/wiki/The_Furies_(1950_film),False
232,1950 (23rd),Sunset Boulevard,John F. Seitz,/wiki/Sunset_Boulevard_(film),False
233,1950 (23rd),Color,Color,,False
234,1950 (23rd),King Solomon's Mines,Robert Surtees,/wiki/King_Solomon%27s_Mines_(1950_film),True
235,1950 (23rd),Annie Get Your Gun,Charles Rosher,/wiki/Annie_Get_Your_Gun_(film),False
236,1950 (23rd),Broken Arrow,Ernest Palmer,/wiki/Broken_Arrow_(1950_film),False
237,1950 (23rd),The Flame and the Arrow,Ernest Haller,/wiki/The_Flame_and_the_Arrow,False
238,1950 (23rd),Samson and Delilah,George Barnes,/wiki/Samson_and_Delilah_(1949_film),False
239,1951 (24th),,,,False
240,1951 (24th),Black-and-White,Black-and-White,,False
241,1951 (24th),A Place in the Sun,William C. Mellor,/wiki/A_Place_in_the_Sun_(1951_film),True
242,1951 (24th),Death of a Salesman,Franz Planer,/wiki/Death_of_a_Salesman_(1951_film),False
243,1951 (24th),The Frogmen,Norbert Brodine,/wiki/The_Frogmen,False
244,1951 (24th),Strangers on a Train,Robert Burks,/wiki/Strangers_on_a_Train_(film),False
245,1951 (24th),A Streetcar Named Desire,Harry Stradling,/wiki/A_Streetcar_Named_Desire_(1951_film),False
246,1951 (24th),Color,Color,,False
247,1951 (24th),An American in Paris,Alfred Gilks and John Alton,/wiki/An_American_in_Paris_(film),True
248,1951 (24th),David and Bathsheba,Leon Shamroy,/wiki/David_and_Bathsheba_(film),False
249,1951 (24th),Quo Vadis,Robert Surtees and William V. Skall,/wiki/Quo_Vadis_(1951_film),False
250,1951 (24th),Show Boat,Charles Rosher,/wiki/Show_Boat_(1951_film),False
251,1951 (24th),When Worlds Collide,John F. Seitz and W. Howard Greene,/wiki/When_Worlds_Collide_(1951_film),False
252,1952 (25th),,,,False
253,1952 (25th),Black-and-White,Black-and-White,,False
254,1952 (25th),The Bad and the Beautiful,Robert Surtees,/wiki/The_Bad_and_the_Beautiful,True
255,1952 (25th),The Big Sky,Russell Harlan,/wiki/The_Big_Sky_(film),False
256,1952 (25th),My Cousin Rachel,Joseph LaShelle,/wiki/My_Cousin_Rachel_(1952_film),False
257,1952 (25th),Navajo,Virgil Miller,/wiki/Navajo_(film),False
258,1952 (25th),Sudden Fear,Charles Lang,/wiki/Sudden_Fear,False
259,1952 (25th),Color,Color,,False
260,1952 (25th),The Quiet Man,Winton C. Hoch and Archie Stout,/wiki/The_Quiet_Man,True
261,1952 (25th),Hans Christian Andersen,Harry Stradling,/wiki/Hans_Christian_Andersen_(film),False
262,1952 (25th),Ivanhoe,Freddie Young,/wiki/Ivanhoe_(1952_film),False
263,1952 (25th),Million Dollar Mermaid,George Folsey,/wiki/Million_Dollar_Mermaid,False
264,1952 (25th),The Snows of Kilimanjaro,Leon Shamroy,/wiki/The_Snows_of_Kilimanjaro_(1952_film),False
265,1953 (26th),,,,False
266,1953 (26th),Black-and-White,Black-and-White,,False
267,1953 (26th),From Here to Eternity,Burnett Guffey,/wiki/From_Here_to_Eternity,True
268,1953 (26th),The Four Poster,Hal Mohr,/wiki/The_Four_Poster_(1952_film),False
269,1953 (26th),Julius Caesar,Joseph Ruttenberg,/wiki/Julius_Caesar_(1953_film),False
270,1953 (26th),Martin Luther,Joseph C. Brun,/wiki/Martin_Luther_(1953_film),False
271,1953 (26th),Roman Holiday,Franz Planer and Henri Alekan,/wiki/Roman_Holiday,False
272,1953 (26th),Color,Color,,False
273,1953 (26th),Shane,Loyal Griggs,/wiki/Shane_(film),True
274,1953 (26th),All the Brothers Were Valiant,George Folsey,/wiki/All_the_Brothers_Were_Valiant,False
275,1953 (26th),Beneath the 12-Mile Reef,Edward Cronjager,/wiki/Beneath_the_12-Mile_Reef,False
276,1953 (26th),Lili,Robert H. Planck,/wiki/Lili_(1953_film),False
277,1953 (26th),The Robe,Leon Shamroy,/wiki/The_Robe_(film),False
278,1954 (27th),,,,False
279,1954 (27th),Black-and-White,Black-and-White,,False
280,1954 (27th),On the Waterfront,Boris Kaufman,/wiki/On_the_Waterfront,True
281,1954 (27th),The Country Girl,John F. Warren,/wiki/The_Country_Girl_(1954_film),False
282,1954 (27th),Executive Suite,George Folsey,/wiki/Executive_Suite,False
283,1954 (27th),Rogue Cop,John F. Seitz,/wiki/Rogue_Cop,False
284,1954 (27th),Sabrina,Charles Lang,/wiki/Sabrina_(1954_film),False
285,1954 (27th),Color,Color,,False
286,1954 (27th),Three Coins in the Fountain,Milton Krasner,/wiki/Three_Coins_in_the_Fountain_(film),True
287,1954 (27th),The Egyptian,Leon Shamroy,/wiki/The_Egyptian_(film),False
288,1954 (27th),Rear Window,Robert Burks,/wiki/Rear_Window,False
289,1954 (27th),Seven Brides for Seven Brothers,George Folsey,/wiki/Seven_Brides_for_Seven_Brothers,False
290,1954 (27th),The Silver Chalice,William V. Skall,/wiki/The_Silver_Chalice_(film),False
291,1955 (28th),,,,False
292,1955 (28th),Black-and-White,Black-and-White,,False
293,1955 (28th),The Rose Tattoo,James Wong Howe,/wiki/The_Rose_Tattoo_(film),True
294,1955 (28th),Blackboard Jungle,Russell Harlan,/wiki/Blackboard_Jungle,False
295,1955 (28th),I'll Cry Tomorrow,Arthur Arling,/wiki/I%27ll_Cry_Tomorrow,False
296,1955 (28th),Marty,Joseph LaShelle,/wiki/Marty_(film),False
297,1955 (28th),Queen Bee,Charles Lang,/wiki/Queen_Bee_(film),False
298,1955 (28th),Color,Color,,False
299,1955 (28th),To Catch a Thief,Robert Burks,/wiki/To_Catch_a_Thief,True
300,1955 (28th),Guys and Dolls,Harry Stradling,/wiki/Guys_and_Dolls_(film),False
301,1955 (28th),Love Is a Many-Splendored Thing,Leon Shamroy,/wiki/Love_Is_a_Many-Splendored_Thing_(film),False
302,1955 (28th),A Man Called Peter,Harold Lipstein,/wiki/A_Man_Called_Peter,False
303,1955 (28th),Oklahoma!,Robert Surtees,/wiki/Oklahoma!_(1955_film),False
304,1956 (29th),,,,False
305,1956 (29th),Black-and-White,Black-and-White,,False
306,1956 (29th),Somebody Up There Likes Me,Joseph Ruttenberg,/wiki/Somebody_Up_There_Likes_Me_(1956_film),True
307,1956 (29th),Baby Doll,Boris Kaufman,/wiki/Baby_Doll,False
308,1956 (29th),The Bad Seed,Harold Rosson,/wiki/The_Bad_Seed_(1956_film),False
309,1956 (29th),The Harder They Fall,Burnett Guffey,/wiki/The_Harder_They_Fall_(1956_film),False
310,1956 (29th),Stagecoach to Fury,Walter Strenge,/wiki/Stagecoach_to_Fury,False
311,1956 (29th),Color,Color,,False
312,1956 (29th),Around the World in 80 Days,Lionel Lindon,/wiki/Around_the_World_in_80_Days_(1956_film),True
313,1956 (29th),The Eddy Duchin Story,Harry Stradling,/wiki/The_Eddy_Duchin_Story,False
314,1956 (29th),The King and I,Leon Shamroy,/wiki/The_King_and_I_(1956_film),False
315,1956 (29th),The Ten Commandments,Loyal Griggs,/wiki/The_Ten_Commandments_(1956_film),False
316,1956 (29th),War and Peace,Jack Cardiff,/wiki/War_and_Peace_(1956_film),False
317,1957 (30th) [note 5],,,,False
318,1957 (30th) [note 5],The Bridge on the River Kwai,Jack Hildyard,/wiki/The_Bridge_on_the_River_Kwai,True
319,1957 (30th) [note 5],An Affair to Remember,Milton Krasner,/wiki/An_Affair_to_Remember,False
320,1957 (30th) [note 5],Funny Face,Ray June,/wiki/Funny_Face,False
321,1957 (30th) [note 5],Peyton Place,William C. Mellor,/wiki/Peyton_Place_(film),False
322,1957 (30th) [note 5],Sayonara,Ellsworth Fredricks,/wiki/Sayonara,False
323,1958 (31st),,,,False
324,1958 (31st),Black-and-White,Black-and-White,,False
325,1958 (31st),The Defiant Ones,Sam Leavitt,/wiki/The_Defiant_Ones,True
326,1958 (31st),Desire Under the Elms,Daniel L. Fapp,/wiki/Desire_Under_the_Elms_(film),False
327,1958 (31st),I Want to Live!,Lionel Lindon,/wiki/I_Want_to_Live!,False
328,1958 (31st),Separate Tables,Charles Lang,/wiki/Separate_Tables_(film),False
329,1958 (31st),The Young Lions,Joseph MacDonald,/wiki/The_Young_Lions_(film),False
330,1958 (31st),Color,Color,,False
331,1958 (31st),Gigi,Joseph Ruttenberg,/wiki/Gigi_(1958_film),True
332,1958 (31st),Auntie Mame,Harry Stradling,/wiki/Auntie_Mame_(film),False
333,1958 (31st),Cat on a Hot Tin Roof,William Daniels,/wiki/Cat_on_a_Hot_Tin_Roof_(1958_film),False
334,1958 (31st),The Old Man and the Sea,James Wong Howe,/wiki/The_Old_Man_and_the_Sea_(1958_film),False
335,1958 (31st),South Pacific,Leon Shamroy,/wiki/South_Pacific_(1958_film),False
336,1959 (32nd),,,,False
337,1959 (32nd),Black-and-White,Black-and-White,,False
338,1959 (32nd),The Diary of Anne Frank,William C. Mellor,/wiki/The_Diary_of_Anne_Frank_(1959_film),True
339,1959 (32nd),Anatomy of a Murder,Sam Leavitt,/wiki/Anatomy_of_a_Murder,False
340,1959 (32nd),Career,Joseph LaShelle,/wiki/Career_(1959_film),False
341,1959 (32nd),Some Like It Hot,Charles Lang,/wiki/Some_Like_It_Hot,False
342,1959 (32nd),The Young Philadelphians,Harry Stradling,/wiki/The_Young_Philadelphians,False
343,1959 (32nd),Color,Color,,False
344,1959 (32nd),Ben-Hur,Robert Surtees,/wiki/Ben-Hur_(1959_film),True
345,1959 (32nd),The Big Fisherman,Lee Garmes,/wiki/The_Big_Fisherman,False
346,1959 (32nd),The Five Pennies,Daniel L. Fapp,/wiki/The_Five_Pennies,False
347,1959 (32nd),The Nun's Story,Franz Planer,/wiki/The_Nun%27s_Story_(film),False
348,1959 (32nd),Porgy and Bess,Leon Shamroy,/wiki/Porgy_and_Bess_(film),False
349,1960 (33rd),,,,False
350,1960 (33rd),Black-and-White,Black-and-White,,False
351,1960 (33rd),Sons and Lovers,Freddie Francis,/wiki/Sons_and_Lovers_(film),True
352,1960 (33rd),The Apartment,Joseph LaShelle,/wiki/The_Apartment,False
353,1960 (33rd),The Facts of Life,Charles Lang,/wiki/The_Facts_of_Life_(film),False
354,1960 (33rd),Inherit the Wind,Ernest Laszlo,/wiki/Inherit_the_Wind_(1960_film),False
355,1960 (33rd),Psycho,John L. Russell,/wiki/Psycho_(1960_film),False
356,1960 (33rd),Color,Color,,False
357,1960 (33rd),Spartacus,Russell Metty,/wiki/Spartacus_(film),True
358,1960 (33rd),The Alamo,William H. Clothier,/wiki/The_Alamo_(1960_film),False
359,1960 (33rd),BUtterfield 8,Joseph Ruttenberg and Charles Harten,/wiki/BUtterfield_8,False
360,1960 (33rd),Exodus,Sam Leavitt,/wiki/Exodus_(1960_film),False
361,1960 (33rd),Pepe,Joseph MacDonald,/wiki/Pepe_(1960_film),False
362,1961 (34th),,,,False
363,1961 (34th),Black-and-White,Black-and-White,,False
364,1961 (34th),The Hustler,Eugen Schüfftan,/wiki/The_Hustler,True
365,1961 (34th),The Absent-Minded Professor,Edward Colman,/wiki/The_Absent-Minded_Professor,False
366,1961 (34th),The Children's Hour,Franz Planer,/wiki/The_Children%27s_Hour_(film),False
367,1961 (34th),Judgment at Nuremberg,Ernest Laszlo,/wiki/Judgment_at_Nuremberg,False
368,1961 (34th),"One, Two, Three",Daniel L. Fapp,"/wiki/One,_Two,_Three",False
369,1961 (34th),Color,Color,,False
370,1961 (34th),West Side Story,Daniel L. Fapp,/wiki/West_Side_Story_(1961_film),True
371,1961 (34th),Fanny,Jack Cardiff,/wiki/Fanny_(1961_film),False
372,1961 (34th),Flower Drum Song,Russell Metty,/wiki/Flower_Drum_Song_(film),False
373,1961 (34th),A Majority of One,Harry Stradling,/wiki/A_Majority_of_One_(film),False
374,1961 (34th),One-Eyed Jacks,Charles Lang,/wiki/One-Eyed_Jacks,False
375,1962 (35th),,,,False
376,1962 (35th),Black-and-White,Black-and-White,,False
377,1962 (35th),The Longest Day,Jean Bourgoin and Walter Wottitz,/wiki/The_Longest_Day_(film),True
378,1962 (35th),Birdman of Alcatraz,Burnett Guffey,/wiki/Birdman_of_Alcatraz_(film),False
379,1962 (35th),To Kill a Mockingbird,Russell Harlan,/wiki/To_Kill_a_Mockingbird_(film),False
380,1962 (35th),Two for the Seesaw,Ted D. McCord,/wiki/Two_for_the_Seesaw_(1962_film),False
381,1962 (35th),What Ever Happened to Baby Jane?,Ernest Haller,/wiki/What_Ever_Happened_to_Baby_Jane%3F_(film),False
382,1962 (35th),Color,Color,,False
383,1962 (35th),Lawrence of Arabia,Freddie Young,/wiki/Lawrence_of_Arabia_(film),True
384,1962 (35th),Gypsy,Harry Stradling,/wiki/Gypsy_(1962_film),False
385,1962 (35th),Hatari!,Russell Harlan,/wiki/Hatari!,False
386,1962 (35th),Mutiny on the Bounty,Robert Surtees,/wiki/Mutiny_on_the_Bounty_(1962_film),False
387,1962 (35th),The Wonderful World of the Brothers Grimm,Paul C. Vogel,/wiki/The_Wonderful_World_of_the_Brothers_Grimm,False
388,1963 (36th),,,,False
389,1963 (36th),Black-and-White,Black-and-White,,False
390,1963 (36th),Hud,James Wong Howe,/wiki/Hud_(1963_film),True
391,1963 (36th),The Balcony,George Folsey,/wiki/The_Balcony_(film),False
392,1963 (36th),The Caretakers,Lucien Ballard,/wiki/The_Caretakers,False
393,1963 (36th),Lilies of the Field,Ernest Haller,/wiki/Lilies_of_the_Field_(1963_film),False
394,1963 (36th),Love with the Proper Stranger,Milton Krasner,/wiki/Love_with_the_Proper_Stranger,False
395,1963 (36th),Color,Color,,False
396,1963 (36th),Cleopatra,Leon Shamroy,/wiki/Cleopatra_(1963_film),True
397,1963 (36th),The Cardinal,Leon Shamroy,/wiki/The_Cardinal,False
398,1963 (36th),How the West Was Won,"William Daniels, Milton Krasner, Charles Lang and Joseph LaShelle",/wiki/How_the_West_Was_Won_(film),False
399,1963 (36th),Irma la Douce,Joseph LaShelle,/wiki/Irma_la_Douce,False
400,1963 (36th),"It's a Mad, Mad, Mad, Mad World",Ernest Laszlo,"/wiki/It%27s_a_Mad,_Mad,_Mad,_Mad_World",False
401,1964 (37th),,,,False
402,1964 (37th),Black-and-White,Black-and-White,,False
403,1964 (37th),Zorba the Greek,Walter Lassally,/wiki/Zorba_the_Greek_(film),True
404,1964 (37th),The Americanization of Emily,Philip H. Lathrop,/wiki/The_Americanization_of_Emily,False
405,1964 (37th),Fate Is the Hunter,Milton Krasner,/wiki/Fate_Is_the_Hunter_(film),False
406,1964 (37th),"Hush...Hush, Sweet Charlotte",Joseph Biroc,"/wiki/Hush...Hush,_Sweet_Charlotte",False
407,1964 (37th),The Night of the Iguana,Gabriel Figueroa,/wiki/The_Night_of_the_Iguana_(film),False
408,1964 (37th),Color,Color,,False
409,1964 (37th),My Fair Lady,Harry Stradling,/wiki/My_Fair_Lady_(film),True
410,1964 (37th),Becket,Geoffrey Unsworth,/wiki/Becket_(1964_film),False
411,1964 (37th),Cheyenne Autumn,William H. Clothier,/wiki/Cheyenne_Autumn,False
412,1964 (37th),Mary Poppins,Edward Colman,/wiki/Mary_Poppins_(film),False
413,1964 (37th),The Unsinkable Molly Brown,Daniel L. Fapp,/wiki/The_Unsinkable_Molly_Brown_(film),False
414,1965 (38th),,,,False
415,1965 (38th),Black-and-White,Black-and-White,,False
416,1965 (38th),Ship of Fools,Ernest Laszlo,/wiki/Ship_of_Fools_(film),True
417,1965 (38th),In Harm's Way,Loyal Griggs,/wiki/In_Harm%27s_Way,False
418,1965 (38th),King Rat,Burnett Guffey,/wiki/King_Rat_(film),False
419,1965 (38th),Morituri,Conrad Hall,/wiki/Morituri_(1965_film),False
420,1965 (38th),A Patch of Blue,Robert Burks,/wiki/A_Patch_of_Blue,False
421,1965 (38th),Color,Color,,False
422,1965 (38th),Doctor Zhivago,Freddie Young,/wiki/Doctor_Zhivago_(film),True
423,1965 (38th),The Agony and the Ecstasy,Leon Shamroy,/wiki/The_Agony_and_the_Ecstasy_(film),False
424,1965 (38th),The Great Race,Russell Harlan,/wiki/The_Great_Race,False
425,1965 (38th),The Greatest Story Ever Told,William C. Mellor and Loyal Griggs,/wiki/The_Greatest_Story_Ever_Told,False
426,1965 (38th),The Sound of Music,Ted D. McCord,/wiki/The_Sound_of_Music_(film),False
427,1966 (39th),,,,False
428,1966 (39th),Black-and-White,Black-and-White,,False
429,1966 (39th),Who's Afraid of Virginia Woolf?,Haskell Wexler,/wiki/Who%27s_Afraid_of_Virginia_Woolf%3F_(film),True
430,1966 (39th),The Fortune Cookie,Joseph LaShelle,/wiki/The_Fortune_Cookie,False
431,1966 (39th),Georgy Girl,Kenneth Higgins,/wiki/Georgy_Girl,False
432,1966 (39th),Is Paris Burning?,Marcel Grignon,/wiki/Is_Paris_Burning%3F_(film),False
433,1966 (39th),Seconds,James Wong Howe,/wiki/Seconds_(1966_film),False
434,1966 (39th),Color,Color,,False
435,1966 (39th),A Man for All Seasons,Ted Moore,/wiki/A_Man_for_All_Seasons_(1966_film),True
436,1966 (39th),Fantastic Voyage,Ernest Laszlo,/wiki/Fantastic_Voyage,False
437,1966 (39th),Hawaii,Russell Harlan,/wiki/Hawaii_(1966_film),False
438,1966 (39th),The Professionals,Conrad Hall,/wiki/The_Professionals_(1966_film),False
439,1966 (39th),The Sand Pebbles,Joseph MacDonald,/wiki/The_Sand_Pebbles_(film),False
440,1967 (40th),,,,False
441,1967 (40th),Bonnie and Clyde,Burnett Guffey,/wiki/Bonnie_and_Clyde_(film),True
442,1967 (40th),Camelot,Richard H. Kline,/wiki/Camelot_(film),False
443,1967 (40th),Doctor Dolittle,Robert Surtees,/wiki/Doctor_Dolittle_(1967_film),False
444,1967 (40th),The Graduate,Robert Surtees,/wiki/The_Graduate,False
445,1967 (40th),In Cold Blood,Conrad Hall,/wiki/In_Cold_Blood_(film),False
446,1968 (41st),,,,False
447,1968 (41st),Romeo and Juliet,Pasqualino De Santis,/wiki/Romeo_and_Juliet_(1968_film),True
448,1968 (41st),Funny Girl,Harry Stradling,/wiki/Funny_Girl_(film),False
449,1968 (41st),Ice Station Zebra,Daniel L. Fapp,/wiki/Ice_Station_Zebra,False
450,1968 (41st),Oliver!,Oswald Morris,/wiki/Oliver!_(film),False
451,1968 (41st),Star!,Ernest Laszlo,/wiki/Star!_(film),False
452,1969 (42nd),,,,False
453,1969 (42nd),Butch Cassidy and the Sundance Kid,Conrad Hall,/wiki/Butch_Cassidy_and_the_Sundance_Kid,True
454,1969 (42nd),Anne of the Thousand Days,Arthur Ibbetson,/wiki/Anne_of_the_Thousand_Days,False
455,1969 (42nd),Bob & Carol & Ted & Alice,Charles Lang,/wiki/Bob_%26_Carol_%26_Ted_%26_Alice,False
456,1969 (42nd),"Hello, Dolly!",Harry Stradling (posthumously),"/wiki/Hello,_Dolly!_(film)",False
457,1969 (42nd),Marooned,Daniel L. Fapp,/wiki/Marooned_(1969_film),False
458,1970 (43rd),,,,False
459,1970 (43rd),Ryan's Daughter,Freddie Young,/wiki/Ryan%27s_Daughter,True
460,1970 (43rd),Airport,Ernest Laszlo,/wiki/Airport_(1970_film),False
461,1970 (43rd),Patton,Fred J. Koenekamp,/wiki/Patton_(film),False
462,1970 (43rd),Tora! Tora! Tora!,"Osamu Furuya, Shinsaku Himeda, Masamichi Satoh and Charles F. Wheeler",/wiki/Tora!_Tora!_Tora!,False
463,1970 (43rd),Women in Love,Billy Williams,/wiki/Women_in_Love_(film),False
464,1971 (44th),,,,False
465,1971 (44th),Fiddler on the Roof,Oswald Morris,/wiki/Fiddler_on_the_Roof_(film),True
466,1971 (44th),The French Connection,Owen Roizman,/wiki/The_French_Connection_(film),False
467,1971 (44th),The Last Picture Show,Robert Surtees,/wiki/The_Last_Picture_Show,False
468,1971 (44th),Nicholas and Alexandra,Freddie Young,/wiki/Nicholas_and_Alexandra,False
469,1971 (44th),Summer of '42,Robert Surtees,/wiki/Summer_of_%2742,False
470,1972 (45th),,,,False
471,1972 (45th),Cabaret,Geoffrey Unsworth,/wiki/Cabaret_(1972_film),True
472,1972 (45th),1776,Harry Stradling Jr.,/wiki/1776_(film),False
473,1972 (45th),Butterflies Are Free,Charles Lang,/wiki/Butterflies_Are_Free,False
474,1972 (45th),The Poseidon Adventure,Harold E. Stine,/wiki/The_Poseidon_Adventure_(1972_film),False
475,1972 (45th),Travels with My Aunt,Douglas Slocombe,/wiki/Travels_with_My_Aunt_(film),False
476,1973 (46th),,,,False
477,1973 (46th),Cries and Whispers,Sven Nykvist,/wiki/Cries_and_Whispers,True
478,1973 (46th),The Exorcist,Owen Roizman,/wiki/The_Exorcist,False
479,1973 (46th),Jonathan Livingston Seagull,Jack Couffer,/wiki/Jonathan_Livingston_Seagull_(film),False
480,1973 (46th),The Sting,Robert Surtees,/wiki/The_Sting,False
481,1973 (46th),The Way We Were,Harry Stradling Jr.,/wiki/The_Way_We_Were,False
482,1974 (47th),,,,False
483,1974 (47th),The Towering Inferno,Fred J. Koenekamp and Joseph Biroc,/wiki/The_Towering_Inferno,True
484,1974 (47th),Chinatown,John A. Alonzo,/wiki/Chinatown_(1974_film),False
485,1974 (47th),Earthquake,Philip H. Lathrop,/wiki/Earthquake_(1974_film),False
486,1974 (47th),Lenny,Bruce Surtees,/wiki/Lenny_(film),False
487,1974 (47th),Murder on the Orient Express,Geoffrey Unsworth,/wiki/Murder_on_the_Orient_Express_(1974_film),False
488,1975 (48th),,,,False
489,1975 (48th),Barry Lyndon,John Alcott,/wiki/Barry_Lyndon,True
490,1975 (48th),The Day of the Locust,Conrad Hall,/wiki/The_Day_of_the_Locust_(film),False
491,1975 (48th),Funny Lady,James Wong Howe,/wiki/Funny_Lady,False
492,1975 (48th),The Hindenburg,Robert Surtees,/wiki/The_Hindenburg_(film),False
493,1975 (48th),One Flew Over the Cuckoo's Nest,Haskell Wexler and Bill Butler,/wiki/One_Flew_Over_the_Cuckoo%27s_Nest_(film),False
494,1976 (49th),,,,False
495,1976 (49th),Bound for Glory,Haskell Wexler,/wiki/Bound_for_Glory_(1976_film),True
496,1976 (49th),King Kong,Richard H. Kline,/wiki/King_Kong_(1976_film),False
497,1976 (49th),Logan's Run,Ernest Laszlo,/wiki/Logan%27s_Run_(film),False
498,1976 (49th),Network,Owen Roizman,/wiki/Network_(1976_film),False
499,1976 (49th),A Star Is Born,Robert Surtees,/wiki/A_Star_Is_Born_(1976_film),False
500,1977 (50th),,,,False
501,1977 (50th),Close Encounters of the Third Kind,Vilmos Zsigmond,/wiki/Close_Encounters_of_the_Third_Kind,True
502,1977 (50th),Islands in the Stream,Fred J. Koenekamp,/wiki/Islands_in_the_Stream_(film),False
503,1977 (50th),Julia,Douglas Slocombe,/wiki/Julia_(1977_film),False
504,1977 (50th),Looking for Mr. Goodbar,William A. Fraker,/wiki/Looking_for_Mr._Goodbar_(film),False
505,1977 (50th),The Turning Point,Robert Surtees,/wiki/The_Turning_Point_(1977_film),False
506,1978 (51st),,,,False
507,1978 (51st),Days of Heaven,Néstor Almendros,/wiki/Days_of_Heaven,True
508,1978 (51st),The Deer Hunter,Vilmos Zsigmond,/wiki/The_Deer_Hunter,False
509,1978 (51st),Heaven Can Wait,William A. Fraker,/wiki/Heaven_Can_Wait_(1978_film),False
510,1978 (51st),"Same Time, Next Year",Robert Surtees,"/wiki/Same_Time,_Next_Year_(film)",False
511,1978 (51st),The Wiz,Oswald Morris,/wiki/The_Wiz_(film),False
512,1979 (52nd),,,,False
513,1979 (52nd),Apocalypse Now,Vittorio Storaro,/wiki/Apocalypse_Now,True
514,1979 (52nd),1941,William A. Fraker,/wiki/1941_(film),False
515,1979 (52nd),All That Jazz,Giuseppe Rotunno,/wiki/All_That_Jazz_(film),False
516,1979 (52nd),The Black Hole,Frank V. Phillips,/wiki/The_Black_Hole_(1979_film),False
517,1979 (52nd),Kramer vs. Kramer,Néstor Almendros,/wiki/Kramer_vs._Kramer,False
518,1980 (53rd),,,,False
519,1980 (53rd),Tess,Geoffrey Unsworth (posthumously) and Ghislain Cloquet,/wiki/Tess_(1979_film),True
520,1980 (53rd),The Blue Lagoon,Néstor Almendros,/wiki/The_Blue_Lagoon_(1980_film),False
521,1980 (53rd),Coal Miner's Daughter,Ralf D. Bode,/wiki/Coal_Miner%27s_Daughter_(film),False
522,1980 (53rd),The Formula,James Crabe,/wiki/The_Formula_(1980_film),False
523,1980 (53rd),Raging Bull,Michael Chapman,/wiki/Raging_Bull,False
524,1981 (54th),,,,False
525,1981 (54th),Reds,Vittorio Storaro,/wiki/Reds_(film),True
526,1981 (54th),Excalibur,Alex Thomson,/wiki/Excalibur_(film),False
527,1981 (54th),On Golden Pond,Billy Williams,/wiki/On_Golden_Pond_(1981_film),False
528,1981 (54th),Ragtime,Miroslav Ondříček,/wiki/Ragtime_(film),False
529,1981 (54th),Raiders of the Lost Ark,Douglas Slocombe,/wiki/Raiders_of_the_Lost_Ark,False
530,1982 (55th),,,,False
531,1982 (55th),Gandhi,Billy Williams and Ronnie Taylor,/wiki/Gandhi_(film),True
532,1982 (55th),Das Boot,Jost Vacano,/wiki/Das_Boot,False
533,1982 (55th),E.T. the Extra-Terrestrial,Allen Daviau,/wiki/E.T._the_Extra-Terrestrial,False
534,1982 (55th),Sophie's Choice,Néstor Almendros,/wiki/Sophie%27s_Choice_(film),False
535,1982 (55th),Tootsie,Owen Roizman,/wiki/Tootsie,False
536,1983 (56th),,,,False
537,1983 (56th),Fanny and Alexander,Sven Nykvist,/wiki/Fanny_and_Alexander,True
538,1983 (56th),Flashdance,Don Peterman,/wiki/Flashdance,False
539,1983 (56th),The Right Stuff,Caleb Deschanel,/wiki/The_Right_Stuff_(film),False
540,1983 (56th),WarGames,William A. Fraker,/wiki/WarGames,False
541,1983 (56th),Zelig,Gordon Willis,/wiki/Zelig,False
542,1984 (57th),,,,False
543,1984 (57th),The Killing Fields,Chris Menges,/wiki/The_Killing_Fields_(film),True
544,1984 (57th),Amadeus,Miroslav Ondříček,/wiki/Amadeus_(film),False
545,1984 (57th),The Natural,Caleb Deschanel,/wiki/The_Natural_(film),False
546,1984 (57th),A Passage to India,Ernest Day,/wiki/A_Passage_to_India_(film),False
547,1984 (57th),The River,Vilmos Zsigmond,/wiki/The_River_(1984_film),False
548,1985 (58th),,,,False
549,1985 (58th),Out of Africa,David Watkin,/wiki/Out_of_Africa_(film),True
550,1985 (58th),The Color Purple,Allen Daviau,/wiki/The_Color_Purple_(1985_film),False
551,1985 (58th),Murphy's Romance,William A. Fraker,/wiki/Murphy%27s_Romance,False
552,1985 (58th),Ran,"Takao Saito, Masaharu Ueda, and Asakazu Nakai",/wiki/Ran_(film),False
553,1985 (58th),Witness,John Seale,/wiki/Witness_(1985_film),False
554,1986 (59th),,,,False
555,1986 (59th),The Mission,Chris Menges,/wiki/The_Mission_(1986_film),True
556,1986 (59th),Peggy Sue Got Married,Jordan Cronenweth,/wiki/Peggy_Sue_Got_Married,False
557,1986 (59th),Platoon,Robert Richardson,/wiki/Platoon_(film),False
558,1986 (59th),A Room with a View,Tony Pierce-Roberts,/wiki/A_Room_with_a_View_(1985_film),False
559,1986 (59th),Star Trek IV: The Voyage Home,Don Peterman,/wiki/Star_Trek_IV:_The_Voyage_Home,False
560,1987 (60th),,,,False
561,1987 (60th),The Last Emperor,Vittorio Storaro,/wiki/The_Last_Emperor,True
562,1987 (60th),Broadcast News,Michael Ballhaus,/wiki/Broadcast_News_(film),False
563,1987 (60th),Empire of the Sun,Allen Daviau,/wiki/Empire_of_the_Sun_(film),False
564,1987 (60th),Hope and Glory,Philippe Rousselot,/wiki/Hope_and_Glory_(film),False
565,1987 (60th),Matewan,Haskell Wexler,/wiki/Matewan,False
566,1988 (61st),,,,False
567,1988 (61st),Mississippi Burning,Peter Biziou,/wiki/Mississippi_Burning,True
568,1988 (61st),Rain Man,John Seale,/wiki/Rain_Man,False
569,1988 (61st),Tequila Sunrise,Conrad Hall,/wiki/Tequila_Sunrise_(film),False
570,1988 (61st),The Unbearable Lightness of Being,Sven Nykvist,/wiki/The_Unbearable_Lightness_of_Being_(film),False
571,1988 (61st),Who Framed Roger Rabbit,Dean Cundey,/wiki/Who_Framed_Roger_Rabbit,False
572,1989 (62nd),,,,False
573,1989 (62nd),Glory,Freddie Francis,/wiki/Glory_(1989_film),True
574,1989 (62nd),The Abyss,Mikael Salomon,/wiki/The_Abyss,False
575,1989 (62nd),Blaze,Haskell Wexler,/wiki/Blaze_(1989_film),False
576,1989 (62nd),Born on the Fourth of July,Robert Richardson,/wiki/Born_on_the_Fourth_of_July_(film),False
577,1989 (62nd),The Fabulous Baker Boys,Michael Ballhaus,/wiki/The_Fabulous_Baker_Boys,False
578,1990 (63rd),,,,False
579,1990 (63rd),Dances with Wolves,Dean Semler,/wiki/Dances_with_Wolves,True
580,1990 (63rd),Avalon,Allen Daviau,/wiki/Avalon_(1990_film),False
581,1990 (63rd),Dick Tracy,Vittorio Storaro,/wiki/Dick_Tracy_(1990_film),False
582,1990 (63rd),The Godfather Part III,Gordon Willis,/wiki/The_Godfather_Part_III,False
583,1990 (63rd),Henry & June,Philippe Rousselot,/wiki/Henry_%26_June,False
584,1991 (64th),,,,False
585,1991 (64th),JFK,Robert Richardson,/wiki/JFK_(film),True
586,1991 (64th),Bugsy,Allen Daviau,/wiki/Bugsy,False
587,1991 (64th),The Prince of Tides,Stephen Goldblatt,/wiki/The_Prince_of_Tides,False
588,1991 (64th),Terminator 2: Judgment Day,Adam Greenberg,/wiki/Terminator_2:_Judgment_Day,False
589,1991 (64th),Thelma & Louise,Adrian Biddle,/wiki/Thelma_%26_Louise,False
590,1992 (65th),,,,False
591,1992 (65th),A River Runs Through It,Philippe Rousselot,/wiki/A_River_Runs_Through_It_(film),True
592,1992 (65th),Hoffa,Stephen H. Burum,/wiki/Hoffa_(film),False
593,1992 (65th),Howards End,Tony Pierce-Roberts,/wiki/Howards_End_(film),False
594,1992 (65th),The Lover,Robert Fraisse,/wiki/The_Lover_(1992_film),False
595,1992 (65th),Unforgiven,Jack N. Green,/wiki/Unforgiven,False
596,1993 (66th),,,,False
597,1993 (66th),Schindler's List,Janusz Kamiński,/wiki/Schindler%27s_List,True
598,1993 (66th),Farewell My Concubine,Gu Changwei,/wiki/Farewell_My_Concubine_(film),False
599,1993 (66th),The Fugitive,Michael Chapman,/wiki/The_Fugitive_(1993_film),False
600,1993 (66th),The Piano,Stuart Dryburgh,/wiki/The_Piano,False
601,1993 (66th),Searching for Bobby Fischer,Conrad Hall,/wiki/Searching_for_Bobby_Fischer,False
602,1994 (67th),,,,False
603,1994 (67th),Legends of the Fall,John Toll,/wiki/Legends_of_the_Fall,True
604,1994 (67th),Forrest Gump,Don Burgess,/wiki/Forrest_Gump,False
605,1994 (67th),The Shawshank Redemption,Roger Deakins,/wiki/The_Shawshank_Redemption,False
606,1994 (67th),Three Colours: Red,Piotr Sobociński,/wiki/Three_Colours:_Red,False
607,1994 (67th),Wyatt Earp,Owen Roizman,/wiki/Wyatt_Earp_(film),False
608,1995 (68th),,,,False
609,1995 (68th),Braveheart,John Toll,/wiki/Braveheart,True
610,1995 (68th),Batman Forever,Stephen Goldblatt,/wiki/Batman_Forever,False
611,1995 (68th),A Little Princess,Emmanuel Lubezki,/wiki/A_Little_Princess_(1995_film),False
612,1995 (68th),Sense and Sensibility,Michael Coulter,/wiki/Sense_and_Sensibility_(film),False
613,1995 (68th),Shanghai Triad,Lü Yue,/wiki/Shanghai_Triad,False
614,1996 (69th),,,,False
615,1996 (69th),The English Patient,John Seale,/wiki/The_English_Patient_(film),True
616,1996 (69th),Evita,Darius Khondji,/wiki/Evita_(1996_film),False
617,1996 (69th),Fargo,Roger Deakins,/wiki/Fargo_(1996_film),False
618,1996 (69th),Fly Away Home,Caleb Deschanel,/wiki/Fly_Away_Home,False
619,1996 (69th),Michael Collins,Chris Menges,/wiki/Michael_Collins_(film),False
620,1997 (70th),,,,False
621,1997 (70th),Titanic,Russell Carpenter,/wiki/Titanic_(1997_film),True
622,1997 (70th),Amistad,Janusz Kamiński,/wiki/Amistad_(film),False
623,1997 (70th),Kundun,Roger Deakins,/wiki/Kundun,False
624,1997 (70th),L.A. Confidential,Dante Spinotti,/wiki/L.A._Confidential_(film),False
625,1997 (70th),The Wings of the Dove,Eduardo Serra,/wiki/The_Wings_of_the_Dove_(1997_film),False
626,1998 (71st),,,,False
627,1998 (71st),Saving Private Ryan,Janusz Kamiński,/wiki/Saving_Private_Ryan,True
628,1998 (71st),A Civil Action,Conrad Hall,/wiki/A_Civil_Action_(film),False
629,1998 (71st),Elizabeth,Remi Adefarasin,/wiki/Elizabeth_(film),False
630,1998 (71st),Shakespeare in Love,Richard Greatrex,/wiki/Shakespeare_in_Love,False
631,1998 (71st),The Thin Red Line,John Toll,/wiki/The_Thin_Red_Line_(1998_film),False
632,1999 (72nd),,,,False
633,1999 (72nd),American Beauty,Conrad Hall,/wiki/American_Beauty_(1999_film),True
634,1999 (72nd),The End of the Affair,Roger Pratt,/wiki/The_End_of_the_Affair_(1999_film),False
635,1999 (72nd),The Insider,Dante Spinotti,/wiki/The_Insider_(film),False
636,1999 (72nd),Sleepy Hollow,Emmanuel Lubezki,/wiki/Sleepy_Hollow_(film),False
637,1999 (72nd),Snow Falling on Cedars,Robert Richardson,/wiki/Snow_Falling_on_Cedars_(film),False
638,2000 (73rd),,,,False
639,2000 (73rd),"Crouching Tiger, Hidden Dragon",Peter Pau,"/wiki/Crouching_Tiger,_Hidden_Dragon",True
640,2000 (73rd),Gladiator,John Mathieson,/wiki/Gladiator_(2000_film),False
641,2000 (73rd),Malèna,Lajos Koltai,/wiki/Mal%C3%A8na_(film),False
642,2000 (73rd),"O Brother, Where Art Thou?",Roger Deakins,"/wiki/O_Brother,_Where_Art_Thou%3F",False
643,2000 (73rd),The Patriot,Caleb Deschanel,/wiki/The_Patriot_(2000_film),False
644,2001 (74th),,,,False
645,2001 (74th),The Lord of the Rings: The Fellowship of the Ring,Andrew Lesnie,/wiki/The_Lord_of_the_Rings:_The_Fellowship_of_the_Ring,True
646,2001 (74th),Amélie,Bruno Delbonnel,/wiki/Am%C3%A9lie,False
647,2001 (74th),Black Hawk Down,Sławomir Idziak,/wiki/Black_Hawk_Down_(film),False
648,2001 (74th),The Man Who Wasn't There,Roger Deakins,/wiki/The_Man_Who_Wasn%27t_There_(2001_film),False
649,2001 (74th),Moulin Rouge!,Donald McAlpine,/wiki/Moulin_Rouge!,False
650,2002 (75th),,,,False
651,2002 (75th),Road to Perdition,Conrad Hall (posthumously),/wiki/Road_to_Perdition,True
652,2002 (75th),Chicago,Dion Beebe,/wiki/Chicago_(2002_film),False
653,2002 (75th),Far from Heaven,Edward Lachman,/wiki/Far_from_Heaven,False
654,2002 (75th),Gangs of New York,Michael Ballhaus,/wiki/Gangs_of_New_York,False
655,2002 (75th),The Pianist,Paweł Edelman,/wiki/The_Pianist_(2002_film),False
656,2003 (76th),,,,False
657,2003 (76th),Master and Commander: The Far Side of the World,Russell Boyd,/wiki/Master_and_Commander:_The_Far_Side_of_the_World,True
658,2003 (76th),City of God,César Charlone,/wiki/City_of_God_(2002_film),False
659,2003 (76th),Cold Mountain,John Seale,/wiki/Cold_Mountain_(film),False
660,2003 (76th),Girl with a Pearl Earring,Eduardo Serra,/wiki/Girl_with_a_Pearl_Earring_(film),False
661,2003 (76th),Seabiscuit,John Schwartzman,/wiki/Seabiscuit_(film),False
662,2004 (77th),,,,False
663,2004 (77th),The Aviator,Robert Richardson,/wiki/The_Aviator_(2004_film),True
664,2004 (77th),House of Flying Daggers,Zhao Xiaoding,/wiki/House_of_Flying_Daggers,False
665,2004 (77th),The Passion of the Christ,Caleb Deschanel,/wiki/The_Passion_of_the_Christ,False
666,2004 (77th),The Phantom of the Opera,John Mathieson,/wiki/The_Phantom_of_the_Opera_(2004_film),False
667,2004 (77th),A Very Long Engagement,Bruno Delbonnel,/wiki/A_Very_Long_Engagement,False
668,2005 (78th),,,,False
669,2005 (78th),Memoirs of a Geisha,Dion Beebe,/wiki/Memoirs_of_a_Geisha_(film),True
670,2005 (78th),Batman Begins,Wally Pfister,/wiki/Batman_Begins,False
671,2005 (78th),Brokeback Mountain,Rodrigo Prieto,/wiki/Brokeback_Mountain,False
672,2005 (78th),"Good Night, and Good Luck",Robert Elswit,"/wiki/Good_Night,_and_Good_Luck",False
673,2005 (78th),The New World,Emmanuel Lubezki,/wiki/The_New_World_(2005_film),False
674,2006 (79th),,,,False
675,2006 (79th),Pan's Labyrinth,Guillermo Navarro,/wiki/Pan%27s_Labyrinth,True
676,2006 (79th),The Black Dahlia,Vilmos Zsigmond,/wiki/The_Black_Dahlia_(film),False
677,2006 (79th),Children of Men,Emmanuel Lubezki,/wiki/Children_of_Men,False
678,2006 (79th),The Illusionist,Dick Pope,/wiki/The_Illusionist_(2006_film),False
679,2006 (79th),The Prestige,Wally Pfister,/wiki/The_Prestige_(film),False
680,2007 (80th),,,,False
681,2007 (80th),There Will Be Blood,Robert Elswit,/wiki/There_Will_Be_Blood,True
682,2007 (80th),The Assassination of Jesse James by the Coward Robert Ford,Roger Deakins,/wiki/The_Assassination_of_Jesse_James_by_the_Coward_Robert_Ford,False
683,2007 (80th),Atonement,Seamus McGarvey,/wiki/Atonement_(2007_film),False
684,2007 (80th),The Diving Bell and the Butterfly,Janusz Kamiński,/wiki/The_Diving_Bell_and_the_Butterfly_(film),False
685,2007 (80th),No Country for Old Men,Roger Deakins,/wiki/No_Country_for_Old_Men,False
686,2008 (81st),,,,False
687,2008 (81st),Slumdog Millionaire,Anthony Dod Mantle,/wiki/Slumdog_Millionaire,True
688,2008 (81st),Changeling,Tom Stern,/wiki/Changeling_(film),False
689,2008 (81st),The Curious Case of Benjamin Button,Claudio Miranda,/wiki/The_Curious_Case_of_Benjamin_Button_(film),False
690,2008 (81st),The Dark Knight,Wally Pfister,/wiki/The_Dark_Knight,False
691,2008 (81st),The Reader,Roger Deakins and Chris Menges,/wiki/The_Reader_(2008_film),False
692,2009 (82nd),,,,False
693,2009 (82nd),Avatar,Mauro Fiore,/wiki/Avatar_(2009_film),True
694,2009 (82nd),Harry Potter and the Half-Blood Prince,Bruno Delbonnel,/wiki/Harry_Potter_and_the_Half-Blood_Prince_(film),False
695,2009 (82nd),The Hurt Locker,Barry Ackroyd,/wiki/The_Hurt_Locker,False
696,2009 (82nd),Inglourious Basterds,Robert Richardson,/wiki/Inglourious_Basterds,False
697,2009 (82nd),The White Ribbon,Christian Berger,/wiki/The_White_Ribbon,False
698,2010 (83rd),,,,False
699,2010 (83rd),Inception,Wally Pfister,/wiki/Inception,False
700,2010 (83rd),Black Swan,Matthew Libatique,/wiki/Black_Swan_(film),False
701,2010 (83rd),The King's Speech,Danny Cohen,/wiki/The_King%27s_Speech,False
702,2010 (83rd),The Social Network,Jeff Cronenweth,/wiki/The_Social_Network,False
703,2010 (83rd),True Grit,Roger Deakins,/wiki/True_Grit_(2010_film),False
704,2011 (84th),,,,False
705,2011 (84th),Hugo,Robert Richardson,/wiki/Hugo_(film),False
706,2011 (84th),The Artist,Guillaume Schiffman,/wiki/The_Artist_(film),False
707,2011 (84th),The Girl with the Dragon Tattoo,Jeff Cronenweth,/wiki/The_Girl_with_the_Dragon_Tattoo_(2011_film),False
708,2011 (84th),The Tree of Life,Emmanuel Lubezki,/wiki/The_Tree_of_Life_(film),False
709,2011 (84th),War Horse,Janusz Kamiński,/wiki/War_Horse_(film),False
710,2012 (85th),,,,False
711,2012 (85th),Life of Pi,Claudio Miranda,/wiki/Life_of_Pi_(film),False
712,2012 (85th),Anna Karenina,Seamus McGarvey,/wiki/Anna_Karenina_(2012_film),False
713,2012 (85th),Django Unchained,Robert Richardson,/wiki/Django_Unchained,False
714,2012 (85th),Lincoln,Janusz Kamiński,/wiki/Lincoln_(film),False
715,2012 (85th),Skyfall,Roger Deakins,/wiki/Skyfall,False
716,2013 (86th),,,,False
717,2013 (86th),Gravity,Emmanuel Lubezki,/wiki/Gravity_(2013_film),False
718,2013 (86th),The Grandmaster,Philippe Le Sourd,/wiki/The_Grandmaster_(film),False
719,2013 (86th),Inside Llewyn Davis,Bruno Delbonnel,/wiki/Inside_Llewyn_Davis,False
720,2013 (86th),Nebraska,Phedon Papamichael,/wiki/Nebraska_(film),False
721,2013 (86th),Prisoners,Roger Deakins,/wiki/Prisoners_(2013_film),False
722,2014 (87th),,,,False
723,2014 (87th),Birdman or (The Unexpected Virtue of Ignorance),Emmanuel Lubezki,/wiki/Birdman_(film),False
724,2014 (87th),The Grand Budapest Hotel,Robert Yeoman,/wiki/The_Grand_Budapest_Hotel,False
725,2014 (87th),Ida,Łukasz Żal and Ryszard Lenczewski,/wiki/Ida_(film),False
726,2014 (87th),Mr. Turner,Dick Pope,/wiki/Mr._Turner,False
727,2014 (87th),Unbroken,Roger Deakins,/wiki/Unbroken_(film),False
728,2015 (88th),,,,False
729,2015 (88th),The Revenant,Emmanuel Lubezki,/wiki/The_Revenant_(2015_film),False
730,2015 (88th),Carol,Edward Lachman,/wiki/Carol_(film),False
731,2015 (88th),The Hateful Eight,Robert Richardson,/wiki/The_Hateful_Eight,False
732,2015 (88th),Mad Max: Fury Road,John Seale,/wiki/Mad_Max:_Fury_Road,False
733,2015 (88th),Sicario,Roger Deakins,/wiki/Sicario_(2015_film),False
734,2016 (89th) [10],,,,False
735,2016 (89th) [10],La La Land,Linus Sandgren,/wiki/La_La_Land,False
736,2016 (89th) [10],Arrival,Bradford Young,/wiki/Arrival_(film),False
737,2016 (89th) [10],Lion,Greig Fraser,/wiki/Lion_(2016_film),False
738,2016 (89th) [10],Moonlight,James Laxton,/wiki/Moonlight_(2016_film),False
739,2016 (89th) [10],Silence,Rodrigo Prieto,/wiki/Silence_(2016_film),False
740,2017 (90th),Blade Runner 2049,Roger Deakins,/wiki/Blade_Runner_2049,True
741,2017 (90th),Darkest Hour,Bruno Delbonnel,/wiki/Darkest_Hour_(film),False
742,2017 (90th),Dunkirk,Hoyte van Hoytema,/wiki/Dunkirk_(2017_film),False
743,2017 (90th),Mudbound,Rachel Morrison,/wiki/Mudbound_(film),False
744,2017 (90th),The Shape of Water,Dan Laustsen,/wiki/The_Shape_of_Water,False
745,2018 (91st),,,,False
746,2018 (91st),Roma,Alfonso Cuarón,/wiki/Roma_(2018_film),False
747,2018 (91st),Cold War,Łukasz Żal,/wiki/Cold_War_(2018_film),False
748,2018 (91st),The Favourite,Robbie Ryan,/wiki/The_Favourite,False
749,2018 (91st),Never Look Away,Caleb Deschanel,/wiki/Never_Look_Away,False
750,2018 (91st),A Star Is Born,Matthew Libatique,/wiki/A_Star_Is_Born_(2018_film),False
751,2019 (92nd),,,,False
752,2019 (92nd),1917,Roger Deakins,/wiki/1917_(2019_film),False
753,2019 (92nd),The Irishman,Rodrigo Prieto,/wiki/The_Irishman,False
754,2019 (92nd),Joker,Lawrence Sher,/wiki/Joker_(2019_film),False
755,2019 (92nd),The Lighthouse,Jarin Blaschke,/wiki/The_Lighthouse_(2019_film),False
756,2019 (92nd),Once Upon a Time in Hollywood,Robert Richardson,/wiki/Once_Upon_a_Time_in_Hollywood,False
757,2020/21 (93rd),,,,False
758,2020/21 (93rd),Mank,Erik Messerschmidt,/wiki/Mank,True
759,2020/21 (93rd),Judas and the Black Messiah,Sean Bobbitt,/wiki/Judas_and_the_Black_Messiah,False
760,2020/21 (93rd),News of the World,Dariusz Wolski,/wiki/News_of_the_World_(film),False
761,2020/21 (93rd),Nomadland,Joshua James Richards,/wiki/Nomadland_(film),False
762,2020/21 (93rd),The Trial of the Chicago 7,Phedon Papamichael,/wiki/The_Trial_of_the_Chicago_7,False
763,2021 (94th),,,,False
764,2021 (94th),Dune,Greig Fraser,/wiki/Dune_(2021_film),True
765,2021 (94th),Nightmare Alley,Dan Laustsen,/wiki/Nightmare_Alley_(2021_film),False
766,2021 (94th),The Power of the Dog,Ari Wegner,/wiki/The_Power_of_the_Dog_(film),False
767,2021 (94th),The Tragedy of Macbeth,Bruno Delbonnel,/wiki/The_Tragedy_of_Macbeth_(2021_film),False
768,2021 (94th),West Side Story,Janusz Kamiński,/wiki/West_Side_Story_(2021_film),False
769,2022 (95th),,,,False
770,2022 (95th),All Quiet on the Western Front,James Friend,/wiki/All_Quiet_on_the_Western_Front_(2022_film),True
771,2022 (95th),"Bardo, False Chronicle of a Handful of Truths",Darius Khondji,"/wiki/Bardo,_False_Chronicle_of_a_Handful_of_Truths",False
772,2022 (95th),Elvis,Mandy Walker,/wiki/Elvis_(2022_film),False
773,2022 (95th),Empire of Light,Roger Deakins,/wiki/Empire_of_Light,False
774,2022 (95th),Tár,Florian Hoffmeister,/wiki/T%C3%A1r,False
775,2023 (96th),,,,False
776,2023 (96th),El Conde,Edward Lachman,/wiki/El_Conde_(film),False
777,2023 (96th),Killers of the Flower Moon,Rodrigo Prieto,/wiki/Killers_of_the_Flower_Moon_(film),False
778,2023 (96th),Maestro,Matthew Libatique,/wiki/Maestro_(2023_film),False
779,2023 (96th),Oppenheimer,Hoyte van Hoytema,/wiki/Oppenheimer_(film),False
780,2023 (96th),Poor Things,Robbie Ryan,/wiki/Poor_Things_(film),False
