,Year,Film,Nominees,FilmLink,Won
0,1931–32 (5th) [note 1][3],,,,False
1,1931–32 (5th) [note 1][3],Comedy,Comedy,,False
2,1931–32 (5th) [note 1][3],The Music Box,Hal Roach,/wiki/The_Music_Box,True
3,1931–32 (5th) [note 1][3],The Loud Mouth,Mack Sennett,/wiki/The_Loud_Mouth,False
4,1931–32 (5th) [note 1][3],Scratch-As-Catch-Can,RKO Radio,/wiki/Scratch-As-Catch-Can,False
5,1931–32 (5th) [note 1][3],Novelty,Novelty,,False
6,1931–32 (5th) [note 1][3],Wrestling Swordfish,Mack Sennett,/wiki/Wrestling_Swordfish,True
7,1931–32 (5th) [note 1][3],Screen Souvenirs,Paramount Publix,/wiki/Screen_Souvenirs,False
8,1931–32 (5th) [note 1][3],Swing High,Metro-Goldwyn-Mayer,/wiki/Swing_High,False
9,1932–33 (6th),,,,False
10,1932–33 (6th),Comedy,Comedy,,False
11,1932–33 (6th),So This Is Harris!,Louis Brock,/wiki/So_This_Is_Harris,True
12,1932–33 (6th),Mister Mugg,Warren Doane,/wiki/Mister_Mugg,False
13,1932–33 (6th),A Preferred List,Louis Brock,/wiki/A_Preferred_List,False
14,1932–33 (6th),Novelty,Novelty,,False
15,1932–33 (6th),Krakatoa,Joe Rock,/wiki/Krakatoa_(film),True
16,1932–33 (6th),Menu,Pete Smith,/wiki/Menu_(film),False
17,1932–33 (6th),The Sea,Educational,/wiki/The_Sea_(1933_film),False
18,1934 (7th),,,,False
19,1934 (7th),Comedy,Comedy,,False
20,1934 (7th),La Cucaracha,Kenneth Macgowan,/wiki/La_Cucaracha_(1934_film),True
21,1934 (7th),Men in Black,Jules White,/wiki/Men_in_Black_(1934_film),False
22,1934 (7th),"What, No Men!",Warner Bros.,"/wiki/What,_No_Men!",False
23,1934 (7th),Novelty,Novelty,,False
24,1934 (7th),City of Wax,Stacy Woodard and Horace Woodard,/wiki/City_of_Wax,True
25,1934 (7th),Bosom Friends,Skibo Productions,/wiki/Bosom_Friends,False
26,1934 (7th),Strikes and Spares,Pete Smith,/wiki/Strikes_and_Spares,False
27,1935 (8th),,,,False
28,1935 (8th),Comedy,Comedy,,False
29,1935 (8th),How to Sleep,Jack Chertok,/wiki/How_to_Sleep,True
30,1935 (8th),"Oh, My Nerves",Jules White,"/wiki/Oh,_My_Nerves",False
31,1935 (8th),Tit for Tat,Hal Roach,/wiki/Tit_for_Tat_(1935_film),False
32,1935 (8th),Novelty,Novelty,,False
33,1935 (8th),Wings Over Everest,Gaumont British and Skibo Productions,/wiki/Wings_Over_Everest,True
34,1935 (8th),Audioscopiks,Pete Smith,/wiki/Audioscopiks,False
35,1935 (8th),Camera Thrills,Universal,/wiki/Camera_Thrills,False
36,1936 (9th),,,,False
37,1936 (9th),Color,Color,,False
38,1936 (9th),Give Me Liberty,Warner Bros.,/wiki/Give_Me_Liberty_(1936_film),True
39,1936 (9th),La Fiesta de Santa Barbara,Louis Lewyn,/wiki/La_Fiesta_de_Santa_Barbara,False
40,1936 (9th),Popular Science J-6-2,Paramount,/wiki/Popular_Science_(film),False
41,1936 (9th),One-Reel,One-Reel,,False
42,1936 (9th),Bored of Education,Hal Roach,/wiki/Bored_of_Education,True
43,1936 (9th),Moscow Moods,Paramount,/wiki/Moscow_Moods,False
44,1936 (9th),"Wanted, a Master",Pete Smith,/wiki/Wanted_%E2%80%93_A_Master,False
45,1936 (9th),Two-Reel,Two-Reel,,False
46,1936 (9th),The Public Pays,Metro-Goldwyn-Mayer,/wiki/The_Public_Pays,True
47,1936 (9th),Double or Nothing,Warner Bros.,/wiki/Double_or_Nothing_(1936_film),False
48,1936 (9th),Dummy Ache,RKO Radio,/wiki/Dummy_Ache,False
49,1937 (10th),,,,False
50,1937 (10th),Color,Color,,False
51,1937 (10th),Penny Wisdom,Pete Smith,/wiki/Penny_Wisdom,True
52,1937 (10th),The Man Without a Country,Warner Bros.,/wiki/The_Man_Without_a_Country_(1937_film),False
53,1937 (10th),Popular Science J-7-1,Paramount,/wiki/Popular_Science_(film),False
54,1937 (10th),One-Reel,One-Reel,,False
55,1937 (10th),The Private Life of the Gannets,Skibo Productions,/wiki/The_Private_Life_of_the_Gannets,True
56,1937 (10th),A Night at the Movies,Metro-Goldwyn-Mayer,/wiki/A_Night_at_the_Movies_(film),False
57,1937 (10th),Romance of Radium,Pete Smith,/wiki/Romance_of_Radium,False
58,1937 (10th),Two-Reel,Two-Reel,,False
59,1937 (10th),Torture Money,Metro-Goldwyn-Mayer,/wiki/Torture_Money,True
60,1937 (10th),Deep South,RKO Radio,/wiki/Deep_South_(film),False
61,1937 (10th),Should Wives Work?,RKO Radio,/wiki/Should_Wives_Work%3F,False
62,1938 (11th),,,,False
63,1938 (11th),One-Reel,One-Reel,,False
64,1938 (11th),That Mothers Might Live,Metro-Goldwyn-Mayer,/wiki/That_Mothers_Might_Live,True
65,1938 (11th),The Great Heart,Metro-Goldwyn-Mayer,/wiki/The_Great_Heart,False
66,1938 (11th),Timber Toppers,20th Century-Fox,/wiki/Timber_Toppers,False
67,1938 (11th),Two-Reel,Two-Reel,,False
68,1938 (11th),Declaration of Independence,Warner Bros.,/wiki/Declaration_of_Independence_(film),True
69,1938 (11th),Swingtime in the Movies,Warner Bros.,/wiki/Swingtime_in_the_Movies,False
70,1938 (11th),They're Always Caught,Metro-Goldwyn-Mayer,/wiki/They%27re_Always_Caught,False
71,1939 (12th),,,,False
72,1939 (12th),One-Reel,One-Reel,,False
73,1939 (12th),Busy Little Bears,Paramount,/wiki/Busy_Little_Bears,True
74,1939 (12th),Information Please,RKO Radio,/wiki/Information_Please,False
75,1939 (12th),Prophet Without Honor,Metro-Goldwyn-Mayer,/wiki/Prophet_Without_Honor,False
76,1939 (12th),Sword Fishing,Warner Bros.,/wiki/Sword_Fishing,False
77,1939 (12th),Two-Reel,Two-Reel,,False
78,1939 (12th),Sons of Liberty,Warner Bros.,/wiki/Sons_of_Liberty_(film),True
79,1939 (12th),Drunk Driving,Metro-Goldwyn-Mayer,/wiki/Drunk_Driving_(film),False
80,1939 (12th),Five Times Five,RKO Radio,/wiki/Five_Times_Five,False
81,1940 (13th),,,,False
82,1940 (13th),One-Reel,One-Reel,,False
83,1940 (13th),Quicker'n a Wink,Pete Smith,/wiki/Quicker%27n_a_Wink,True
84,1940 (13th),London Can Take It!,Warner Bros.,/wiki/London_Can_Take_It!,False
85,1940 (13th),More About Nostradamus,Metro-Goldwyn-Mayer,/wiki/More_About_Nostradamus,False
86,1940 (13th),Siege,RKO Radio,/wiki/Siege_(1940_film),False
87,1940 (13th),Two-Reel,Two-Reel,,False
88,1940 (13th),"Teddy, the Rough Rider",Warner Bros.,"/wiki/Teddy,_the_Rough_Rider",True
89,1940 (13th),Eyes of the Navy,Metro-Goldwyn-Mayer,/wiki/Eyes_of_the_Navy,False
90,1940 (13th),Service with the Colors,Warner Bros.,/wiki/Service_with_the_Colors,False
91,1941 (14th),,,,False
92,1941 (14th),One-Reel,One-Reel,,False
93,1941 (14th),Of Pups and Puzzles,Metro-Goldwyn-Mayer,/wiki/Of_Pups_and_Puzzles,True
94,1941 (14th),Army Champions,Pete Smith,/wiki/Army_Champions,False
95,1941 (14th),Beauty and the Beach,Paramount,/wiki/Beauty_and_the_Beach_(film),False
96,1941 (14th),Down on the Farm,Paramount,/wiki/Down_on_the_Farm_(1941_film),False
97,1941 (14th),Forty Boys and a Song,Warner Bros.,/wiki/Forty_Boys_and_a_Song,False
98,1941 (14th),Kings of the Turf,Warner Bros.,/wiki/Kings_of_the_Turf,False
99,1941 (14th),Sagebrush and Silver,20th Century-Fox,/wiki/Sagebrush_and_Silver,False
100,1941 (14th),Two-Reel,Two-Reel,,False
101,1941 (14th),Main Street on the March!,Metro-Goldwyn-Mayer,/wiki/Main_Street_on_the_March!,True
102,1941 (14th),Alive in the Deep,"Woodward Productions, Inc.",/wiki/Alive_in_the_Deep,False
103,1941 (14th),Forbidden Passage,Metro-Goldwyn-Mayer,/wiki/Forbidden_Passage,False
104,1941 (14th),The Gay Parisian,Warner Bros.,/wiki/The_Gay_Parisian,False
105,1941 (14th),The Tanks Are Coming,United States Army,/wiki/The_Tanks_Are_Coming_(1941_film),False
106,1942 (15th),,,,False
107,1942 (15th),One-Reel,One-Reel,,False
108,1942 (15th),Speaking of Animals and Their Families,Paramount,/wiki/Speaking_of_Animals_and_Their_Families,True
109,1942 (15th),Desert Wonderland,20th Century-Fox,/wiki/Desert_Wonderland,False
110,1942 (15th),Marines in the Making,Pete Smith,/wiki/Marines_in_the_Making,False
111,1942 (15th),United States Marine Band,Warner Bros.,/wiki/United_States_Marine_Band_(film),False
112,1942 (15th),Two-Reel,Two-Reel,,False
113,1942 (15th),Beyond the Line of Duty,Warner Bros.,/wiki/Beyond_the_Line_of_Duty,True
114,1942 (15th),Don't Talk,Metro-Goldwyn-Mayer,/wiki/Don%27t_Talk_(film),False
115,1942 (15th),Private Smith of the U.S.A.,RKO Radio,/wiki/Private_Smith_of_the_U.S.A.,False
116,1943 (16th),,,,False
117,1943 (16th),One-Reel,One-Reel,,False
118,1943 (16th),Amphibious Fighters,Grantland Rice,/wiki/Amphibious_Fighters,True
119,1943 (16th),Cavalcade of Dance with Veloz and Yolanda,Gordon Hollingshead,/wiki/Cavalcade_of_Dance,False
120,1943 (16th),Champions Carry On,Edmund Reek,/wiki/Champions_Carry_On,False
121,1943 (16th),Hollywood in Uniform,Ralph Staub,/wiki/Hollywood_in_Uniform,False
122,1943 (16th),Seeing Hands,Pete Smith,/wiki/Seeing_Hands,False
123,1943 (16th),Two-Reel,Two-Reel,,False
124,1943 (16th),Heavenly Music,Jerry Bresler and Sam Coslow,/wiki/Heavenly_Music,True
125,1943 (16th),Letter to a Hero,Frederic Ullman Jr.,/wiki/Letter_to_a_Hero,False
126,1943 (16th),Mardi Gras,Walter MacEwen,/wiki/Mardi_Gras_(1943_film),False
127,1943 (16th),Women at War,Gordon Hollingshead,/wiki/Women_at_War,False
128,1944 (17th),,,,False
129,1944 (17th),One-Reel,One-Reel,,False
130,1944 (17th),Who's Who in Animal Land,Jerry Fairbanks,/wiki/Who%27s_Who_in_Animal_Land,True
131,1944 (17th),Blue Grass Gentlemen,Edmund Reek,,False
132,1944 (17th),Jammin' the Blues,Gordon Hollingshead,/wiki/Jammin%27_the_Blues,False
133,1944 (17th),Movie Pests,Pete Smith,,False
134,1944 (17th),Screen Snapshots' 50th Anniversary of Motion Pictures,Ralph Staub,/wiki/Screen_Snapshots,False
135,1944 (17th),Two-Reel,Two-Reel,,False
136,1944 (17th),I Won't Play,Gordon Hollingshead,/wiki/I_Won%27t_Play,True
137,1944 (17th),Bombalera,Louis Harris,,False
138,1944 (17th),Main Street Today,Jerry Bresler,,False
139,1945 (18th),,,,False
140,1945 (18th),One-Reel,One-Reel,,False
141,1945 (18th),Stairway to Light,Herbert Moulton and Jerry Bresler,/wiki/Stairway_to_Light,True
142,1945 (18th),Along the Rainbow Trail,Edmund Reek,,False
143,1945 (18th),Screen Snapshots' 25th Anniversary,Ralph Staub,/wiki/Screen_Snapshots,False
144,1945 (18th),Story of a Dog,Gordon Hollingshead,,False
145,1945 (18th),White Rhapsody,Grantland Rice,,False
146,1945 (18th),Your National Gallery,Joseph O'Brien and Thomas Mead,,False
147,1945 (18th),Two-Reel,Two-Reel,,False
148,1945 (18th),Star in the Night,Gordon Hollingshead,/wiki/Star_in_the_Night,True
149,1945 (18th),A Gun in His Hand,Chester Franklin and Jerry Bresler,,False
150,1945 (18th),The Jury Goes Round 'N' Round,Jules White,,False
151,1945 (18th),The Little Witch,George Templeton,,False
152,1946 (19th),,,,False
153,1946 (19th),One-Reel,One-Reel,,False
154,1946 (19th),Facing Your Danger,Gordon Hollingshead,/wiki/Facing_Your_Danger,True
155,1946 (19th),Dive-Hi Champs,Jack Eaton,,False
156,1946 (19th),Golden Horses,Edmund Reek,,False
157,1946 (19th),Smart as a Fox,Gordon Hollingshead,,False
158,1946 (19th),Sure Cures,Pete Smith,,False
159,1946 (19th),Two-Reel,Two-Reel,,False
160,1946 (19th),A Boy and His Dog,Gordon Hollingshead,/wiki/A_Boy_and_His_Dog_(1946_film),True
161,1946 (19th),College Queen,George Templeton,,False
162,1946 (19th),Hiss and Yell,Jules White,,False
163,1946 (19th),The Luckiest Guy in the World,Jerry Bresler,,False
164,1947 (20th),,,,False
165,1947 (20th),One-Reel,One-Reel,,False
166,1947 (20th),"Goodbye, Miss Turlock",Herbert Moulton,"/wiki/Goodbye,_Miss_Turlock",True
167,1947 (20th),"Brooklyn, U.S.A.",Thomas Mead,,False
168,1947 (20th),Moon Rockets,Jerry Fairbanks,,False
169,1947 (20th),Now You See It,Pete Smith,,False
170,1947 (20th),So You Want to Be in Pictures,Gordon Hollingshead,/wiki/So_You_Want_to_Be_in_Pictures,False
171,1947 (20th),Two-Reel,Two-Reel,,False
172,1947 (20th),Climbing the Matterhorn,Irving Allen,/wiki/Climbing_the_Matterhorn,True
173,1947 (20th),Champagne for Two,Harry Grey,,False
174,1947 (20th),Fight of the Wild Stallions,Thomas Mead,,False
175,1947 (20th),Give Us the Earth,Herbert Morgan,,False
176,1947 (20th),A Voice Is Born: The Story of Niklos Gafni,Ben Blake,,False
177,1948 (21st),,,,False
178,1948 (21st),One-Reel,One-Reel,,False
179,1948 (21st),Symphony of a City,Edmund Reek,/wiki/Symphony_of_a_City,True
180,1948 (21st),Annie Was a Wonder,Herbert Moulton,,False
181,1948 (21st),Cinderella Horse,Gordon Hollingshead,,False
182,1948 (21st),So You Want to Be on the Radio,Gordon Hollingshead,,False
183,1948 (21st),You Can't Win,Pete Smith,,False
184,1948 (21st),Two-Reel,Two-Reel,,False
185,1948 (21st),Seal Island,Walt Disney,/wiki/Seal_Island_(film),True
186,1948 (21st),Calgary Stampede,Gordon Hollingshead,,False
187,1948 (21st),Going to Blazes,Herbert Morgan,,False
188,1948 (21st),Samba-Mania,Harry Grey,,False
189,1948 (21st),Snow Capers,Thomas Mead,/wiki/Snow_Capers,False
190,1949 (22nd),,,,False
191,1949 (22nd),One-Reel,One-Reel,,False
192,1949 (22nd),Aquatic House Party,Jack Eaton,/wiki/Aquatic_House_Party,True
193,1949 (22nd),Roller Derby Girl,Justin Herman,/wiki/Roller_Derby_Girl,False
194,1949 (22nd),So You Think You're Not Guilty,Gordon Hollingshead,,False
195,1949 (22nd),Spills and Chills,Walton C. Ament,,False
196,1949 (22nd),Water Trix,Pete Smith,,False
197,1949 (22nd),Two-Reel,Two-Reel,,False
198,1949 (22nd),Van Gogh,Gaston Diehl and Robert Haessens,/wiki/Van_Gogh_(1948_film),True
199,1949 (22nd),The Boy and the Eagle,William Lasky,,False
200,1949 (22nd),Chase of Death,Irving Allen,,False
201,1949 (22nd),The Grass Is Always Greener,Gordon Hollingshead,,False
202,1949 (22nd),Snow Carnival,Gordon Hollingshead,,False
203,1950 (23rd),,,,False
204,1950 (23rd),One-Reel,One-Reel,,False
205,1950 (23rd),Grandad of Races,Gordon Hollingshead,/wiki/Grandad_of_Races,True
206,1950 (23rd),Blaze Busters,Robert Youngson,/wiki/Blaze_Busters,False
207,1950 (23rd),Wrong Way Butch,Pete Smith,,False
208,1950 (23rd),Two-Reel,Two-Reel,,False
209,1950 (23rd),In Beaver Valley,Walt Disney,/wiki/In_Beaver_Valley,True
210,1950 (23rd),Grandma Moses,"Falcon Films, Inc.",,False
211,1950 (23rd),My Country 'Tis of Thee,Gordon Hollingshead,,False
212,1951 (24th),,,,False
213,1951 (24th),One-Reel,One-Reel,,False
214,1951 (24th),World of Kids,Robert Youngson,/wiki/World_of_Kids,True
215,1951 (24th),Ridin' the Rails,Jack Eaton,,False
216,1951 (24th),The Story of Time,Roger G. Leffingwell,,False
217,1951 (24th),Two-Reel,Two-Reel,,False
218,1951 (24th),Nature's Half Acre,Walt Disney,/wiki/Nature%27s_Half_Acre,True
219,1951 (24th),Balzac,Les Films du Compass,,False
220,1951 (24th),Danger Under the Sea,Tom Mead,,False
221,1952 (25th),,,,False
222,1952 (25th),One-Reel,One-Reel,,False
223,1952 (25th),Light in the Window,Boris Vermont,/wiki/Light_in_the_Window,True
224,1952 (25th),Athletes of the Saddle,Jack Eaton,,False
225,1952 (25th),Desert Killer,Gordon Hollingshead,,False
226,1952 (25th),Neighbours,Norman McLaren,/wiki/Neighbours_(1952_film),False
227,1952 (25th),Royal Scotland,Crown Film Unit,,False
228,1952 (25th),Two-Reel,Two-Reel,,False
229,1952 (25th),Water Birds,Walt Disney,/wiki/Water_Birds,True
230,1952 (25th),Bridge of Time,London Film Productions,/wiki/Bridge_of_Time,False
231,1952 (25th),Devil Take Us,Herbert Morgan,/wiki/Devil_Take_Us,False
232,1952 (25th),Thar She Blows!,Gordon Hollingshead,,False
233,1953 (26th),,,,False
234,1953 (26th),One-Reel,One-Reel,,False
235,1953 (26th),Overture to The Merry Wives of Windsor,Johnny Green,/wiki/Overture_to_The_Merry_Wives_of_Windsor,True
236,1953 (26th),Christ Among the Primitives,Vincenzo Lucci-Chiarissi,,False
237,1953 (26th),Herring Hunt,National Film Board of Canada,/wiki/Herring_Hunt,False
238,1953 (26th),Joy of Living,Boris Vermont,,False
239,1953 (26th),Wee Water Wonders,Jack Eaton,,False
240,1953 (26th),Two-Reel,Two-Reel,,False
241,1953 (26th),Bear Country,Walt Disney,/wiki/Bear_Country_(film),True
242,1953 (26th),Ben and Me,Walt Disney,/wiki/Ben_and_Me,False
243,1953 (26th),Return to Glennascaul,Dublin Gate Theatre Productions,/wiki/Return_to_Glennascaul,False
244,1953 (26th),Vesuvius Express,Otto Lang,,False
245,1953 (26th),Winter Paradise,Cedric Francis,,False
246,1954 (27th),,,,False
247,1954 (27th),One-Reel,One-Reel,,False
248,1954 (27th),This Mechanical Age,Robert Youngson,/wiki/This_Mechanical_Age,True
249,1954 (27th),The First Piano Quartette,Otto Lang,,False
250,1954 (27th),The Strauss Fantasy,Johnny Green,,False
251,1954 (27th),Two-Reel,Two-Reel,,False
252,1954 (27th),A Time Out of War,Denis Sanders and Terry Sanders,/wiki/A_Time_Out_of_War,True
253,1954 (27th),Beauty and the Bull,Cedric Francis,/wiki/Beauty_and_the_Bull,False
254,1954 (27th),Jet Carrier,Otto Lang,/wiki/Jet_Carrier,False
255,1954 (27th),Siam,Walt Disney,,False
256,1955 (28th),,,,False
257,1955 (28th),One-Reel,One-Reel,,False
258,1955 (28th),Survival City,Edmund Reek,/wiki/Survival_City,True
259,1955 (28th),3rd Ave. El,Carson Davidson,,False
260,1955 (28th),Gadgets Galore,Robert Youngson,,False
261,1955 (28th),Three Kisses,Justin Herman,,False
262,1955 (28th),Two-Reel,Two-Reel,,False
263,1955 (28th),The Face of Lincoln,Wilbur T. Blume,/wiki/The_Face_of_Lincoln,True
264,1955 (28th),24-Hour Alert,Cedric Francis,/wiki/24_Hour_Alert,False
265,1955 (28th),The Battle of Gettysburg,Dore Schary,/wiki/The_Battle_of_Gettysburg_(1955_film),False
266,1955 (28th),On the Twelfth Day,George K. Arthur,,False
267,1955 (28th),Switzerland,Walt Disney,,False
268,1956 (29th),,,,False
269,1956 (29th),One-Reel,One-Reel,,False
270,1956 (29th),Crashing the Water Barrier,Konstantin Kalser,/wiki/Crashing_the_Water_Barrier,True
271,1956 (29th),I Never Forget a Face,Robert Youngson,/wiki/I_Never_Forget_a_Face,False
272,1956 (29th),Time Stood Still,Cedric Francis,/wiki/Time_Stood_Still_(film),False
273,1956 (29th),Two-Reel,Two-Reel,,False
274,1956 (29th),The Bespoke Overcoat,Romulus Films,/wiki/The_Bespoke_Overcoat,True
275,1956 (29th),Cow Dog,Larry Lansburgh,,False
276,1956 (29th),The Dark Wave,John Healy,/wiki/The_Dark_Wave,False
277,1956 (29th),Samoa,Walt Disney,,False
278,1957 (30th),,,,False
279,1957 (30th),The Wetback Hound,Walt Disney,/wiki/The_Wetback_Hound,True
280,1957 (30th),A Chairy Tale,Norman McLaren,/wiki/A_Chairy_Tale,False
281,1957 (30th),City of Gold,Tom Daly,/wiki/City_of_Gold_(1957_film),False
282,1957 (30th),Foothold on Antarctica,James Carr,,False
283,1957 (30th),Portugal,Ben Sharpsteen,,False
284,1958 (31st),,,,False
285,1958 (31st),Grand Canyon,Walt Disney,/wiki/Grand_Canyon_(1958_film),True
286,1958 (31st),Journey Into Spring,Ian Ferguson,/wiki/Journey_Into_Spring,False
287,1958 (31st),The Kiss,John Patrick Hayes,/wiki/The_Kiss_(1958_film),False
288,1958 (31st),Snows of Aorangi,New Zealand Screen Board,/wiki/Snows_of_Aorangi,False
289,1958 (31st),T Is for Tumbleweed,James A. Lebenthal,,False
290,1959 (32nd),,,,False
291,1959 (32nd),The Golden Fish,Jacques-Yves Cousteau,/wiki/The_Golden_Fish_(film),True
292,1959 (32nd),Between the Tides,Ian Ferguson,,False
293,1959 (32nd),Mysteries of the Deep,Walt Disney,,False
294,1959 (32nd),"The Running, Jumping and Standing-Still Film",Peter Sellers,/wiki/The_Running_Jumping_%26_Standing_Still_Film,False
295,1959 (32nd),Skyscraper,"Shirley Clarke, Willard Van Dyke and Irving Jacoby",/wiki/Skyscraper_(1959_film),False
296,1960 (33rd),,,,False
297,1960 (33rd),Day of the Painter,Ezra R. Baker,/wiki/Day_of_the_Painter,True
298,1960 (33rd),The Creation of Woman,Charles F. Schwep and Ismail Merchant,,False
299,1960 (33rd),Islands of the Sea,Walt Disney,,False
300,1960 (33rd),A Sport Is Born,Leslie Winik,,False
301,1961 (34th),,,,False
302,1961 (34th),Seawards the Great Ships,"Templar Film Studios, Hilary Harris",/wiki/Seawards_the_Great_Ships,True
303,1961 (34th),Ballon Vole (Play Ball!),Ciné-Documents,,False
304,1961 (34th),The Face of Jesus,Dr. John D. Jennings,/wiki/Robert_Merrell_Gage,False
305,1961 (34th),Rooftops of New York,Robert Gaffney,,False
306,1961 (34th),"Very Nice, Very Nice",National Film Board of Canada,"/wiki/Very_Nice,_Very_Nice",False
307,1962 (35th),,,,False
308,1962 (35th),Heureux Anniversaire (Happy Anniversary),Pierre Étaix and Jean-Claude Carrière,/wiki/Heureux_Anniversaire,True
309,1962 (35th),Big City Blues,Martina Huguenot van der Linden and Charles Huguenot van der Linden,,False
310,1962 (35th),The Cadillac,Robert Clouse,,False
311,1962 (35th),The Cliff Dwellers [note 2],Hayward Anderson,,False
312,1962 (35th),Pan,Herman van der Horst,,False
313,1963 (36th),,,,False
314,1963 (36th),An Occurrence at Owl Creek Bridge,Paul de Roubaix and Marcel Ichac,/wiki/An_Occurrence_at_Owl_Creek_Bridge_(film),True
315,1963 (36th),The Concert,Ezra Baker,,False
316,1963 (36th),Home-Made Car,James Hill,/wiki/Home-Made_Car,False
317,1963 (36th),Six-Sided Triangle,Christopher Miles,,False
318,1963 (36th),That's Me,Walker Stuart,/wiki/That%27s_Me_(film),False
319,1964 (37th),,,,False
320,1964 (37th),Casals Conducts: 1964,Edward Schreiber,/wiki/Casals_Conducts:_1964,True
321,1964 (37th),Help! My Snowman's Burning Down,Carson Davidson,,False
322,1964 (37th),The Legend of Jimmy Blue Eyes,Robert Clouse,/wiki/The_Legend_of_Jimmy_Blue_Eyes,False
323,1965 (38th),,,,False
324,1965 (38th),The Chicken (Le Poulet),Claude Berri,/wiki/The_Chicken_(film),True
325,1965 (38th),Fortress of Peace,Lothar Wolff,/wiki/Fortress_of_Peace,False
326,1965 (38th),Skaterdater,Marshal Backlar and Noel Black,/wiki/Skaterdater,False
327,1965 (38th),Snow,Edgar Anstey,/wiki/Snow_(1963_film),False
328,1965 (38th),Time Piece,Jim Henson,/wiki/Time_Piece,False
329,1966 (39th),,,,False
330,1966 (39th),Wild Wings,Edgar Anstey,/wiki/Wild_Wings,True
331,1966 (39th),Turkey the Bridge,Marin Karmitz and Vladimir Forgency,,False
332,1966 (39th),The Winning Strain,Leslie Winik,,False
333,1967 (40th),,,,False
334,1967 (40th),A Place to Stand,Christopher Chapman,/wiki/A_Place_to_Stand_(film),True
335,1967 (40th),Paddle to the Sea,Julian Biggs,/wiki/Paddle_to_the_Sea,False
336,1967 (40th),Sky Over Holland,John Ferno,,False
337,1967 (40th),"Stop, Look and Listen",Len Janson and Chuck Menville,/wiki/Stop_Look_and_Listen_(film),False
338,1968 (41st),,,,False
339,1968 (41st),Robert Kennedy Remembered,Charles Guggenheim,/wiki/Robert_Kennedy_Remembered,True
340,1968 (41st),The Dove,"George Coe, Sidney Davis and Anthony Lover",/wiki/The_Dove_(1968_film),False
341,1968 (41st),Duo,National Film Board of Canada,/wiki/Pas_de_deux_(film),False
342,1968 (41st),Prelude,John Astin,,False
343,1969 (42nd),,,,False
344,1969 (42nd),The Magic Machines,Joan Keller Stern,/wiki/The_Magic_Machines,True
345,1969 (42nd),Blake,Bill Mason,/wiki/Blake_(film),False
346,1969 (42nd),People Soup,Marc Merson,/wiki/Alan_Arkin,False
347,1970 (43rd),,,,False
348,1970 (43rd),The Resurrection of Broncho Billy,John Longenecker,/wiki/The_Resurrection_of_Broncho_Billy,True
349,1970 (43rd),Shut Up... I'm Crying,Robert Siegler,,False
350,1970 (43rd),Sticky My Fingers... Fleet My Feet,John Hancock,,False
351,1971 (44th),,,,False
352,1971 (44th),Sentinels of Silence,Manuel Arango and Robert Amram,/wiki/Sentinels_of_Silence,True
353,1971 (44th),Good Morning,Denny Evans and Ken Greenwald,,False
354,1971 (44th),The Rehearsal,Stephen F. Verona,,False
355,1972 (45th),,,,False
356,1972 (45th),Norman Rockwell's World... An American Dream,Richard Barclay,/wiki/Norman_Rockwell%27s_World..._An_American_Dream,True
357,1972 (45th),Frog Story,Ron Satlof and Ray Gideon,,False
358,1972 (45th),Solo,David Adams,,False
359,1973 (46th),,,,False
360,1973 (46th),The Bolero,Allan Miller and William Fertik,/wiki/The_Bolero,True
361,1973 (46th),Clockmaker,Richard Gayer,,False
362,1973 (46th),Life Times Nine,Pen Densham and John Watson,/wiki/Life_Times_Nine,False
363,1974 (47th),,,,False
364,1974 (47th),One-Eyed Men Are Kings,Paul Claudon and Edmond Séchan,/wiki/One-Eyed_Men_Are_Kings,True
365,1974 (47th),Climb,Dewitt Jones,,False
366,1974 (47th),The Concert,Julian Chagrin and Claude Chagrin,,False
367,1974 (47th),Planet Ocean,George V. Casey,,False
368,1974 (47th),The Violin,Andrew Welsh and George Pastic,,False
369,1975 (48th),,,,False
370,1975 (48th),Angel and Big Joe,Bert Salzman,/wiki/Angel_and_Big_Joe,True
371,1975 (48th),Conquest of Light,Louis Marcus,,False
372,1975 (48th),Dawn Flight,Lawrence M. Lansburgh and Brian Lansburgh,,False
373,1975 (48th),A Day in the Life of Bonnie Consolo,Barry Spinello,,False
374,1975 (48th),Doubletalk,Alan Beattie,,False
375,1976 (49th),,,,False
376,1976 (49th),In the Region of Ice,Andre R. Guttfreund and Peter Werner,/wiki/In_the_Region_of_Ice,True
377,1976 (49th),Kudzu,Marjorie Anne Short,,False
378,1976 (49th),The Morning Spider,Julian Chagrin and Claude Chagrin,,False
379,1976 (49th),Nightlife,Claire Wilbur and Robin Lehman,,False
380,1976 (49th),Number One,Dyan Cannon and Vince Cannon,,False
381,1977 (50th),,,,False
382,1977 (50th),I'll Find a Way,Beverly Shaffer and Yuki Yoshida,/wiki/I%27ll_Find_a_Way,True
383,1977 (50th),The Absent-Minded Waiter,William E. McEuen,/wiki/The_Absent-Minded_Waiter,False
384,1977 (50th),Floating Free,Jerry Butts,,False
385,1977 (50th),Notes on the Popular Arts,Saul Bass,,False
386,1977 (50th),Spaceborne,Philip Dauber,,False
387,1978 (51st),,,,False
388,1978 (51st),Teenage Father,Taylor Hackford,/wiki/Teenage_Father,True
389,1978 (51st),A Different Approach,Jim Belcher and Fern Field,/wiki/A_Different_Approach,False
390,1978 (51st),Mandy's Grandmother,Andrew Sugerman,,False
391,1978 (51st),Strange Fruit,Seth Pinsker,/wiki/Strange_Fruit_(novel)#Short_film,False
392,1979 (52nd),,,,False
393,1979 (52nd),Board and Care,Sarah Pillsbury and Ron Ellis,/wiki/Board_and_Care,True
394,1979 (52nd),Bravery in the Field,Roman Kroitor and Stefan Wodoslawsky,/wiki/Bravery_in_the_Field,False
395,1979 (52nd),"Oh Brother, My Brother",Carol Lowell and Ross Lowell,,False
396,1979 (52nd),The Solar Film,Saul Bass and Michael Britton,/wiki/The_Solar_Film,False
397,1979 (52nd),Solly's Diner,"Harry Mathias, Jay Zukerman and Larry Hankin",,False
398,1980 (53rd),,,,False
399,1980 (53rd),The Dollar Bottom,Lloyd Phillips,/wiki/The_Dollar_Bottom,True
400,1980 (53rd),Fall Line,Bob Carmichael and Greg Lowe,,False
401,1980 (53rd),A Jury of Her Peers,Sally Heckel,/wiki/A_Jury_of_Her_Peers,False
402,1981 (54th),,,,False
403,1981 (54th),Violet,Paul Kemp and Shelley Levinson,/wiki/Violet_(1981_film),True
404,1981 (54th),Couples and Robbers,Christine Oestreicher,,False
405,1981 (54th),First Winter,John N. Smith,,False
406,1982 (55th),,,,False
407,1982 (55th),A Shocking Accident,Christine Oestreicher,/wiki/A_Shocking_Accident,True
408,1982 (55th),Ballet Robotique,Bob Rogers,/wiki/Ballet_Robotique,False
409,1982 (55th),The Silence,Michael Toshiyuki Uno and Joseph Benson,,False
410,1982 (55th),Split Cherry Tree,Jan Saunders,,False
411,1982 (55th),Sredni Vashtar,Andrew Birkin,/wiki/Sredni_Vashtar_(film),False
412,1983 (56th),,,,False
413,1983 (56th),Boys and Girls,Janice L. Platt,/wiki/Boys_and_Girls_(1983_film),True
414,1983 (56th),Goodie-Two-Shoes,Ian Emes,,False
415,1983 (56th),Overnight Sensation,Jon N. Bloom,,False
416,1984 (57th),,,,False
417,1984 (57th),Up,Mike Hoover,/wiki/Up_(1984_film),True
418,1984 (57th),The Painted Door,Michael MacMillan and Janice L. Platt,/wiki/The_Painted_Door,False
419,1984 (57th),Tales of Meeting and Parting,Sharon Oreck and Lesli Linka Glatter,,False
420,1985 (58th),,,,False
421,1985 (58th),Molly's Pilgrim,Jeffrey D. Brown and Chris Pelzer,/wiki/Molly%27s_Pilgrim,True
422,1985 (58th),Graffiti,Dianna Costello,,False
423,1985 (58th),Rainbow War,Bob Rogers,/wiki/Rainbow_War,False
424,1986 (59th),,,,False
425,1986 (59th),Precious Images,Chuck Workman,/wiki/Precious_Images,True
426,1986 (59th),Exit,Stefano Reali and Pino Quartullo,,False
427,1986 (59th),Love Struck,Fredda Weiss,,False
428,1987 (60th),,,,False
429,1987 (60th),Ray's Male Heterosexual Dance Hall,Jonathan Sanger and Jana Sue Memel,/wiki/Ray%27s_Male_Heterosexual_Dance_Hall,True
430,1987 (60th),Making Waves,Ann Wingate,,False
431,1987 (60th),Shoeshine,Robert A. Katz,,False
432,1988 (61st),,,,False
433,1988 (61st),The Appointments of Dennis Jennings,Dean Parisot and Steven Wright,/wiki/The_Appointments_of_Dennis_Jennings,True
434,1988 (61st),Cadillac Dreams,Matia Karrell and Abbee Goldstein,,False
435,1988 (61st),Gullah Tales,George deGolian and Gary Moss,,False
436,1989 (62nd),,,,False
437,1989 (62nd),Work Experience,James Hendrie,/wiki/Work_Experience_(film),True
438,1989 (62nd),Amazon Diary,Robert Nixon,,False
439,1989 (62nd),The Childeater,Jonathan Tammuz,,False
440,1990 (63rd),,,,False
441,1990 (63rd),The Lunch Date,Adam Davidson,/wiki/The_Lunch_Date,True
442,1990 (63rd),12:01 PM,Hillary Ripps and Jonathan Heap,/wiki/12:01_PM_(1990_film),False
443,1990 (63rd),Bronx Cheers,Raymond De Felitta and Matthew Gross,,False
444,1990 (63rd),Dear Rosie,Peter Cattaneo and Barnaby Thompson,/wiki/Dear_Rosie,False
445,1990 (63rd),Senzeni Na? (What Have We Done?),Bernard Joffa and Anthony E. Nicholas,,False
446,1991 (64th),,,,False
447,1991 (64th),Session Man,Seth Winston and Robert N. Fried,/wiki/Session_Man_(film),True
448,1991 (64th),Birch Street Gym,Stephen Kessler and Thomas R. Conroy,,False
449,1991 (64th),Last Breeze of Summer,David M. Massey,,False
450,1992 (65th),,,,False
451,1992 (65th),Omnibus,Sam Karmann,/wiki/Omnibus_(film),True
452,1992 (65th),Contact,Jonathan Darby and Jana Sue Memel,/wiki/Contact_(1992_film),False
453,1992 (65th),Cruise Control,Matt Palmieri,,False
454,1992 (65th),The Lady in Waiting,Christian M. Taylor,,False
455,1992 (65th),Swan Song,Kenneth Branagh,/wiki/Swan_Song_(1992_film),False
456,1993 (66th),,,,False
457,1993 (66th),Black Rider (Schwarzfahrer),Pepe Danquart,/wiki/Schwarzfahrer,True
458,1993 (66th),Down on the Waterfront,Stacy Title and Jonathan Penner,,False
459,1993 (66th),The Dutch Master,Susan Seidelman and Jonathan Brett,/wiki/Susan_Seidelman,False
460,1993 (66th),Partners,Peter Weller and Jana Sue Memel,,False
461,1993 (66th),The Screw (La Vis),Didier Flamand,,False
462,1994 (67th) [note 3],,,,False
463,1994 (67th) [note 3],Franz Kafka's It's a Wonderful Life (TIE),Peter Capaldi and Ruth Kenley-Letts,,False
464,1994 (67th) [note 3],Trevor (TIE),Peggy Rajski and Randy Stone,,False
465,1994 (67th) [note 3],Kangaroo Court,Sean Astin and Christine Astin,,False
466,1994 (67th) [note 3],On Hope,JoBeth Williams and Michele McGuire,,False
467,1994 (67th) [note 3],Syrup,Paul Unwin and Nick Vivian,,False
468,1995 (68th),,,,False
469,1995 (68th),Lieberman in Love,Christine Lahti and Jana Sue Memel,/wiki/Lieberman_in_Love,True
470,1995 (68th),Brooms,Luke Cresswell and Steve McNicholas,,False
471,1995 (68th),Duke of Groove,Griffin Dunne and Thom Colwell,/wiki/Duke_of_Groove,False
472,1995 (68th),Little Surprises,Jeff Goldblum and Tikki Goldberg,/wiki/Little_Surprises,False
473,1995 (68th),Tuesday Morning Ride,Dianne Houston and Joy Ryan,,False
474,1996 (69th),,,,False
475,1996 (69th),Dear Diary,David Frankel and Barry Jossen,/wiki/Dear_Diary_(1996_film),True
476,1996 (69th),"De Tripas, Corazon",Antonio Urrutia,,False
477,1996 (69th),Ernst & Lyset,Kim Magnusson and Anders Thomas Jensen,,False
478,1996 (69th),Esposados,Juan Carlos Fresnadillo,,False
479,1996 (69th),Wordless,Bernadette Carranza and Antonello De Leo,,False
480,1997 (70th),,,,False
481,1997 (70th),Visas and Virtue,Chris Tashima and Chris Donahue,/wiki/Visas_and_Virtue,True
482,1997 (70th),Dance Lexie Dance,Pearse Moore and Tim Loane,/wiki/Dance_Lexie_Dance,False
483,1997 (70th),It's Good to Talk,Roger Goldby and Barney Reisz,,False
484,1997 (70th),Sweethearts?,Birger Larsen and Thomas Lydholm,,False
485,1997 (70th),Wolfgang,Kim Magnusson and Anders Thomas Jensen,,False
486,1998 (71st),,,,False
487,1998 (71st),Election Night (Valgaften),Kim Magnusson and Anders Thomas Jensen,/wiki/Election_Night_(1998_film),True
488,1998 (71st),Culture,Will Speck and Josh Gordon,,False
489,1998 (71st),Holiday Romance,Alexander Jovy and JJ Keith,,False
490,1998 (71st),La Carte Postale (The Postcard),Vivian Goffette,,False
491,1998 (71st),Victor,Simon Sandquist and Joel Bergvall,,False
492,1999 (72nd),,,,False
493,1999 (72nd),My Mother Dreams the Satan's Disciples in New York,Barbara Schock and Tamara Tiehel,/wiki/My_Mother_Dreams_the_Satan%27s_Disciples_in_New_York,True
494,1999 (72nd),"Bror, Min Bror (Teis and Nico)",Henrik Ruben Genz and Michael W. Horsten,,False
495,1999 (72nd),Killing Joe,Mehdi Norowzian and Steve Wax,,False
496,1999 (72nd),Kleingeld (Small Change),Marc-Andreas Bochert and Gabriele Lins,,False
497,1999 (72nd),Major and Minor Miracles,Marcus A. Olsson,,False
498,2000 (73rd),,,,False
499,2000 (73rd),Quiero Ser (I want to be...),Florian Gallenberger,/wiki/Quiero_ser_(I_want_to_be...),True
500,2000 (73rd),By Courier,Peter Riegert and Ericka Frederick,,False
501,2000 (73rd),One Day Crossing,Joan Stein and Christina Lazaridi,,False
502,2000 (73rd),Seraglio,Gail Lerner and Colin Campbell,,False
503,2000 (73rd),A Soccer Story (Uma Historia de Futebol),Paulo Machline,,False
504,2001 (74th),,,,False
505,2001 (74th),The Accountant,Ray McKinnon and Lisa Blount,/wiki/The_Accountant_(2001_film),True
506,2001 (74th),Copy Shop,Virgil Widrich,,False
507,2001 (74th),Gregor's Greatest Invention,Johannes Kiefer,,False
508,2001 (74th),Meska Sprawa (A Man Thing),Sławomir Fabicki and Bogumil Godfrejow,,False
509,2001 (74th),Speed for Thespians,Kalman Apple and Shameela Bakhsh,,False
510,2002 (75th),,,,False
511,2002 (75th),This Charming Man (Der Er En Yndig Mand),Martin Strange-Hansen and Mie Andreasen,/wiki/This_Charming_Man_(film),True
512,2002 (75th),Fait d'hiver (Gridlock),Dirk Beliën and Anja Daelemans,,False
513,2002 (75th),J'attendrai le suivant... (I'll Wait for the Next One...),Philippe Orreindy and Thomas Gaudin,/wiki/J%27attendrai_le_suivant,False
514,2002 (75th),Inja (Dog),Steven Pasvolsky and Joe Weatherstone,,False
515,2002 (75th),Johnny Flynton,Lexi Alexander and Alexander Buono,/wiki/Johnny_Flynton,False
516,2003 (76th),,,,False
517,2003 (76th),Two Soldiers,Aaron Schneider and Andrew J. Sacks,/wiki/Two_Soldiers_(2003_film),True
518,2003 (76th),Die Rote Jacke (The Red Jacket),Florian Baxmeyer,,False
519,2003 (76th),Most (The Bridge),Bobby Garabedian and William Zabka,/wiki/Most_(2003_film),False
520,2003 (76th),Squash,Lionel Bailliu,/wiki/Squash_(film),False
521,2003 (76th),(A) Torzija [(A) Torsion],Stefan Arsenijević,,False
522,2004 (77th),,,,False
523,2004 (77th),Wasp,Andrea Arnold,/wiki/Wasp_(2003_film),True
524,2004 (77th),7:35 de la Mañana (7:35 in the Morning),Nacho Vigalondo,/wiki/7:35_in_the_Morning,False
525,2004 (77th),Everything in This Country Must,Gary McKendry,,False
526,2004 (77th),Little Terrorist,Ashvin Kumar,/wiki/Little_Terrorist,False
527,2004 (77th),"Two Cars, One Night",Taika Waititi and Ainsley Gardiner,"/wiki/Two_Cars,_One_Night",False
528,2005 (78th),,,,False
529,2005 (78th),Six Shooter,Martin McDonagh,/wiki/Six_Shooter_(film),True
530,2005 (78th),Ausreisser (The Runaway),Ulrike Grote,/wiki/The_Runaway_(2004_film),False
531,2005 (78th),Cashback,Sean Ellis and Lene Bausager,/wiki/Cashback_(film),False
532,2005 (78th),The Last Farm,Rúnar Rúnarsson and Thor S. Sigurjónsson,/wiki/The_Last_Farm,False
533,2005 (78th),Our Time Is Up,Rob Pearlstein and Pia Clemente,/wiki/Our_Time_Is_Up,False
534,2006 (79th),,,,False
535,2006 (79th),West Bank Story,Ari Sandel,/wiki/West_Bank_Story,True
536,2006 (79th),Binta and the Great Idea (Binta y la Gran Idea),Javier Fesser and Luis Manso,/wiki/Binta_and_the_Great_Idea,False
537,2006 (79th),Éramos Pocos (One Too Many),Borja Cobeaga,,False
538,2006 (79th),Helmer & Son,Søren Pilmark and Kim Magnusson,/wiki/Helmer_%26_Son,False
539,2006 (79th),The Saviour,Peter Templeman and Stuart Parkyn,/wiki/The_Saviour_(film),False
540,2007 (80th),,,,False
541,2007 (80th),Le Mozart des pickpockets,Philippe Pollet-Villard,/wiki/Le_Mozart_des_pickpockets,True
542,2007 (80th),At Night,Christian E. Christiansen and Louise Vesth,/wiki/At_Night_(film),False
543,2007 (80th),Il Supplente (The Substitute),Andrea Jublin,,False
544,2007 (80th),Tanghi Argentini,Guido Thys and Anja Daelemans,,False
545,2007 (80th),The Tonto Woman,Daniel Barber and Matthew Brown,,False
546,2008 (81st),,,,False
547,2008 (81st),Toyland,Jochen Alexander Freydank,/wiki/Toyland_(film),True
548,2008 (81st),Auf der Strecke (On the Line),Reto Caffi,/wiki/Auf_der_Strecke_(On_the_Line),False
549,2008 (81st),Manon on the Asphalt,Elizabeth Marre and Olivier Pont,,False
550,2008 (81st),New Boy,Steph Green and Tamara Anghie,/wiki/New_Boy_(film),False
551,2008 (81st),The Pig,Tivi Magnusson and Dorte Høgh,,False
552,2009 (82nd),,,,False
553,2009 (82nd),The New Tenants,Joachim Back and Tivi Magnusson,/wiki/The_New_Tenants,True
554,2009 (82nd),The Door,Juanita Wilson and James Flynn,,False
555,2009 (82nd),Instead of Abracadabra,Patrik Eklund and Mathias Fjellström,,False
556,2009 (82nd),Kavi,Gregg Helvey,,False
557,2009 (82nd),Miracle Fish,Luke Doolan and Drew Bailey,/wiki/Miracle_Fish,False
558,2010 (83rd),,,,False
559,2010 (83rd),God of Love,Luke Matheny,/wiki/God_of_Love_(film),True
560,2010 (83rd),The Confession,Tanel Toom,/wiki/The_Confession_(2010_film),False
561,2010 (83rd),The Crush,Michael Creagh,/wiki/The_Crush_(2010_film),False
562,2010 (83rd),Na Wewe,Ivan Goldschmidt,/wiki/Na_Wewe,False
563,2010 (83rd),Wish 143,Ian Barnes and Samantha Waite,/wiki/Wish_143,False
564,2011 (84th) [note 4][4][5],,,,False
565,2011 (84th) [note 4][4][5],The Shore,Terry George and Oorlagh George,/wiki/The_Shore_(2011_film),True
566,2011 (84th) [note 4][4][5],Pentecost,Peter McDonald and Eimear O'Kane,/wiki/Pentecost_(film),False
567,2011 (84th) [note 4][4][5],Raju,Max Zähle and Stefan Gieren,/wiki/Raju_(film),False
568,2011 (84th) [note 4][4][5],Time Freak,Andrew Bowler and Gigi Causey,/wiki/Time_Freak,False
569,2011 (84th) [note 4][4][5],Tuba Atlantic (nomination rescinded),Hallvar Witzø,,False
570,2012 (85th),,,,False
571,2012 (85th),Curfew,Shawn Christensen,/wiki/Curfew_(2012_film),True
572,2012 (85th),Asad,Bryan Buckley and Mino Jarjoura,/wiki/Asad_(film),False
573,2012 (85th),Buzkashi Boys,Sam French and Ariel Nasr,/wiki/Buzkashi_Boys,False
574,2012 (85th),Death of a Shadow (Dood van een Schaduw),Tom Van Avermaet and Ellen De Waele,/wiki/Dood_van_een_Schaduw,False
575,2012 (85th),Henry,Yan England,/wiki/Henry_(2011_film),False
576,2013 (86th),,,,False
577,2013 (86th),Helium,Anders Walter and Kim Magnusson,/wiki/Helium_(film),True
578,2013 (86th),Aquel No Era Yo (That Wasn't Me),Esteban Crespo,/wiki/That_Wasn%27t_Me_(film),False
579,2013 (86th),Avant Que De Tout Perde (Just Before Losing Everything),Xavier Legrand and Alexandre Gavras,/wiki/Just_Before_Losing_Everything,False
580,2013 (86th),Pitääkö Mun Kaikki Hoitaa? (Do I Have to Take Care of Everything?),Selma Vilhunen and Kirsikka Saari,/wiki/Do_I_Have_to_Take_Care_of_Everything%3F,False
581,2013 (86th),The Voorman Problem,Mark Gill and Baldwin Li,/wiki/The_Voorman_Problem,False
582,2014 (87th),,,,False
583,2014 (87th),The Phone Call,Mat Kirkby and James Lucas,/wiki/The_Phone_Call_(2013_film),True
584,2014 (87th),Aya,Oded Binnun and Mihal Brezis,/wiki/Aya_(2012_film),False
585,2014 (87th),Boogaloo and Graham,Michael Lennox and Ronan Blaney,/wiki/Boogaloo_and_Graham,False
586,2014 (87th),Butter Lamp (La Lampe Au Beurre De Yak),Hu Wei and Julien Féret,/wiki/Butter_Lamp,False
587,2014 (87th),Parvaneh,Talkhon Hamzavi and Stefan Eichenberger,/wiki/Parvaneh_(film),False
588,2015 (88th),,,,False
589,2015 (88th),Stutterer,Benjamin Cleary and Serena Armitage,/wiki/Stutterer_(film),True
590,2015 (88th),Ave Maria,Basil Khalil and Eric Dupont,/wiki/Ave_Maria_(2015_film),False
591,2015 (88th),Day One,Henry Hughes,/wiki/Day_One_(2015_film),False
592,2015 (88th),Everything Will Be Okay (Alles Wird Gut),Patrick Vollrath,/wiki/Everything_Will_Be_Okay,False
593,2015 (88th),Shok,Jamie Donoughue,/wiki/Shok_(film),False
594,2016 (89th) [6],,,,False
595,2016 (89th) [6],Sing,Kristóf Deák and Anna Udvardy,/wiki/Sing_(2016_Hungarian_film),True
596,2016 (89th) [6],Ennemis Intérieurs,Sélim Azzazi,/wiki/Ennemis_int%C3%A9rieurs,False
597,2016 (89th) [6],La femme et le TGV,Timo von Gunten and Giacun Caduff,/wiki/La_femme_et_le_TGV,False
598,2016 (89th) [6],Silent Nights,Aske Bang and Kim Magnusson,/wiki/Silent_Nights_(film),False
599,2016 (89th) [6],Timecode,Juanjo Giménez,/wiki/Timecode_(2016_film),False
600,2017 (90th) [7],,,,False
601,2017 (90th) [7],The Silent Child,Chris Overton and Rachel Shenton,/wiki/The_Silent_Child,True
602,2017 (90th) [7],DeKalb Elementary,Reed Van Dyk,/wiki/DeKalb_Elementary,False
603,2017 (90th) [7],The Eleven O'Clock,Derin Seale and Josh Lawson,/wiki/The_Eleven_O%27Clock,False
604,2017 (90th) [7],My Nephew Emmett,Kevin Wilson Jr.,/wiki/My_Nephew_Emmett,False
605,2017 (90th) [7],Watu Wote: All of Us,Katja Benrath and Tobias Rosen,/wiki/Watu_Wote,False
606,2018 (91st),,,,False
607,2018 (91st),Skin,Guy Nattiv and Jaime Ray Newman,/wiki/Skin_(2018_short_film),True
608,2018 (91st),Detainment,Vincent Lambe and Darren Mahon,/wiki/Detainment_(film),False
609,2018 (91st),Fauve,Jérémy Comte and Maria Gracia Turgeon,/wiki/Fauve_(film),False
610,2018 (91st),Marguerite,Marianne Farley and Marie-Hélène Panisset,/wiki/Marguerite_(2017_film),False
611,2018 (91st),Mother,Rodrigo Sorogoyen and María del Puy Alvarado,/wiki/Mother_(2017_Spanish_film),False
612,2019 (92nd),,,,False
613,2019 (92nd),The Neighbors' Window,Marshall Curry,/wiki/The_Neighbors%27_Window,True
614,2019 (92nd),Brotherhood,Meryam Joobeur and Maria Gracia Turgeon,/wiki/Brotherhood_(2018_film),False
615,2019 (92nd),Nefta Football Club,Yves Piat and Damien Megherbi,/wiki/Nefta_Football_Club,False
616,2019 (92nd),Saria,Bryan Buckley and Matt Lefebvre,,False
617,2019 (92nd),A Sister,Delphine Girard,/wiki/A_Sister,False
618,2020/21 (93rd),,,,False
619,2020/21 (93rd),Two Distant Strangers,Travon Free and Martin Desmond Roe,/wiki/Two_Distant_Strangers,True
620,2020/21 (93rd),Feeling Through,Doug Roland and Susan Ruzenski,/wiki/Feeling_Through,False
621,2020/21 (93rd),The Letter Room,Elvira Lind and Sofia Sondervan,/wiki/The_Letter_Room,False
622,2020/21 (93rd),The Present,Farah Nabulsi,/wiki/The_Present_(2020_film),False
623,2020/21 (93rd),White Eye,Tomer Shushan and Shira Hochman,/wiki/White_Eye_(2019_film),False
624,2021 (94th),,,,False
625,2021 (94th),The Long Goodbye,Aneil Karia and Riz Ahmed,/wiki/The_Long_Goodbye_(Riz_Ahmed_album),True
626,2021 (94th),Ala Kachuu – Take and Run,Maria Brendle and Nadine Lüchinger,/wiki/Ala_Kachuu_%E2%80%93_Take_and_Run,False
627,2021 (94th),The Dress,Tadeusz Łysiak and Maciej Ślesicki,/wiki/The_Dress_(2020_film),False
628,2021 (94th),On My Mind,Martin Strange-Hansen and Kim Magnusson,/wiki/On_My_Mind_(2021_film),False
629,2021 (94th),Please Hold,K.D. Dávila and Levin Menekse,,False
630,2022 (95th),,,,False
631,2022 (95th),An Irish Goodbye,Tom Berkeley and Ross White,/wiki/An_Irish_Goodbye,True
632,2022 (95th),Ivalu,Anders Walter and Rebecca Pruzan,/wiki/Ivalu_(film),False
633,2022 (95th),Le pupille,Alice Rohrwacher and Alfonso Cuarón,/wiki/Le_pupille,False
634,2022 (95th),Night Ride,Eirik Tveiten and Gaute Lid Larssen,/wiki/Night_Ride_(2020_film),False
635,2022 (95th),The Red Suitcase,Cyrus Neshvad,/wiki/The_Red_Suitcase,False
636,2023 (96th),,,,False
637,2023 (96th),The After,Misan Harriman and Nicky Bentham,/wiki/The_After_(film),False
638,2023 (96th),Invincible,Vincent René-Lortie and Samuel Caron,/wiki/Invincible_(2022_film),False
639,2023 (96th),Knight of Fortune,Lasse Lyskjær Noer and Christian Norlyk,/wiki/Knight_of_Fortune,False
640,2023 (96th),"Red, White and Blue",Nazrin Choudhury and Sara McFarlane,"/wiki/Red,_White_and_Blue_(2023_film)",False
641,2023 (96th),The Wonderful Story of Henry Sugar,Wes Anderson and Steven Rales,/wiki/The_Wonderful_Story_of_Henry_Sugar_(film),False
