,Year,Film,Nominees,FilmLink,Won
0,1927–28 (1st),,,,False
1,1927–28 (1st),Wings,Roy Pomeroy,/wiki/Wings_(1927_film),True
2,1927–28 (1st),Ralph Hammeras (photographic) [note 1],Ralph Hammeras (photographic) [note 1],,False
3,1927–28 (1st),Nugent Slaughter (photographic) [note 2],Nugent Slaughter (photographic) [note 2],,False
4,1938 (11th),,,,False
5,1938 (11th),Spawn of the North [note 3],"For outstanding achievement in creating Special Photographic and Sound Effects in the Paramount production Spawn of the North. Special Effects by Gordon Jennings, assisted by Jan Domela, Dev Jennings, Irmin Roberts and Art Smith. Transparencies by Farciot Edouart, assisted by Loyal Griggs. Sound Effects by Loren Ryder, assisted by Harry Mills, Louis Mesenkop and Walter Oberst.",,False
6,1939 (12th) [note 4],,,,False
7,1939 (12th) [note 4],The Rains Came,Fred Sersen (photographic); E. H. Hansen (sound),/wiki/The_Rains_Came,True
8,1939 (12th) [note 4],Gone with the Wind,Jack Cosgrove (photographic); Fred Albin and Arthur Johns (sound),/wiki/Gone_with_the_Wind_(film),False
9,1939 (12th) [note 4],Only Angels Have Wings,Roy Davidson (photographic); Edwin C. Hahn (sound),/wiki/Only_Angels_Have_Wings,False
10,1939 (12th) [note 4],The Private Lives of Elizabeth and Essex,Byron Haskin (photographic); Nathan Levinson (sound),/wiki/The_Private_Lives_of_Elizabeth_and_Essex,False
11,1939 (12th) [note 4],Topper Takes a Trip,Roy Seawright (photographic),/wiki/Topper_Takes_a_Trip,False
12,1939 (12th) [note 4],Union Pacific,Farciot Edouart and Gordon Jennings (photographic); Loren Ryder (sound),/wiki/Union_Pacific_(film),False
13,1939 (12th) [note 4],The Wizard of Oz,A. Arnold Gillespie (photographic); Douglas Shearer (sound),/wiki/The_Wizard_of_Oz_(1939_film),False
14,1940 (13th),,,,False
15,1940 (13th),The Thief of Bagdad,Lawrence Butler (photographic); Jack Whitney (sound),/wiki/The_Thief_of_Bagdad_(1940_film),True
16,1940 (13th),The Blue Bird,Fred Sersen (photographic); E. H. Hansen (sound),/wiki/The_Blue_Bird_(1940_film),False
17,1940 (13th),Boom Town,A. Arnold Gillespie (photographic); Douglas Shearer (sound),/wiki/Boom_Town_(film),False
18,1940 (13th),The Boys from Syracuse,John P. Fulton (photographic); Bernard B. Brown and Joseph Lapis (sound),/wiki/The_Boys_from_Syracuse_(film),False
19,1940 (13th),Dr. Cyclops,Gordon Jennings and Farciot Edouart (photographic),/wiki/Dr._Cyclops,False
20,1940 (13th),Foreign Correspondent,Paul Eagler (photographic); Thomas T. Moulton (sound),/wiki/Foreign_Correspondent_(film),False
21,1940 (13th),The Invisible Man Returns,John P. Fulton (photographic); Bernard B. Brown and William Hedgcock (sound),/wiki/The_Invisible_Man_Returns,False
22,1940 (13th),The Long Voyage Home,R. T. Layton and R. O. Binger (photographic); Thomas T. Moulton (sound),/wiki/The_Long_Voyage_Home,False
23,1940 (13th),One Million B.C.,Roy Seawright (photographic); Elmer Raguse (sound),/wiki/One_Million_B.C.,False
24,1940 (13th),Rebecca,Jack Cosgrove (photographic); Arthur Johns (sound),/wiki/Rebecca_(1940_film),False
25,1940 (13th),The Sea Hawk,Byron Haskin (photographic); Nathan Levinson (sound),/wiki/The_Sea_Hawk_(1940_film),False
26,1940 (13th),Swiss Family Robinson,Vernon L. Walker (photographic); John O. Aalberg (sound),/wiki/Swiss_Family_Robinson_(1940_film),False
27,1940 (13th),Typhoon,Farciot Edouart and Gordon Jennings (photographic); Loren Ryder (sound),/wiki/Typhoon_(1940_film),False
28,1940 (13th),Women in War,"Howard J. Lydecker, William Bradford, and Ellis J. Thackery (photographic); Herbert Norsch (sound)",/wiki/Women_in_War,False
29,1941 (14th),,,,False
30,1941 (14th),I Wanted Wings,Farciot Edouart and Gordon Jennings (photographic); Louis Mesenkop (sound),/wiki/I_Wanted_Wings,True
31,1941 (14th),Aloma of the South Seas,Farciot Edouart and Gordon Jennings (photographic); Louis Mesenkop (sound),/wiki/Aloma_of_the_South_Seas_(1941_film),False
32,1941 (14th),Dive Bomber (Nomination withdrawn) [note 5][8],Byron Haskin (photographic); Nathan Levinson (sound),,False
33,1941 (14th),Flight Command,A. Arnold Gillespie (photographic); Douglas Shearer (sound),/wiki/Flight_Command,False
34,1941 (14th),The Invisible Woman,John Fulton (photographic); John Hall (sound),/wiki/The_Invisible_Woman_(1940_film),False
35,1941 (14th),The Sea Wolf,Byron Haskin (photographic); Nathan Levinson (sound),/wiki/The_Sea_Wolf_(1941_film),False
36,1941 (14th),That Hamilton Woman,Lawrence Butler (photographic); William H. Wilmarth (sound),/wiki/That_Hamilton_Woman,False
37,1941 (14th),Topper Returns,Roy Seawright (photographic); Elmer Raguse (sound),/wiki/Topper_Returns,False
38,1941 (14th),A Yank in the R.A.F.,Fred Sersen (photographic); E. H. Hansen (sound),/wiki/A_Yank_in_the_R.A.F.,False
39,1942 (15th),,,,False
40,1942 (15th),Reap the Wild Wind,"Gordon Jennings, Farciot Edouart, and William Pereira (photographic); Louis Mesenkop (sound)",/wiki/Reap_the_Wild_Wind,True
41,1942 (15th),The Black Swan,Fred Sersen (photographic); Roger Heman and George Leverett (sound),/wiki/The_Black_Swan_(film),False
42,1942 (15th),Desperate Journey,Byron Haskin (photographic); Nathan Levinson (sound),/wiki/Desperate_Journey,False
43,1942 (15th),Flying Tigers,Howard Lydecker (photographic); Daniel J. Bloomberg (sound),/wiki/Flying_Tigers_(film),False
44,1942 (15th),Invisible Agent,John Fulton (photographic); Bernard B. Brown (sound),/wiki/Invisible_Agent,False
45,1942 (15th),Jungle Book,Lawrence Butler (photographic); William H. Wilmarth (sound),/wiki/Rudyard_Kipling%27s_Jungle_Book,False
46,1942 (15th),Mrs. Miniver,A. Arnold Gillespie and Warren Newcombe (photographic); Douglas Shearer (sound),/wiki/Mrs._Miniver,False
47,1942 (15th),The Navy Comes Through,Vernon L. Walker (photographic); James G. Stewart (sound),/wiki/The_Navy_Comes_Through,False
48,1942 (15th),One of Our Aircraft Is Missing,Ronald Neame (photographic); C. C. Stevens (sound),/wiki/One_of_Our_Aircraft_Is_Missing,False
49,1942 (15th),The Pride of the Yankees,Jack Cosgrove and Ray Binger (photographic); Thomas T. Moulton (sound),/wiki/The_Pride_of_the_Yankees,False
50,1943 (16th),,,,False
51,1943 (16th),Crash Dive,Fred Sersen (photographic); Roger Heman (sound),/wiki/Crash_Dive,True
52,1943 (16th),Air Force,Hans Koenekamp and Rex Wimpy (photographic); Nathan Levinson (sound),/wiki/Air_Force_(film),False
53,1943 (16th),Bombardier,Vernon L. Walker (photographic); James G. Stewart and Roy Granville (sound),/wiki/Bombardier_(film),False
54,1943 (16th),The North Star,Clarence Slifer and R. O. Binger (photographic); Thomas T. Moulton (sound),/wiki/The_North_Star_(1943_film),False
55,1943 (16th),So Proudly We Hail!,Gordon Jennings and Farciot Edouart (photographic); George Dutton (sound),/wiki/So_Proudly_We_Hail!,False
56,1943 (16th),Stand By for Action,A. Arnold Gillespie and Donald Jahraus (photographic); Michael Steinore (sound),/wiki/Stand_By_for_Action,False
57,1944 (17th),,,,False
58,1944 (17th),Thirty Seconds Over Tokyo,"A. Arnold Gillespie, Donald Jahraus, and Warren Newcombe (photographic); Douglas Shearer (sound)",/wiki/Thirty_Seconds_Over_Tokyo,True
59,1944 (17th),The Adventures of Mark Twain,Paul Detlefsen and John Crouse (photographic); Nathan Levinson (sound),/wiki/The_Adventures_of_Mark_Twain_(1944_film),False
60,1944 (17th),Days of Glory,Vernon L. Walker (photographic); James G. Stewart and Roy Granville (sound),/wiki/Days_of_Glory_(1944_film),False
61,1944 (17th),Secret Command,"David Allen, Ray Cory, and Robert Wright (photographic); Russell Malmgren and Harry Kusnick (sound)",/wiki/Secret_Command,False
62,1944 (17th),Since You Went Away,Jack Cosgrove (photographic); Arthur Johns (sound),/wiki/Since_You_Went_Away,False
63,1944 (17th),The Story of Dr. Wassell,Farciot Edouart and Gordon Jennings (photographic); George Dutton (sound),/wiki/The_Story_of_Dr._Wassell,False
64,1944 (17th),Wilson,Fred Sersen (photographic); Roger Heman (sound),/wiki/Wilson_(1944_film),False
65,1945 (18th),,,,False
66,1945 (18th),Wonder Man,John P. Fulton (photographic); Arthur Johns (sound),/wiki/Wonder_Man_(film),True
67,1945 (18th),Captain Eddie,Fred Sersen and Sol Halperin (photographic); Roger Heman and Harry Leonard (sound),/wiki/Captain_Eddie,False
68,1945 (18th),Spellbound,Jack Cosgrove (photographic),/wiki/Spellbound_(1945_film),False
69,1945 (18th),They Were Expendable,"A. Arnold Gillespie, Donald Jahraus, and Robert A. MacDonald (photographic); Michael Steinore (sound)",/wiki/They_Were_Expendable,False
70,1945 (18th),A Thousand and One Nights,Lawrence W. Butler (photographic); Ray Bomba (sound),/wiki/A_Thousand_and_One_Nights_(1945_film),False
71,1946 (19th),,,,False
72,1946 (19th),Blithe Spirit,Thomas Howard (visual),/wiki/Blithe_Spirit_(1945_film),True
73,1946 (19th),A Stolen Life,William McGann (visual); Nathan Levinson (audible),/wiki/A_Stolen_Life_(1946_film),False
74,1947 (20th),,,,False
75,1947 (20th),Green Dolphin Street,A. Arnold Gillespie and Warren Newcombe (visual); Douglas Shearer and Michael Steinore (audible),/wiki/Green_Dolphin_Street_(film),True
76,1947 (20th),Unconquered,"Farciot Edouart, Devereux Jennings, Gordon Jennings, W. Wallace Kelley, and Paul Lerpae (visual); George Dutton (audible)",/wiki/Unconquered_(1947_film),False
77,1948 (21st),,,,False
78,1948 (21st),Portrait of Jennie,"Paul Eagler, Joseph McMillan Johnson, Russell Shearman, and Clarence Slifer (visual); Charles Freeman, and James G. Stewart (audible)",/wiki/Portrait_of_Jennie,True
79,1948 (21st),Deep Waters,"Ralph Hammeras, Fred Sersen, and Edward Snyder (visual); Roger Heman (audible)",/wiki/Deep_Waters_(1948_film),False
80,1949 (22nd),,,,False
81,1949 (22nd),Mighty Joe Young,RKO Productions,/wiki/Mighty_Joe_Young_(1949_film),True
82,1949 (22nd),Tulsa,Walter Wanger Pictures,/wiki/Tulsa_(film),False
83,1950 (23rd),,,,False
84,1950 (23rd),Destination Moon,George Pal Productions,/wiki/Destination_Moon_(film),True
85,1950 (23rd),Samson and Delilah,Cecil B. DeMille Productions,/wiki/Samson_and_Delilah_(1949_film),False
86,1951 (24th),,,,False
87,1951 (24th),When Worlds Collide [note 3],Paramount,,False
88,1952 (25th),,,,False
89,1952 (25th),Plymouth Adventure [note 3],Metro-Goldwyn-Mayer,,False
90,1953 (26th),,,,False
91,1953 (26th),The War of the Worlds [note 3],Paramount Studio,,False
92,1954 (27th),,,,False
93,1954 (27th),"20,000 Leagues Under the Sea",Walt Disney Studios,"/wiki/20,000_Leagues_Under_the_Sea_(1954_film)",True
94,1954 (27th),Hell and High Water,20th Century-Fox Studio,/wiki/Hell_and_High_Water_(1954_film),False
95,1954 (27th),Them!,Warner Bros. Studio,/wiki/Them!,False
96,1955 (28th),,,,False
97,1955 (28th),The Bridges at Toko-Ri,Paramount Studio,/wiki/The_Bridges_at_Toko-Ri,True
98,1955 (28th),The Dam Busters,"Associated British Picture Corporation, Ltd.",/wiki/The_Dam_Busters_(film),False
99,1955 (28th),The Rains of Ranchipur,20th Century-Fox Studio,/wiki/The_Rains_of_Ranchipur,False
100,1956 (29th),,,,False
101,1956 (29th),The Ten Commandments,John P. Fulton,/wiki/The_Ten_Commandments_(1956_film),True
102,1956 (29th),Forbidden Planet,"A. Arnold Gillespie, Irving G. Ries, and Wesley C. Miller",/wiki/Forbidden_Planet,False
103,1957 (30th),,,,False
104,1957 (30th),The Enemy Below [note 6],Walter Rossi (audible),,False
105,1957 (30th),The Spirit of St. Louis,Louis Lichtenfield (visual),/wiki/The_Spirit_of_St._Louis_(film),False
106,1958 (31st),,,,False
107,1958 (31st),Tom Thumb,Tom Howard (visual),/wiki/Tom_Thumb_(film),True
108,1958 (31st),Torpedo Run,A. Arnold Gillespie (visual); Harold Humbrock (audible),/wiki/Torpedo_Run,False
109,1959 (32nd),,,,False
110,1959 (32nd),Ben-Hur,A. Arnold Gillespie and Robert MacDonald (visual); Milo B. Lory (audible),/wiki/Ben-Hur_(1959_film),True
111,1959 (32nd),Journey to the Center of the Earth,L. B. Abbott and James B. Gordon (visual); Carl Faulkner (audible),/wiki/Journey_to_the_Center_of_the_Earth_(1959_film),False
112,1960 (33rd),,,,False
113,1960 (33rd),The Time Machine,Gene Warren and Tim Baar (visual),/wiki/The_Time_Machine_(1960_film),True
114,1960 (33rd),The Last Voyage,Augie Lohman (visual),/wiki/The_Last_Voyage,False
115,1961 (34th),,,,False
116,1961 (34th),The Guns of Navarone,Bill Warrington (visual); Vivian C. Greenham (audible),/wiki/The_Guns_of_Navarone_(film),True
117,1961 (34th),The Absent-Minded Professor,Robert A. Mattey and Eustace Lycett (visual),/wiki/The_Absent-Minded_Professor,False
118,1962 (35th),,,,False
119,1962 (35th),The Longest Day,Robert MacDonald (visual); Jacques Maumont (audible),/wiki/The_Longest_Day_(film),True
120,1962 (35th),Mutiny on the Bounty,A. Arnold Gillespie (visual); Milo B. Lory (audible),/wiki/Mutiny_on_the_Bounty_(1962_film),False
121,1963 (36th),,,,False
122,1963 (36th),Cleopatra,Emil Kosa Jr.,/wiki/Cleopatra_(1963_film),True
123,1963 (36th),The Birds,Ub Iwerks,/wiki/The_Birds_(film),False
124,1964 (37th),,,,False
125,1964 (37th),Mary Poppins,"Peter Ellenshaw, Eustace Lycett, and Hamilton Luske",/wiki/Mary_Poppins_(film),True
126,1964 (37th),7 Faces of Dr. Lao,Jim Danforth,/wiki/7_Faces_of_Dr._Lao,False
127,1965 (38th),,,,False
128,1965 (38th),Thunderball,John Stears,/wiki/Thunderball_(film),True
129,1965 (38th),The Greatest Story Ever Told,Joseph McMillan Johnson,/wiki/The_Greatest_Story_Ever_Told,False
130,1966 (39th),,,,False
131,1966 (39th),Fantastic Voyage,Art Cruickshank,/wiki/Fantastic_Voyage,True
132,1966 (39th),Hawaii,Linwood G. Dunn,/wiki/Hawaii_(1966_film),False
133,1967 (40th),,,,False
134,1967 (40th),Doctor Dolittle,L. B. Abbott,/wiki/Doctor_Dolittle_(1967_film),True
135,1967 (40th),Tobruk,Howard A. Anderson Jr. and Albert Whitlock,/wiki/Tobruk_(1967_film),False
136,1968 (41st),,,,False
137,1968 (41st),2001: A Space Odyssey,Stanley Kubrick,/wiki/2001:_A_Space_Odyssey_(film),True
138,1968 (41st),Ice Station Zebra,Hal Millar and Joseph McMillan Johnson,/wiki/Ice_Station_Zebra,False
139,1969 (42nd),,,,False
140,1969 (42nd),Marooned,Robie Robertson,/wiki/Marooned_(1969_film),True
141,1969 (42nd),"Krakatoa, East of Java",Eugène Lourié and Alex Weldon,"/wiki/Krakatoa,_East_of_Java",False
142,1970 (43rd),,,,False
143,1970 (43rd),Tora! Tora! Tora!,A. D. Flowers and L. B. Abbott,/wiki/Tora!_Tora!_Tora!,True
144,1970 (43rd),Patton,Alex Weldon,/wiki/Patton_(film),False
145,1971 (44th),,,,False
146,1971 (44th),Bedknobs and Broomsticks,"Alan Maley, Eustace Lycett, and Danny Lee",/wiki/Bedknobs_and_Broomsticks,True
147,1971 (44th),When Dinosaurs Ruled the Earth,Jim Danforth and Roger Dicken,/wiki/When_Dinosaurs_Ruled_the_Earth,False
148,1972 (45th),,,,False
149,1972 (45th),The Poseidon Adventure [note 3],L. B. Abbott and A. D. Flowers,,False
150,1973 (46th),,,,False
151,1973 (46th),No award given,No award given,,False
152,1974 (47th),,,,False
153,1974 (47th),Earthquake [note 3],"Frank Brendel, Glen Robinson, and Albert Whitlock",,False
154,1975 (48th),,,,False
155,1975 (48th),The Hindenburg [note 3],Albert Whitlock and Glen Robinson,,False
156,1976 (49th),,,,False
157,1976 (49th),King Kong [note 3],"Carlo Rambaldi, Glen Robinson, and Frank Van der Veer",,False
158,1976 (49th),Logan's Run [note 3],"L. B. Abbott, Glen Robinson, and Matthew Yuricich",,False
159,1977 (50th),,,,False
160,1977 (50th),Star Wars,"John Stears, John Dykstra, Richard Edlund, Grant McCune, and Robert Blalack",/wiki/Star_Wars_(film),True
161,1977 (50th),Close Encounters of the Third Kind,"Roy Arbogast, Douglas Trumbull, Matthew Yuricich, Gregory Jein, and Richard Yuricich",/wiki/Close_Encounters_of_the_Third_Kind,False
162,1978 (51st),,,,False
163,1978 (51st),Superman [note 3],"Les Bowie, Colin Chilvers, Denys Coop, Roy Field, Derek Meddings, and Zoran Perisic",,False
164,1979 (52nd),,,,False
165,1979 (52nd),Alien,"H. R. Giger, Carlo Rambaldi, Brian Johnson, Nick Allder, and Dennis Ayling",/wiki/Alien_(film),True
166,1979 (52nd),1941,"William A. Fraker, A. D. Flowers, and Gregory Jein",/wiki/1941_(film),False
167,1979 (52nd),The Black Hole,"Peter Ellenshaw, Art Cruickshank, Eustace Lycett, Danny Lee, Harrison Ellenshaw, and Joe Hale",/wiki/The_Black_Hole,False
168,1979 (52nd),Moonraker,"Derek Meddings, Paul Wilson, and John Evans",/wiki/Moonraker_(film),False
169,1979 (52nd),Star Trek: The Motion Picture,"Douglas Trumbull, John Dykstra, Richard Yuricich, Robert Swarthe, David K. Stewart, and Grant McCune",/wiki/Star_Trek:_The_Motion_Picture,False
170,1980 (53rd),,,,False
171,1980 (53rd),The Empire Strikes Back [note 3],"Brian Johnson, Richard Edlund, Dennis Muren, and Bruce Nicholson",,False
172,1981 (54th),,,,False
173,1981 (54th),Raiders of the Lost Ark,"Richard Edlund, Kit West, Bruce Nicholson, and Joe Johnston",/wiki/Raiders_of_the_Lost_Ark,True
174,1981 (54th),Dragonslayer,"Dennis Muren, Phil Tippett, Ken Ralston, and Brian Johnson",/wiki/Dragonslayer_(1981_film),False
175,1982 (55th),,,,False
176,1982 (55th),E.T. the Extra-Terrestrial,"Carlo Rambaldi, Dennis Muren, and Kenneth F. Smith",/wiki/E.T._the_Extra-Terrestrial,True
177,1982 (55th),Blade Runner,"Douglas Trumbull, Richard Yuricich, and David Dryer",/wiki/Blade_Runner,False
178,1982 (55th),Poltergeist,"Richard Edlund, Michael Wood, and Bruce Nicholson",/wiki/Poltergeist_(1982_film),False
179,1983 (56th),,,,False
180,1983 (56th),Return of the Jedi [note 3],"Richard Edlund, Dennis Muren, Ken Ralston, and Phil Tippett",,False
181,1984 (57th),,,,False
182,1984 (57th),Indiana Jones and the Temple of Doom,"Dennis Muren, Michael J. McAlister, Lorne Peterson, and George Gibbs",/wiki/Indiana_Jones_and_the_Temple_of_Doom,True
183,1984 (57th),2010,"Richard Edlund, Neil Krepela, George Jenson, and Mark Stetson",/wiki/2010:_The_Year_We_Make_Contact,False
184,1984 (57th),Ghostbusters,"Richard Edlund, John Bruno, Mark Vargo, and Chuck Gaspar",/wiki/Ghostbusters,False
185,1985 (58th),,,,False
186,1985 (58th),Cocoon,"Ken Ralston, Ralph McQuarrie, Scott Farrar, and David Berry",/wiki/Cocoon_(film),True
187,1985 (58th),Return to Oz,"Will Vinton, Ian Wingrove, Zoran Perisic, and Michael Lloyd",/wiki/Return_to_Oz,False
188,1985 (58th),Young Sherlock Holmes,"Dennis Muren, Kit West, John R. Ellis, and David W. Allen",/wiki/Young_Sherlock_Holmes,False
189,1986 (59th),,,,False
190,1986 (59th),Aliens,"Robert Skotak, Stan Winston, John Richardson, and Suzanne M. Benson",/wiki/Aliens_(film),True
191,1986 (59th),Little Shop of Horrors,"Lyle Conway, Bran Ferren, and Martin Gutterridge",/wiki/Little_Shop_of_Horrors_(film),False
192,1986 (59th),Poltergeist II: The Other Side,"Richard Edlund, John Bruno, Garry Waller, and Bill Neil",/wiki/Poltergeist_II:_The_Other_Side,False
193,1987 (60th),,,,False
194,1987 (60th),Innerspace,"Dennis Muren, William George, Harley Jessup, and Kenneth F. Smith",/wiki/Innerspace,True
195,1987 (60th),Predator,"Joel Hynek, Robert M. Greenberg, Richard Greenberg, and Stan Winston",/wiki/Predator_(film),False
196,1988 (61st),,,,False
197,1988 (61st),Who Framed Roger Rabbit,"Ken Ralston, Richard Williams, Edward Jones, and George Gibbs",/wiki/Who_Framed_Roger_Rabbit,True
198,1988 (61st),Die Hard,"Richard Edlund, Al DiSarro, Brent Boates, and Thaine Morris",/wiki/Die_Hard,False
199,1988 (61st),Willow,"Dennis Muren, Michael J. McAlister, Phil Tippett, and Chris Evans",/wiki/Willow_(1988_film),False
200,1989 (62nd),,,,False
201,1989 (62nd),The Abyss,"John Bruno, Dennis Muren, Hoyt Yeatman, and Dennis Skotak",/wiki/The_Abyss,True
202,1989 (62nd),The Adventures of Baron Munchausen,Richard Conway and Kent Houston,/wiki/The_Adventures_of_Baron_Munchausen,False
203,1989 (62nd),Back to the Future Part II,"Ken Ralston, Michael Lantieri, John Bell, and Steve Gawley",/wiki/Back_to_the_Future_Part_II,False
204,1990 (63rd),,,,False
205,1990 (63rd),Total Recall [note 3],"Eric Brevig, Rob Bottin, Tim McGovern, and Alex Funke",,False
206,1991 (64th),,,,False
207,1991 (64th),Terminator 2: Judgment Day,"Dennis Muren, Stan Winston, Gene Warren Jr., and Robert Skotak",/wiki/Terminator_2:_Judgment_Day,True
208,1991 (64th),Backdraft,"Mikael Salomon, Allen Hall, Clay Pinney, and Scott Farrar",/wiki/Backdraft_(film),False
209,1991 (64th),Hook,"Eric Brevig, Harley Jessup, Mark Sullivan, and Michael Lantieri",/wiki/Hook_(film),False
210,1992 (65th),,,,False
211,1992 (65th),Death Becomes Her,"Ken Ralston, Doug Chiang, Douglas Smythe, and Tom Woodruff Jr.",/wiki/Death_Becomes_Her,True
212,1992 (65th),Alien 3,"Richard Edlund, Alec Gillis, Tom Woodruff Jr., and George Gibbs",/wiki/Alien_3,False
213,1992 (65th),Batman Returns,"Michael L. Fink, Craig Barron, John Bruno, and Dennis Skotak",/wiki/Batman_Returns,False
214,1993 (66th),,,,False
215,1993 (66th),Jurassic Park,"Dennis Muren, Stan Winston, Phil Tippett, and Michael Lantieri",/wiki/Jurassic_Park_(film),True
216,1993 (66th),Cliffhanger,"Neil Krepela, John Richardson, John Bruno, and Pamela Easley",/wiki/Cliffhanger_(film),False
217,1993 (66th),The Nightmare Before Christmas,"Pete Kozachik, Eric Leighton, Ariel Velasco Shaw, and Gordon Baker",/wiki/The_Nightmare_Before_Christmas,False
218,1994 (67th),,,,False
219,1994 (67th),Forrest Gump,"Ken Ralston, George Murphy, Stephen Rosenbaum, and Allen Hall",/wiki/Forrest_Gump,True
220,1994 (67th),The Mask,"Scott Squires, Steve 'Spaz' Williams, Tom Bertino, and Jon Farhat",/wiki/The_Mask_(1994_film),False
221,1994 (67th),True Lies,"John Bruno, Thomas L. Fisher, Jacques Stroweis, and Patrick McClung",/wiki/True_Lies,False
222,1995 (68th),,,,False
223,1995 (68th),Babe,"Scott E. Anderson, Charles Gibson, Neal Scanlan, and John Cox",/wiki/Babe_(film),True
224,1995 (68th),Apollo 13,"Robert Legato, Michael Kanfer, Leslie Ekker, and Matt Sweeney",/wiki/Apollo_13_(film),False
225,1996 (69th),,,,False
226,1996 (69th),Independence Day,"Volker Engel, Douglas Smith, Clay Pinney, and Joseph Viskocil",/wiki/Independence_Day_(1996_film),True
227,1996 (69th),Dragonheart,"Scott Squires, Phil Tippett, James Straus, and Kit West",/wiki/Dragonheart,False
228,1996 (69th),Twister,"Stefen Fangmeier, John Frazier, Habib Zargarpour, and Henry La Bounta",/wiki/Twister_(1996_film),False
229,1997 (70th),,,,False
230,1997 (70th),Titanic,"Robert Legato, Mark Lasoff, Thomas L. Fisher, and Michael Kanfer",/wiki/Titanic_(1997_film),True
231,1997 (70th),The Lost World: Jurassic Park,"Dennis Muren, Stan Winston, Randal M. Dutra, and Michael Lantieri",/wiki/The_Lost_World:_Jurassic_Park,False
232,1997 (70th),Starship Troopers,"Phil Tippett, Scott E. Anderson, Alec Gillis, and John Richardson",/wiki/Starship_Troopers_(film),False
233,1998 (71st),,,,False
234,1998 (71st),What Dreams May Come,"Joel Hynek, Nicholas Brooks, Stuart Robertson, and Kevin Mack",/wiki/What_Dreams_May_Come_(film),True
235,1998 (71st),Armageddon,"Richard R. Hoover, Patrick McClung, and John Frazier",/wiki/Armageddon_(1998_film),False
236,1998 (71st),Mighty Joe Young,"Rick Baker, Hoyt Yeatman, Allen Hall, and Jim Mitchell",/wiki/Mighty_Joe_Young_(1998_film),False
237,1999 (72nd),,,,False
238,1999 (72nd),The Matrix,"John Gaeta, Janek Sirrs, Steve Courtley, and Jon Thum",/wiki/The_Matrix,True
239,1999 (72nd),Star Wars: Episode I – The Phantom Menace,"John Knoll, Dennis Muren, Scott Squires, and Rob Coleman",/wiki/Star_Wars:_Episode_I_%E2%80%93_The_Phantom_Menace,False
240,1999 (72nd),Stuart Little,"John Dykstra, Jerome Chen, Henry F. Anderson III, and Eric Allard",/wiki/Stuart_Little_(film),False
241,2000 (73rd),,,,False
242,2000 (73rd),Gladiator,"John Nelson, Neil Corbould, Tim Burke, and Rob Harvey",/wiki/Gladiator_(2000_film),True
243,2000 (73rd),Hollow Man,"Scott E. Anderson, Craig Hayes, Scott Stokdyk, and Stan Parks",/wiki/Hollow_Man,False
244,2000 (73rd),The Perfect Storm,"Stefen Fangmeier, Habib Zargarpour, John Frazier, and Walt Conti",/wiki/The_Perfect_Storm_(film),False
245,2001 (74th),,,,False
246,2001 (74th),The Lord of the Rings: The Fellowship of the Ring,"Jim Rygiel, Randall William Cook, Richard Taylor, and Mark Stetson",/wiki/The_Lord_of_the_Rings:_The_Fellowship_of_the_Ring,True
247,2001 (74th),A.I. Artificial Intelligence,"Dennis Muren, Scott Farrar, Stan Winston, and Michael Lantieri",/wiki/A.I._Artificial_Intelligence,False
248,2001 (74th),Pearl Harbor,"Eric Brevig, John Frazier, Ed Hirsh, and Ben Snow",/wiki/Pearl_Harbor_(film),False
249,2002 (75th),,,,False
250,2002 (75th),The Lord of the Rings: The Two Towers,"Jim Rygiel, Joe Letteri, Randall William Cook, and Alex Funke",/wiki/The_Lord_of_the_Rings:_The_Two_Towers,True
251,2002 (75th),Spider-Man,"John Dykstra, Scott Stokdyk, Anthony LaMolinara, and John Frazier",/wiki/Spider-Man_(2002_film),False
252,2002 (75th),Star Wars: Episode II – Attack of the Clones,"Rob Coleman, Pablo Helman, John Knoll, and Ben Snow",/wiki/Star_Wars:_Episode_II_%E2%80%93_Attack_of_the_Clones,False
253,2003 (76th),,,,False
254,2003 (76th),The Lord of the Rings: The Return of the King,"Jim Rygiel, Joe Letteri, Randall William Cook, and Alex Funke",/wiki/The_Lord_of_the_Rings:_The_Return_of_the_King,True
255,2003 (76th),Master and Commander: The Far Side of the World,"Dan Sudick, Stefen Fangmeier, Nathan McGuinness, and Robert Stromberg",/wiki/Master_and_Commander:_The_Far_Side_of_the_World,False
256,2003 (76th),Pirates of the Caribbean: The Curse of the Black Pearl,"John Knoll, Hal Hickel, Charles Gibson, and Terry Frazee",/wiki/Pirates_of_the_Caribbean:_The_Curse_of_the_Black_Pearl,False
257,2004 (77th),,,,False
258,2004 (77th),Spider-Man 2,"John Dykstra, Scott Stokdyk, Anthony LaMolinara, and John Frazier",/wiki/Spider-Man_2,True
259,2004 (77th),Harry Potter and the Prisoner of Azkaban,"Roger Guyett, Tim Burke, John Richardson, and William George",/wiki/Harry_Potter_and_the_Prisoner_of_Azkaban_(film),False
260,2004 (77th),"I, Robot","John Nelson, Andrew R. Jones, Erik Nash, and Joe Letteri","/wiki/I,_Robot_(film)",False
261,2005 (78th),,,,False
262,2005 (78th),King Kong,"Joe Letteri, Brian Van't Hul, Christian Rivers, and Richard Taylor",/wiki/King_Kong_(2005_film),True
263,2005 (78th),"The Chronicles of Narnia: The Lion, the Witch and the Wardrobe","Dean Wright, Bill Westenhofer, Jim Berney, and Scott Farrar","/wiki/The_Chronicles_of_Narnia:_The_Lion,_the_Witch_and_the_Wardrobe",False
264,2005 (78th),War of the Worlds,"Dennis Muren, Pablo Helman, Randal M. Dutra, and Dan Sudick",/wiki/War_of_the_Worlds_(2005_film),False
265,2006 (79th),,,,False
266,2006 (79th),Pirates of the Caribbean: Dead Man's Chest,"John Knoll, Hal Hickel, Charles Gibson, and Allen Hall",/wiki/Pirates_of_the_Caribbean:_Dead_Man%27s_Chest,True
267,2006 (79th),Poseidon,"Boyd Shermis, Kim Libreri, Chas Jarrett, and John Frazier",/wiki/Poseidon_(film),False
268,2006 (79th),Superman Returns,"Mark Stetson, Neil Corbould, Richard R. Hoover, and Jon Thum",/wiki/Superman_Returns,False
269,2007 (80th),,,,False
270,2007 (80th),The Golden Compass,"Michael L. Fink, Bill Westenhofer, Ben Morris, and Trevor Wood",/wiki/The_Golden_Compass_(film),True
271,2007 (80th),Pirates of the Caribbean: At World's End,"John Knoll, Hal Hickel, Charles Gibson, and John Frazier",/wiki/Pirates_of_the_Caribbean:_At_World%27s_End,False
272,2007 (80th),Transformers,"Scott Farrar, Scott Benza, Russell Earl, and John Frazier",/wiki/Transformers_(film),False
273,2008 (81st),,,,False
274,2008 (81st),The Curious Case of Benjamin Button,"Eric Barba, Steve Preeg, Burt Dalton, and Craig Barron",/wiki/The_Curious_Case_of_Benjamin_Button_(film),True
275,2008 (81st),The Dark Knight,"Nick Davis, Chris Corbould, Tim Webber, and Paul Franklin",/wiki/The_Dark_Knight,False
276,2008 (81st),Iron Man,"John Nelson, Ben Snow, Dan Sudick, and Shane Mahan",/wiki/Iron_Man_(2008_film),False
277,2009 (82nd),,,,False
278,2009 (82nd),Avatar,"Joe Letteri, Stephen Rosenbaum, Richard Baneham, and Andrew R. Jones",/wiki/Avatar_(2009_film),True
279,2009 (82nd),District 9,"Dan Kaufman, Peter Muyzers, Robert Habros, and Matt Aitken",/wiki/District_9,False
280,2009 (82nd),Star Trek,"Roger Guyett, Russell Earl, Paul Kavanagh, and Burt Dalton",/wiki/Star_Trek_(film),False
281,2010 (83rd),,,,False
282,2010 (83rd),Inception,"Paul Franklin, Chris Corbould, Andrew Lockley, and Peter Bebb",/wiki/Inception,True
283,2010 (83rd),Alice in Wonderland,"Ken Ralston, David Schaub, Carey Villegas, and Sean Phillips",/wiki/Alice_in_Wonderland_(2010_film),False
284,2010 (83rd),Harry Potter and the Deathly Hallows – Part 1,"Tim Burke, John Richardson, Christian Manz, and Nicolas Aithadi",/wiki/Harry_Potter_and_the_Deathly_Hallows_%E2%80%93_Part_1,False
285,2010 (83rd),Hereafter,"Michael Owens, Bryan Grill, Stephan Trojansky, and Joe Farrell",/wiki/Hereafter_(film),False
286,2010 (83rd),Iron Man 2,"Janek Sirrs, Ben Snow, Ged Wright, and Dan Sudick",/wiki/Iron_Man_2,False
287,2011 (84th),,,,False
288,2011 (84th),Hugo,"Robert Legato, Joss Williams, Ben Grossmann, and Alex Henning",/wiki/Hugo_(film),True
289,2011 (84th),Harry Potter and the Deathly Hallows – Part 2,"Tim Burke, David Vickery, Greg Butler, and John Richardson",/wiki/Harry_Potter_and_the_Deathly_Hallows_%E2%80%93_Part_2,False
290,2011 (84th),Real Steel,"Erik Nash, John Rosengrant, Dan Taylor, and Swen Gillberg",/wiki/Real_Steel,False
291,2011 (84th),Rise of the Planet of the Apes,"Joe Letteri, Dan Lemmon, R. Christopher White, and Daniel Barrett",/wiki/Rise_of_the_Planet_of_the_Apes,False
292,2011 (84th),Transformers: Dark of the Moon,"Scott Farrar, Scott Benza, Matthew E. Butler, and John Frazier",/wiki/Transformers:_Dark_of_the_Moon,False
293,2012 (85th),,,,False
294,2012 (85th),Life of Pi,"Bill Westenhofer, Guillaume Rocheron, Erik-Jan de Boer, and Donald R. Elliott",/wiki/Life_of_Pi_(film),True
295,2012 (85th),The Hobbit: An Unexpected Journey,"Joe Letteri, Eric Saindon, David Clayton, and R. Christopher White",/wiki/The_Hobbit:_An_Unexpected_Journey,False
296,2012 (85th),Marvel's The Avengers,"Janek Sirrs, Jeff White, Guy Williams, and Dan Sudick",/wiki/The_Avengers_(2012_film),False
297,2012 (85th),Prometheus,"Richard Stammers, Trevor Wood, Charley Henley, and Martin Hill",/wiki/Prometheus_(2012_film),False
298,2012 (85th),Snow White and the Huntsman,"Cedric Nicolas-Troyan, Philip Brennan, Neil Corbould, and Michael Dawson",/wiki/Snow_White_and_the_Huntsman,False
299,2013 (86th),,,,False
300,2013 (86th),Gravity,"Tim Webber, Chris Lawrence, Dave Shirk, and Neil Corbould",/wiki/Gravity_(2013_film),True
301,2013 (86th),The Hobbit: The Desolation of Smaug,"Joe Letteri, Eric Saindon, David Clayton, and Eric Reynolds",/wiki/The_Hobbit:_The_Desolation_of_Smaug,False
302,2013 (86th),Iron Man 3,"Christopher Townsend, Guy Williams, Erik Nash, and Dan Sudick",/wiki/Iron_Man_3,False
303,2013 (86th),The Lone Ranger,"Tim Alexander, Gary Brozenich, Edson Williams, and John Frazier",/wiki/The_Lone_Ranger_(2013_film),False
304,2013 (86th),Star Trek Into Darkness,"Roger Guyett, Patrick Tubach, Ben Grossmann, and Burt Dalton",/wiki/Star_Trek_Into_Darkness,False
305,2014 (87th),,,,False
306,2014 (87th),Interstellar,"Paul Franklin, Andrew Lockley, Ian Hunter, and Scott R. Fisher",/wiki/Interstellar_(film),True
307,2014 (87th),Captain America: The Winter Soldier,"Dan DeLeeuw, Russell Earl, Bryan Grill, and Dan Sudick",/wiki/Captain_America:_The_Winter_Soldier,False
308,2014 (87th),Dawn of the Planet of the Apes,"Joe Letteri, Dan Lemmon, Daniel Barrett, and Erik Winquist",/wiki/Dawn_of_the_Planet_of_the_Apes,False
309,2014 (87th),Guardians of the Galaxy,"Stephane Ceretti, Nicolas Aithadi, Jonathan Fawkner, and Paul Corbould",/wiki/Guardians_of_the_Galaxy_(film),False
310,2014 (87th),X-Men: Days of Future Past,"Richard Stammers, Lou Pecora, Tim Crosbie, and Cameron Waldbauer",/wiki/X-Men:_Days_of_Future_Past,False
311,2015 (88th),,,,False
312,2015 (88th),Ex Machina,"Mark Williams Ardington, Sara Bennett, Paul Norris, and Andrew Whitehurst",/wiki/Ex_Machina_(film),True
313,2015 (88th),Mad Max: Fury Road,"Andrew Jackson, Dan Oliver, Andy Williams, and Tom Wood",/wiki/Mad_Max:_Fury_Road,False
314,2015 (88th),The Martian,"Anders Langlands, Chris Lawrence, Richard Stammers, and Steven Warner",/wiki/The_Martian_(film),False
315,2015 (88th),The Revenant,"Richard McBride, Matt Shumway, Jason Smith, and Cameron Waldbauer",/wiki/The_Revenant_(2015_film),False
316,2015 (88th),Star Wars: The Force Awakens,"Chris Corbould, Roger Guyett, Patrick Tubach, and Neal Scanlan",/wiki/Star_Wars:_The_Force_Awakens,False
317,2016 (89th) [9],,,,False
318,2016 (89th) [9],The Jungle Book,"Robert Legato, Adam Valdez, Andrew R. Jones, and Dan Lemmon",/wiki/The_Jungle_Book_(2016_film),True
319,2016 (89th) [9],Deepwater Horizon,"Craig Hammack, Jason Snell, Jason Billington, and Burt Dalton",/wiki/Deepwater_Horizon_(film),False
320,2016 (89th) [9],Doctor Strange,"Stephane Ceretti, Richard Bluff, Vincent Cirelli, and Paul Corbould",/wiki/Doctor_Strange_(2016_film),False
321,2016 (89th) [9],Kubo and the Two Strings,"Steve Emerson, Oliver Jones, Brian McLean, and Brad Schiff",/wiki/Kubo_and_the_Two_Strings,False
322,2016 (89th) [9],Rogue One: A Star Wars Story,"John Knoll, Mohen Leo, Hal Hickel, and Neil Corbould",/wiki/Rogue_One,False
323,2017 (90th) [10],,,,False
324,2017 (90th) [10],Blade Runner 2049,"John Nelson, Gerd Nefzer, Paul Lambert, and Richard R. Hoover",/wiki/Blade_Runner_2049,True
325,2017 (90th) [10],Guardians of the Galaxy Vol. 2,"Christopher Townsend, Guy Williams, Jonathan Fawkner, and Dan Sudick",/wiki/Guardians_of_the_Galaxy_Vol._2,False
326,2017 (90th) [10],Kong: Skull Island,"Stephen Rosenbaum, Jeff White, Scott Benza, and Mike Meinardus",/wiki/Kong:_Skull_Island,False
327,2017 (90th) [10],Star Wars: The Last Jedi,"Ben Morris, Mike Mulholland, Neal Scanlan, and Chris Corbould",/wiki/Star_Wars:_The_Last_Jedi,False
328,2017 (90th) [10],War for the Planet of the Apes,"Joe Letteri, Daniel Barrett, Dan Lemmon, and Joel Whist",/wiki/War_for_the_Planet_of_the_Apes,False
329,2018 (91st),,,,False
330,2018 (91st),First Man,"Paul Lambert, Ian Hunter, Tristan Myles, and J. D. Schwalm",/wiki/First_Man_(film),True
331,2018 (91st),Avengers: Infinity War,"Dan DeLeeuw, Kelly Port, Russell Earl, and Dan Sudick",/wiki/Avengers:_Infinity_War,False
332,2018 (91st),Christopher Robin,"Christopher Lawrence, Mike Eames, Theo Jones, and Chris Corbould",/wiki/Christopher_Robin_(film),False
333,2018 (91st),Ready Player One,"Roger Guyett, Grady Cofer, Matthew E. Butler, and David Shirk",/wiki/Ready_Player_One_(film),False
334,2018 (91st),Solo: A Star Wars Story,"Rob Bredow, Patrick Tubach, Neal Scanlan, and Dominic Tuohy",/wiki/Solo:_A_Star_Wars_Story,False
335,2019 (92nd),,,,False
336,2019 (92nd),1917,"Guillaume Rocheron, Greg Butler, and Dominic Tuohy",/wiki/1917_(2019_film),True
337,2019 (92nd),Avengers: Endgame,"Dan DeLeeuw, Russell Earl, Matt Aitken, and Dan Sudick",/wiki/Avengers:_Endgame,False
338,2019 (92nd),The Irishman,"Pablo Helman, Leandro Estebecorena, Nelson Sepulveda-Fauser, and Stephane Grabli",/wiki/The_Irishman,False
339,2019 (92nd),The Lion King,"Robert Legato, Adam Valdez, Andrew R. Jones, and Elliot Newman",/wiki/The_Lion_King_(2019_film),False
340,2019 (92nd),Star Wars: The Rise of Skywalker,"Roger Guyett, Neal Scanlan, Patrick Tubach, and Dominic Tuohy",/wiki/Star_Wars:_The_Rise_of_Skywalker,False
341,2020 (93rd),,,,False
342,2020 (93rd),Tenet,"Andrew Jackson, David Lee, Andrew Lockley, and Scott Fisher",/wiki/Tenet_(film),True
343,2020 (93rd),Love and Monsters,"Matt Sloan, Genevieve Camilleri, Matt Everitt, and Brian Cox",/wiki/Love_and_Monsters_(film),False
344,2020 (93rd),The Midnight Sky,"Matt Kasmir, Christopher Lawrence, Max Solomon, and David Watkins",/wiki/The_Midnight_Sky,False
345,2020 (93rd),Mulan,"Sean Faden, Anders Langlands, Seth Maury, and Steve Ingram",/wiki/Mulan_(2020_film),False
346,2020 (93rd),The One and Only Ivan,"Nick Davis, Greg Fisher, Ben Jones, and Santiago Colomo Martínez",/wiki/The_One_and_Only_Ivan_(film),False
347,2021 (94th),,,,False
348,2021 (94th),Dune,"Paul Lambert, Tristan Myles, Brian Connor, and Gerd Nefzer",/wiki/Dune_(2021_film),True
349,2021 (94th),Free Guy,"Swen Gillberg, Bryan Grill, Nikos Kalaitzidis, and Dan Sudick",/wiki/Free_Guy,False
350,2021 (94th),No Time to Die,"Charlie Noble, Joel Green, Jonathan Fawkner, and Chris Corbould",/wiki/No_Time_to_Die,False
351,2021 (94th),Shang-Chi and the Legend of the Ten Rings,"Christopher Townsend, Joe Farrell, Sean Noel Walker, and Dan Oliver",/wiki/Shang-Chi_and_the_Legend_of_the_Ten_Rings,False
352,2021 (94th),Spider-Man: No Way Home,"Kelly Port, Chris Waegner, Scott Edelstein, and Dan Sudick",/wiki/Spider-Man:_No_Way_Home,False
353,2022 (95th),,,,False
354,2022 (95th),Avatar: The Way of Water,"Joe Letteri, Richard Baneham, Eric Saindon, and Daniel Barrett",/wiki/Avatar:_The_Way_of_Water,True
355,2022 (95th),All Quiet on the Western Front,"Frank Petzold, Viktor Müller, Markus Frank, and Kamil Jafar",/wiki/All_Quiet_on_the_Western_Front_(2022_film),False
356,2022 (95th),The Batman,"Dan Lemmon, Russell Earl, Anders Langlands, and Dominic Tuohy",/wiki/The_Batman_(film),False
357,2022 (95th),Black Panther: Wakanda Forever,"Geoffrey Baumann, Craig Hammack, R. Christopher White, and Dan Sudick",/wiki/Black_Panther:_Wakanda_Forever,False
358,2022 (95th),Top Gun: Maverick,"Ryan Tudhope, Seth Hill, Bryan Litson, and Scott R. Fisher",/wiki/Top_Gun:_Maverick,False
359,2023 (96th),,,,False
360,2023 (96th),The Creator,"Jay Cooper, Ian Comley, Andrew Roberts and Neil Corbould",/wiki/The_Creator_(2023_film),False
361,2023 (96th),Godzilla Minus One,"Takashi Yamazaki, Kiyoko Shibuya, Masaki Takahashi and Tatsuji Nojima",/wiki/Godzilla_Minus_One,False
362,2023 (96th),Guardians of the Galaxy Vol. 3,"Stephane Ceretti, Alexis Wajsbrot, Guy Williams and Theo Bialek",/wiki/Guardians_of_the_Galaxy_Vol._3,False
363,2023 (96th),Mission: Impossible – Dead Reckoning Part One,"Alex Wuttke, Simone Coco, Jeff Sutherland and Neil Corbould",/wiki/Mission:_Impossible_%E2%80%93_Dead_Reckoning_Part_One,False
364,2023 (96th),Napoleon,"Charley Henley, Luc-Ewen Martin-Fenouillet, Simone Coco and Neil Corbould",/wiki/Napoleon_(2023_film),False
