,Year,Film,Nominees,FilmLink,Won
0,1934 (7th),,,,False
1,1934 (7th),Eskimo,Conrad A. Nervig,/wiki/Eskimo_(1933_film),True
2,1934 (7th),Cleopatra,Anne Bauchens,/wiki/Cleopatra_(1934_film),False
3,1934 (7th),One Night of Love,Gene Milford,/wiki/One_Night_of_Love,False
4,1935 (8th),,,,False
5,1935 (8th),A Midsummer Night's Dream,Ralph Dawson,/wiki/A_Midsummer_Night%27s_Dream_(1935_film),True
6,1935 (8th),David Copperfield,Robert J. Kern,/wiki/David_Copperfield_(1935_film),False
7,1935 (8th),The Informer,George Hively,/wiki/The_Informer_(1935_film),False
8,1935 (8th),Les Misérables,Barbara McLean,/wiki/Les_Mis%C3%A9rables_(1935_film),False
9,1935 (8th),The Lives of a Bengal Lancer,Ellsworth Hoagland,/wiki/The_Lives_of_a_Bengal_Lancer_(film),False
10,1935 (8th),Mutiny on the Bounty,Margaret Booth,/wiki/Mutiny_on_the_Bounty_(1935_film),False
11,1936 (9th),,,,False
12,1936 (9th),Anthony Adverse,Ralph Dawson,/wiki/Anthony_Adverse,True
13,1936 (9th),Come and Get It,Edward Curtiss,/wiki/Come_and_Get_It_(1936_film),False
14,1936 (9th),The Great Ziegfeld,William S. Gray,/wiki/The_Great_Ziegfeld,False
15,1936 (9th),Lloyd's of London,Barbara McLean,/wiki/Lloyd%27s_of_London_(film),False
16,1936 (9th),A Tale of Two Cities,Conrad A. Nervig,/wiki/A_Tale_of_Two_Cities_(1935_film),False
17,1936 (9th),Theodora Goes Wild,Otto Meyer,/wiki/Theodora_Goes_Wild,False
18,1937 (10th),,,,False
19,1937 (10th),Lost Horizon,Gene Havlick and Gene Milford,/wiki/Lost_Horizon_(1937_film),True
20,1937 (10th),The Awful Truth,Al Clark,/wiki/The_Awful_Truth,False
21,1937 (10th),Captains Courageous,Elmo Veron,/wiki/Captains_Courageous_(1937_film),False
22,1937 (10th),The Good Earth,Basil Wrangell,/wiki/The_Good_Earth_(film),False
23,1937 (10th),One Hundred Men and a Girl,Bernard W. Burton,/wiki/One_Hundred_Men_and_a_Girl,False
24,1938 (11th),,,,False
25,1938 (11th),The Adventures of Robin Hood,Ralph Dawson,/wiki/The_Adventures_of_Robin_Hood,True
26,1938 (11th),Alexander's Ragtime Band,Barbara McLean,/wiki/Alexander%27s_Ragtime_Band_(film),False
27,1938 (11th),The Great Waltz,Tom Held,/wiki/The_Great_Waltz_(1938_film),False
28,1938 (11th),Test Pilot,Tom Held,/wiki/Test_Pilot_(film),False
29,1938 (11th),You Can't Take It with You,Gene Havlick,/wiki/You_Can%27t_Take_It_with_You_(film),False
30,1939 (12th),,,,False
31,1939 (12th),Gone with the Wind,Hal C. Kern and James E. Newcom,/wiki/Gone_with_the_Wind_(film),True
32,1939 (12th),"Goodbye, Mr. Chips",Charles Frend,"/wiki/Goodbye,_Mr._Chips_(1939_film)",False
33,1939 (12th),Mr. Smith Goes to Washington,Gene Havlick and Al Clark,/wiki/Mr._Smith_Goes_to_Washington,False
34,1939 (12th),The Rains Came,Barbara McLean,/wiki/The_Rains_Came,False
35,1939 (12th),Stagecoach,Otho Lovering and Dorothy Spencer,/wiki/Stagecoach_(1939_film),False
36,1940 (13th),,,,False
37,1940 (13th),North West Mounted Police,Anne Bauchens,/wiki/North_West_Mounted_Police_(film),True
38,1940 (13th),The Grapes of Wrath,Robert L. Simpson,/wiki/The_Grapes_of_Wrath_(film),False
39,1940 (13th),The Letter,Warren Low,/wiki/The_Letter_(1940_film),False
40,1940 (13th),The Long Voyage Home,Sherman Todd,/wiki/The_Long_Voyage_Home,False
41,1940 (13th),Rebecca,Hal C. Kern,/wiki/Rebecca_(1940_film),False
42,1941 (14th),,,,False
43,1941 (14th),Sergeant York,William Holmes,/wiki/Sergeant_York_(film),True
44,1941 (14th),Citizen Kane,Robert Wise,/wiki/Citizen_Kane,False
45,1941 (14th),Dr. Jekyll and Mr. Hyde,Harold F. Kress,/wiki/Dr._Jekyll_and_Mr._Hyde_(1941_film),False
46,1941 (14th),How Green Was My Valley,James B. Clark,/wiki/How_Green_Was_My_Valley_(film),False
47,1941 (14th),The Little Foxes,Daniel Mandell,/wiki/The_Little_Foxes_(film),False
48,1942 (15th),,,,False
49,1942 (15th),The Pride of the Yankees,Daniel Mandell,/wiki/The_Pride_of_the_Yankees,True
50,1942 (15th),Mrs. Miniver,Harold F. Kress,/wiki/Mrs._Miniver,False
51,1942 (15th),The Talk of the Town,Otto Meyer,/wiki/The_Talk_of_the_Town_(1942_film),False
52,1942 (15th),This Above All,Walter Thompson,/wiki/This_Above_All_(film),False
53,1942 (15th),Yankee Doodle Dandy,George Amy,/wiki/Yankee_Doodle_Dandy,False
54,1943 (16th),,,,False
55,1943 (16th),Air Force,George Amy,/wiki/Air_Force_(film),True
56,1943 (16th),Casablanca,Owen Marks,/wiki/Casablanca_(film),False
57,1943 (16th),Five Graves to Cairo,Doane Harrison,/wiki/Five_Graves_to_Cairo,False
58,1943 (16th),For Whom the Bell Tolls,Sherman Todd and John F. Link Sr.,/wiki/For_Whom_the_Bell_Tolls_(film),False
59,1943 (16th),The Song of Bernadette,Barbara McLean,/wiki/The_Song_of_Bernadette_(film),False
60,1944 (17th),,,,False
61,1944 (17th),Wilson,Barbara McLean,/wiki/Wilson_(1944_film),True
62,1944 (17th),Going My Way,LeRoy Stone,/wiki/Going_My_Way,False
63,1944 (17th),Janie,Owen Marks,/wiki/Janie_(1944_film),False
64,1944 (17th),None but the Lonely Heart,Roland Gross,/wiki/None_but_the_Lonely_Heart_(film),False
65,1944 (17th),Since You Went Away,Hal C. Kern and James E. Newcom,/wiki/Since_You_Went_Away,False
66,1945 (18th),,,,False
67,1945 (18th),National Velvet,Robert J. Kern,/wiki/National_Velvet_(film),True
68,1945 (18th),The Bells of St. Mary's,Harry Marker,/wiki/The_Bells_of_St._Mary%27s,False
69,1945 (18th),The Lost Weekend,Doane Harrison,/wiki/The_Lost_Weekend_(film),False
70,1945 (18th),"Objective, Burma!",George Amy,"/wiki/Objective,_Burma!",False
71,1945 (18th),A Song to Remember,Charles Nelson,/wiki/A_Song_to_Remember,False
72,1946 (19th),,,,False
73,1946 (19th),The Best Years of Our Lives,Daniel Mandell,/wiki/The_Best_Years_of_Our_Lives,True
74,1946 (19th),It's a Wonderful Life,William Hornbeck,/wiki/It%27s_a_Wonderful_Life,False
75,1946 (19th),The Jolson Story,William A. Lyon,/wiki/The_Jolson_Story,False
76,1946 (19th),The Killers,Arthur Hilton,/wiki/The_Killers_(1946_film),False
77,1946 (19th),The Yearling,Harold F. Kress,/wiki/The_Yearling_(1946_film),False
78,1947 (20th),,,,False
79,1947 (20th),Body and Soul,Francis Lyon and Robert Parrish,/wiki/Body_and_Soul_(1947_film),True
80,1947 (20th),The Bishop's Wife,Monica Collingwood,/wiki/The_Bishop%27s_Wife,False
81,1947 (20th),Gentleman's Agreement,Harmon Jones,/wiki/Gentleman%27s_Agreement,False
82,1947 (20th),Green Dolphin Street,George White,/wiki/Green_Dolphin_Street_(film),False
83,1947 (20th),Odd Man Out,Fergus McDonell,/wiki/Odd_Man_Out,False
84,1948 (21st),,,,False
85,1948 (21st),The Naked City,Paul Weatherwax,/wiki/The_Naked_City,True
86,1948 (21st),Joan of Arc,Frank Sullivan,/wiki/Joan_of_Arc_(1948_film),False
87,1948 (21st),Johnny Belinda,David Weisbart,/wiki/Johnny_Belinda_(1948_film),False
88,1948 (21st),Red River,Christian Nyby,/wiki/Red_River_(1948_film),False
89,1948 (21st),The Red Shoes,Reginald Mills,/wiki/The_Red_Shoes_(1948_film),False
90,1949 (22nd),,,,False
91,1949 (22nd),Champion,Harry W. Gerstad,/wiki/Champion_(1949_film),True
92,1949 (22nd),All the King's Men,Robert Parrish and Al Clark,/wiki/All_the_King%27s_Men_(1949_film),False
93,1949 (22nd),Battleground,John Dunning,/wiki/Battleground_(film),False
94,1949 (22nd),Sands of Iwo Jima,Richard L. Van Enger,/wiki/Sands_of_Iwo_Jima,False
95,1949 (22nd),The Window,Frederic Knudtson,/wiki/The_Window_(1949_film),False
96,1950 (23rd),,,,False
97,1950 (23rd),King Solomon's Mines,Ralph E. Winters and Conrad A. Nervig,/wiki/King_Solomon%27s_Mines_(1950_film),True
98,1950 (23rd),All About Eve,Barbara McLean,/wiki/All_About_Eve,False
99,1950 (23rd),Annie Get Your Gun,James E. Newcom,/wiki/Annie_Get_Your_Gun_(film),False
100,1950 (23rd),Sunset Boulevard,Arthur P. Schmidt and Doane Harrison,/wiki/Sunset_Boulevard_(film),False
101,1950 (23rd),The Third Man,Oswald Hafenrichter,/wiki/The_Third_Man,False
102,1951 (24th),,,,False
103,1951 (24th),A Place in the Sun,William Hornbeck,/wiki/A_Place_in_the_Sun_(1951_film),True
104,1951 (24th),An American in Paris,Adrienne Fazan,/wiki/An_American_in_Paris_(film),False
105,1951 (24th),Decision Before Dawn,Dorothy Spencer,/wiki/Decision_Before_Dawn,False
106,1951 (24th),Quo Vadis,Ralph E. Winters,/wiki/Quo_Vadis_(1951_film),False
107,1951 (24th),The Well,Chester Schaeffer,/wiki/The_Well_(1951_film),False
108,1952 (25th),,,,False
109,1952 (25th),High Noon,Elmo Williams and Harry W. Gerstad,/wiki/High_Noon,True
110,1952 (25th),"Come Back, Little Sheba",Warren Low,"/wiki/Come_Back,_Little_Sheba_(1952_film)",False
111,1952 (25th),Flat Top,William Austin,/wiki/Flat_Top_(film),False
112,1952 (25th),The Greatest Show on Earth,Anne Bauchens,/wiki/The_Greatest_Show_on_Earth_(film),False
113,1952 (25th),Moulin Rouge,Ralph Kemplen,/wiki/Moulin_Rouge_(1952_film),False
114,1953 (26th),,,,False
115,1953 (26th),From Here to Eternity,William A. Lyon,/wiki/From_Here_to_Eternity,True
116,1953 (26th),Crazylegs,"Irvine ""Cotton"" Warburton",/wiki/Crazylegs_(film),False
117,1953 (26th),The Moon Is Blue,Otto Ludwig,/wiki/The_Moon_Is_Blue_(film),False
118,1953 (26th),Roman Holiday,Robert Swink,/wiki/Roman_Holiday,False
119,1953 (26th),The War of the Worlds,Everett Douglas,/wiki/The_War_of_the_Worlds_(1953_film),False
120,1954 (27th),,,,False
121,1954 (27th),On the Waterfront,Gene Milford,/wiki/On_the_Waterfront,True
122,1954 (27th),"20,000 Leagues Under the Sea",Elmo Williams,"/wiki/20,000_Leagues_Under_the_Sea_(1954_film)",False
123,1954 (27th),The Caine Mutiny,William A. Lyon and Henry Batista,/wiki/The_Caine_Mutiny_(film),False
124,1954 (27th),The High and the Mighty,Ralph Dawson,/wiki/The_High_and_the_Mighty_(film),False
125,1954 (27th),Seven Brides for Seven Brothers,Ralph E. Winters,/wiki/Seven_Brides_for_Seven_Brothers,False
126,1955 (28th),,,,False
127,1955 (28th),Picnic,Charles Nelson and William A. Lyon,/wiki/Picnic_(1955_film),True
128,1955 (28th),Blackboard Jungle,Ferris Webster,/wiki/Blackboard_Jungle,False
129,1955 (28th),The Bridges at Toko-Ri,Alma Macrorie,/wiki/The_Bridges_at_Toko-Ri,False
130,1955 (28th),Oklahoma!,Gene Ruggiero and George Boemler,/wiki/Oklahoma!_(1955_film),False
131,1955 (28th),The Rose Tattoo,Warren Low,/wiki/The_Rose_Tattoo_(film),False
132,1956 (29th),,,,False
133,1956 (29th),Around the World in 80 Days,Gene Ruggiero and Paul Weatherwax,/wiki/Around_the_World_in_80_Days_(1956_film),True
134,1956 (29th),The Brave One,Merrill G. White,/wiki/The_Brave_One_(1956_film),False
135,1956 (29th),Giant,"William Hornbeck, Philip W. Anderson and Fred Bohanan",/wiki/Giant_(1956_film),False
136,1956 (29th),Somebody Up There Likes Me,Albert Akst,/wiki/Somebody_Up_There_Likes_Me_(1956_film),False
137,1956 (29th),The Ten Commandments,Anne Bauchens,/wiki/The_Ten_Commandments_(1956_film),False
138,1957 (30th),,,,False
139,1957 (30th),The Bridge on the River Kwai,Peter Taylor,/wiki/The_Bridge_on_the_River_Kwai,True
140,1957 (30th),Gunfight at the O.K. Corral,Warren Low,/wiki/Gunfight_at_the_O.K._Corral_(film),False
141,1957 (30th),Pal Joey,Viola Lawrence and Jerome Thoms,/wiki/Pal_Joey_(film),False
142,1957 (30th),Sayonara,Arthur P. Schmidt and Philip W. Anderson,/wiki/Sayonara,False
143,1957 (30th),Witness for the Prosecution,Daniel Mandell,/wiki/Witness_for_the_Prosecution_(1957_film),False
144,1958 (31st),,,,False
145,1958 (31st),Gigi,Adrienne Fazan,/wiki/Gigi_(1958_film),True
146,1958 (31st),Auntie Mame,William H. Ziegler,/wiki/Auntie_Mame_(film),False
147,1958 (31st),Cowboy,William A. Lyon and Al Clark,/wiki/Cowboy_(1958_film),False
148,1958 (31st),The Defiant Ones,Frederic Knudtson,/wiki/The_Defiant_Ones,False
149,1958 (31st),I Want to Live!,William Hornbeck,/wiki/I_Want_to_Live!,False
150,1959 (32nd),,,,False
151,1959 (32nd),Ben-Hur,Ralph E. Winters and John D. Dunning,/wiki/Ben-Hur_(1959_film),True
152,1959 (32nd),Anatomy of a Murder,Louis R. Loeffler,/wiki/Anatomy_of_a_Murder,False
153,1959 (32nd),North by Northwest,George Tomasini,/wiki/North_by_Northwest,False
154,1959 (32nd),The Nun's Story,Walter Thompson,/wiki/The_Nun%27s_Story_(film),False
155,1959 (32nd),On the Beach,Frederic Knudtson,/wiki/On_the_Beach_(1959_film),False
156,1960 (33rd),,,,False
157,1960 (33rd),The Apartment,Daniel Mandell,/wiki/The_Apartment,True
158,1960 (33rd),The Alamo,Stuart Gilmore,/wiki/The_Alamo_(1960_film),False
159,1960 (33rd),Inherit the Wind,Frederic Knudtson,/wiki/Inherit_the_Wind_(1960_film),False
160,1960 (33rd),Pepe,Viola Lawrence and Al Clark,/wiki/Pepe_(1960_film),False
161,1960 (33rd),Spartacus,Robert Lawrence,/wiki/Spartacus_(film),False
162,1961 (34th),,,,False
163,1961 (34th),West Side Story,Thomas Stanford,/wiki/West_Side_Story_(1961_film),True
164,1961 (34th),Fanny,William H. Reynolds,/wiki/Fanny_(1961_film),False
165,1961 (34th),The Guns of Navarone,Alan Osbiston,/wiki/The_Guns_of_Navarone_(film),False
166,1961 (34th),Judgment at Nuremberg,Frederic Knudtson,/wiki/Judgment_at_Nuremberg,False
167,1961 (34th),The Parent Trap,Philip W. Anderson,/wiki/The_Parent_Trap_(1961_film),False
168,1962 (35th),,,,False
169,1962 (35th),Lawrence of Arabia,Anne V. Coates,/wiki/Lawrence_of_Arabia_(film),True
170,1962 (35th),The Longest Day,Samuel E. Beetley,/wiki/The_Longest_Day_(film),False
171,1962 (35th),The Manchurian Candidate,Ferris Webster,/wiki/The_Manchurian_Candidate_(1962_film),False
172,1962 (35th),The Music Man,William H. Ziegler,/wiki/The_Music_Man_(1962_film),False
173,1962 (35th),Mutiny on the Bounty,John McSweeney Jr.,/wiki/Mutiny_on_the_Bounty_(1962_film),False
174,1963 (36th),,,,False
175,1963 (36th),How the West Was Won,Harold F. Kress,/wiki/How_the_West_Was_Won_(film),True
176,1963 (36th),The Cardinal,Louis R. Loeffler,/wiki/The_Cardinal,False
177,1963 (36th),Cleopatra,Dorothy Spencer,/wiki/Cleopatra_(1963_film),False
178,1963 (36th),The Great Escape,Ferris Webster,/wiki/The_Great_Escape_(film),False
179,1963 (36th),"It's a Mad, Mad, Mad, Mad World","Frederic Knudtson (posthumously), Robert C. Jones and Gene Fowler Jr.","/wiki/It%27s_a_Mad,_Mad,_Mad,_Mad_World",False
180,1964 (37th),,,,False
181,1964 (37th),Mary Poppins,Cotton Warburton,/wiki/Mary_Poppins_(film),True
182,1964 (37th),Becket,Anne V. Coates,/wiki/Becket_(1964_film),False
183,1964 (37th),Father Goose,Ted J. Kent,/wiki/Father_Goose_(film),False
184,1964 (37th),"Hush...Hush, Sweet Charlotte",Michael Luciano,"/wiki/Hush...Hush,_Sweet_Charlotte",False
185,1964 (37th),My Fair Lady,William H. Ziegler,/wiki/My_Fair_Lady_(film),False
186,1965 (38th),,,,False
187,1965 (38th),The Sound of Music,William H. Reynolds,/wiki/The_Sound_of_Music_(film),True
188,1965 (38th),Cat Ballou,Charles Nelson,/wiki/Cat_Ballou,False
189,1965 (38th),Doctor Zhivago,Norman Savage,/wiki/Doctor_Zhivago_(film),False
190,1965 (38th),The Flight of the Phoenix,Michael Luciano,/wiki/The_Flight_of_the_Phoenix_(1965_film),False
191,1965 (38th),The Great Race,Ralph E. Winters,/wiki/The_Great_Race,False
192,1966 (39th),,,,False
193,1966 (39th),Grand Prix,"Fredric Steinkamp, Henry Berman, Stewart Linder and Frank Santillo",/wiki/Grand_Prix_(1966_film),True
194,1966 (39th),Fantastic Voyage,William B. Murphy,/wiki/Fantastic_Voyage,False
195,1966 (39th),"The Russians Are Coming, the Russians Are Coming",Hal Ashby and J. Terry Williams,"/wiki/The_Russians_Are_Coming,_the_Russians_Are_Coming",False
196,1966 (39th),The Sand Pebbles,William H. Reynolds,/wiki/The_Sand_Pebbles_(film),False
197,1966 (39th),Who's Afraid of Virginia Woolf?,Sam O'Steen,/wiki/Who%27s_Afraid_of_Virginia_Woolf%3F_(film),False
198,1967 (40th),,,,False
199,1967 (40th),In the Heat of the Night,Hal Ashby,/wiki/In_the_Heat_of_the_Night_(film),True
200,1967 (40th),Beach Red,Frank P. Keller,/wiki/Beach_Red,False
201,1967 (40th),The Dirty Dozen,Michael Luciano,/wiki/The_Dirty_Dozen,False
202,1967 (40th),Doctor Dolittle,Samuel E. Beetley and Marjorie Fowler,/wiki/Doctor_Dolittle_(1967_film),False
203,1967 (40th),Guess Who's Coming to Dinner,Robert C. Jones,/wiki/Guess_Who%27s_Coming_to_Dinner,False
204,1968 (41st),,,,False
205,1968 (41st),Bullitt,Frank P. Keller,/wiki/Bullitt,True
206,1968 (41st),Funny Girl,"Robert Swink, Maury Winetrobe and William Sands",/wiki/Funny_Girl_(film),False
207,1968 (41st),The Odd Couple,Frank Bracht,/wiki/The_Odd_Couple_(film),False
208,1968 (41st),Oliver!,Ralph Kemplen,/wiki/Oliver!_(film),False
209,1968 (41st),Wild in the Streets,Fred R. Feitshans Jr. and Eve Newman,/wiki/Wild_in_the_Streets,False
210,1969 (42nd),,,,False
211,1969 (42nd),Z,Françoise Bonnot,/wiki/Z_(1969_film),True
212,1969 (42nd),"Hello, Dolly!",William H. Reynolds,"/wiki/Hello,_Dolly!_(film)",False
213,1969 (42nd),Midnight Cowboy,Hugh A. Robertson,/wiki/Midnight_Cowboy,False
214,1969 (42nd),The Secret of Santa Vittoria,William A. Lyon and Earle Herdan,/wiki/The_Secret_of_Santa_Vittoria,False
215,1969 (42nd),"They Shoot Horses, Don't They?",Fredric Steinkamp,"/wiki/They_Shoot_Horses,_Don%27t_They%3F_(film)",False
216,1970 (43rd),,,,False
217,1970 (43rd),Patton,Hugh S. Fowler,/wiki/Patton_(film),True
218,1970 (43rd),Airport,Stuart Gilmore,/wiki/Airport_(1970_film),False
219,1970 (43rd),M*A*S*H,Danford B. Greene,/wiki/M*A*S*H_(film),False
220,1970 (43rd),Tora! Tora! Tora!,"James E. Newcom, Pembroke J. Herring and Inoue Chikaya",/wiki/Tora!_Tora!_Tora!,False
221,1970 (43rd),Woodstock,Thelma Schoonmaker,/wiki/Woodstock_(film),False
222,1971 (44th),,,,False
223,1971 (44th),The French Connection,Gerald B. Greenberg,/wiki/The_French_Connection_(film),True
224,1971 (44th),The Andromeda Strain,Stuart Gilmore (posthumously) and John W. Holmes,/wiki/The_Andromeda_Strain_(film),False
225,1971 (44th),A Clockwork Orange,Bill Butler,/wiki/A_Clockwork_Orange_(film),False
226,1971 (44th),Kotch,Ralph E. Winters,/wiki/Kotch,False
227,1971 (44th),Summer of '42,Folmar Blangsted,/wiki/Summer_of_%2742,False
228,1972 (45th),,,,False
229,1972 (45th),Cabaret,David Bretherton,/wiki/Cabaret_(1972_film),True
230,1972 (45th),Deliverance,Tom Priestley,/wiki/Deliverance,False
231,1972 (45th),The Godfather,William H. Reynolds and Peter Zinner,/wiki/The_Godfather,False
232,1972 (45th),The Hot Rock,Frank P. Keller and Fred W. Berger,/wiki/The_Hot_Rock_(film),False
233,1972 (45th),The Poseidon Adventure,Harold F. Kress,/wiki/The_Poseidon_Adventure_(1972_film),False
234,1973 (46th),,,,False
235,1973 (46th),The Sting,William H. Reynolds,/wiki/The_Sting,True
236,1973 (46th),American Graffiti,Verna Fields and Marcia Lucas,/wiki/American_Graffiti,False
237,1973 (46th),The Day of the Jackal,Ralph Kemplen,/wiki/The_Day_of_the_Jackal_(film),False
238,1973 (46th),The Exorcist,"Jordan Leondopoulos, Bud S. Smith, Evan A. Lottman and Norman Gay",/wiki/The_Exorcist,False
239,1973 (46th),Jonathan Livingston Seagull,Frank P. Keller and James Galloway,/wiki/Jonathan_Livingston_Seagull_(film),False
240,1974 (47th),,,,False
241,1974 (47th),The Towering Inferno,Harold F. Kress and Carl Kress,/wiki/The_Towering_Inferno,True
242,1974 (47th),Blazing Saddles,John C. Howard and Danford B. Greene,/wiki/Blazing_Saddles,False
243,1974 (47th),Chinatown,Sam O'Steen,/wiki/Chinatown_(1974_film),False
244,1974 (47th),Earthquake,Dorothy Spencer,/wiki/Earthquake_(1974_film),False
245,1974 (47th),The Longest Yard,Michael Luciano,/wiki/The_Longest_Yard_(1974_film),False
246,1975 (48th),,,,False
247,1975 (48th),Jaws,Verna Fields,/wiki/Jaws_(film),True
248,1975 (48th),Dog Day Afternoon,Dede Allen,/wiki/Dog_Day_Afternoon,False
249,1975 (48th),The Man Who Would Be King,Russell Lloyd,/wiki/The_Man_Who_Would_Be_King_(film),False
250,1975 (48th),One Flew Over the Cuckoo's Nest,"Richard Chew, Lynzee Klingman and Sheldon Kahn",/wiki/One_Flew_Over_the_Cuckoo%27s_Nest_(film),False
251,1975 (48th),Three Days of the Condor,Fredric Steinkamp and Don Guidice,/wiki/Three_Days_of_the_Condor,False
252,1976 (49th),,,,False
253,1976 (49th),Rocky,Richard Halsey and Scott Conrad,/wiki/Rocky,True
254,1976 (49th),All the President's Men,Robert L. Wolfe,/wiki/All_the_President%27s_Men_(film),False
255,1976 (49th),Bound for Glory,Robert C. Jones and Pembroke J. Herring,/wiki/Bound_for_Glory_(1976_film),False
256,1976 (49th),Network,Alan Heim,/wiki/Network_(1976_film),False
257,1976 (49th),Two-Minute Warning,Eve Newman and Walter Hannemann,/wiki/Two-Minute_Warning,False
258,1977 (50th),,,,False
259,1977 (50th),Star Wars,"Paul Hirsch, Marcia Lucas and Richard Chew",/wiki/Star_Wars_(film),True
260,1977 (50th),Close Encounters of the Third Kind,Michael Kahn,/wiki/Close_Encounters_of_the_Third_Kind,False
261,1977 (50th),Julia,Walter Murch,/wiki/Julia_(1977_film),False
262,1977 (50th),Smokey and the Bandit,Walter Hannemann and Angelo Ross,/wiki/Smokey_and_the_Bandit,False
263,1977 (50th),The Turning Point,William H. Reynolds,/wiki/The_Turning_Point_(1977_film),False
264,1978 (51st),,,,False
265,1978 (51st),The Deer Hunter,Peter Zinner,/wiki/The_Deer_Hunter,True
266,1978 (51st),The Boys from Brazil,Robert E. Swink,/wiki/The_Boys_from_Brazil_(film),False
267,1978 (51st),Coming Home,Don Zimmerman,/wiki/Coming_Home_(1978_film),False
268,1978 (51st),Midnight Express,Gerry Hambling,/wiki/Midnight_Express_(film),False
269,1978 (51st),Superman,Stuart Baird,/wiki/Superman_(1978_film),False
270,1979 (52nd),,,,False
271,1979 (52nd),All That Jazz,Alan Heim,/wiki/All_That_Jazz_(film),True
272,1979 (52nd),Apocalypse Now,"Richard Marks, Walter Murch, Gerald B. Greenberg and Lisa Fruchtman",/wiki/Apocalypse_Now,False
273,1979 (52nd),The Black Stallion,Robert Dalva,/wiki/The_Black_Stallion_(film),False
274,1979 (52nd),Kramer vs. Kramer,Gerald B. Greenberg,/wiki/Kramer_vs._Kramer,False
275,1979 (52nd),The Rose,Robert L. Wolfe and Carroll Timothy O'Meara,/wiki/The_Rose_(film),False
276,1980 (53rd),,,,False
277,1980 (53rd),Raging Bull,Thelma Schoonmaker,/wiki/Raging_Bull,True
278,1980 (53rd),Coal Miner's Daughter,Arthur Schmidt,/wiki/Coal_Miner%27s_Daughter_(film),False
279,1980 (53rd),The Competition,David Blewitt,/wiki/The_Competition_(1980_film),False
280,1980 (53rd),The Elephant Man,Anne V. Coates,/wiki/The_Elephant_Man_(film),False
281,1980 (53rd),Fame,Gerry Hambling,/wiki/Fame_(1980_film),False
282,1981 (54th),,,,False
283,1981 (54th),Raiders of the Lost Ark,Michael Kahn,/wiki/Raiders_of_the_Lost_Ark,True
284,1981 (54th),Chariots of Fire,Terry Rawlings,/wiki/Chariots_of_Fire,False
285,1981 (54th),The French Lieutenant's Woman,John Bloom,/wiki/The_French_Lieutenant%27s_Woman_(film),False
286,1981 (54th),On Golden Pond,Robert L. Wolfe (posthumously),/wiki/On_Golden_Pond_(1981_film),False
287,1981 (54th),Reds,Dede Allen and Craig McKay,/wiki/Reds_(film),False
288,1982 (55th),,,,False
289,1982 (55th),Gandhi,John Bloom,/wiki/Gandhi_(film),True
290,1982 (55th),Das Boot,Hannes Nikel,/wiki/Das_Boot,False
291,1982 (55th),E.T. the Extra-Terrestrial,Carol Littleton,/wiki/E.T._the_Extra-Terrestrial,False
292,1982 (55th),An Officer and a Gentleman,Peter Zinner,/wiki/An_Officer_and_a_Gentleman,False
293,1982 (55th),Tootsie,Fredric Steinkamp and William Steinkamp,/wiki/Tootsie,False
294,1983 (56th),,,,False
295,1983 (56th),The Right Stuff,"Glenn Farr, Lisa Fruchtman, Stephen A. Rotter, Douglas Stewart and Tom Rolf",/wiki/The_Right_Stuff_(film),True
296,1983 (56th),Blue Thunder,Frank Morriss and Edward M. Abroms,/wiki/Blue_Thunder,False
297,1983 (56th),Flashdance,Bud S. Smith and Walt Mulconery,/wiki/Flashdance,False
298,1983 (56th),Silkwood,Sam O'Steen,/wiki/Silkwood,False
299,1983 (56th),Terms of Endearment,Richard Marks,/wiki/Terms_of_Endearment,False
300,1984 (57th),,,,False
301,1984 (57th),The Killing Fields,Jim Clark,/wiki/The_Killing_Fields_(film),True
302,1984 (57th),Amadeus,Nena Danevic and Michael Chandler,/wiki/Amadeus_(film),False
303,1984 (57th),The Cotton Club,Barry Malkin and Robert Q. Lovett,/wiki/The_Cotton_Club_(film),False
304,1984 (57th),A Passage to India,David Lean,/wiki/A_Passage_to_India_(film),False
305,1984 (57th),Romancing the Stone,Donn Cambern and Frank Morriss,/wiki/Romancing_the_Stone,False
306,1985 (58th),,,,False
307,1985 (58th),Witness,Thom Noble,/wiki/Witness_(1985_film),True
308,1985 (58th),A Chorus Line,John Bloom,/wiki/A_Chorus_Line_(film),False
309,1985 (58th),Out of Africa,"Fredric Steinkamp, William Steinkamp, Pembroke J. Herring and Sheldon Kahn",/wiki/Out_of_Africa_(film),False
310,1985 (58th),Prizzi's Honor,Rudi Fehr and Kaja Fehr,/wiki/Prizzi%27s_Honor,False
311,1985 (58th),Runaway Train,Henry Richardson,/wiki/Runaway_Train_(film),False
312,1986 (59th),,,,False
313,1986 (59th),Platoon,Claire Simpson,/wiki/Platoon_(film),True
314,1986 (59th),Aliens,Ray Lovejoy,/wiki/Aliens_(film),False
315,1986 (59th),Hannah and Her Sisters,Susan E. Morse,/wiki/Hannah_and_Her_Sisters,False
316,1986 (59th),The Mission,Jim Clark,/wiki/The_Mission_(1986_film),False
317,1986 (59th),Top Gun,Billy Weber and Chris Lebenzon,/wiki/Top_Gun,False
318,1987 (60th),,,,False
319,1987 (60th),The Last Emperor,Gabriella Cristiani,/wiki/The_Last_Emperor,True
320,1987 (60th),Broadcast News,Richard Marks,/wiki/Broadcast_News_(film),False
321,1987 (60th),Empire of the Sun,Michael Kahn,/wiki/Empire_of_the_Sun_(film),False
322,1987 (60th),Fatal Attraction,Michael Kahn and Peter E. Berger,/wiki/Fatal_Attraction,False
323,1987 (60th),RoboCop,Frank J. Urioste,/wiki/RoboCop,False
324,1988 (61st),,,,False
325,1988 (61st),Who Framed Roger Rabbit,Arthur Schmidt,/wiki/Who_Framed_Roger_Rabbit,True
326,1988 (61st),Die Hard,Frank J. Urioste and John F. Link,/wiki/Die_Hard,False
327,1988 (61st),Gorillas in the Mist,Stuart Baird,/wiki/Gorillas_in_the_Mist,False
328,1988 (61st),Mississippi Burning,Gerry Hambling,/wiki/Mississippi_Burning,False
329,1988 (61st),Rain Man,Stu Linder,/wiki/Rain_Man,False
330,1989 (62nd),,,,False
331,1989 (62nd),Born on the Fourth of July,David Brenner and Joe Hutshing,/wiki/Born_on_the_Fourth_of_July_(film),True
332,1989 (62nd),The Bear,Noëlle Boisson,/wiki/The_Bear_(1988_film),False
333,1989 (62nd),Driving Miss Daisy,Mark Warner,/wiki/Driving_Miss_Daisy,False
334,1989 (62nd),The Fabulous Baker Boys,William Steinkamp,/wiki/The_Fabulous_Baker_Boys,False
335,1989 (62nd),Glory,Steven Rosenblum,/wiki/Glory_(1989_film),False
336,1990 (63rd),,,,False
337,1990 (63rd),Dances with Wolves,Neil Travis,/wiki/Dances_with_Wolves,True
338,1990 (63rd),Ghost,Walter Murch,/wiki/Ghost_(1990_film),False
339,1990 (63rd),The Godfather Part III,"Barry Malkin, Lisa Fruchtman and Walter Murch",/wiki/The_Godfather_Part_III,False
340,1990 (63rd),Goodfellas,Thelma Schoonmaker,/wiki/Goodfellas,False
341,1990 (63rd),The Hunt for Red October,Dennis Virkler and John Wright,/wiki/The_Hunt_for_Red_October_(film),False
342,1991 (64th),,,,False
343,1991 (64th),JFK,Joe Hutshing and Pietro Scalia,/wiki/JFK_(film),True
344,1991 (64th),The Commitments,Gerry Hambling,/wiki/The_Commitments_(film),False
345,1991 (64th),The Silence of the Lambs,Craig McKay,/wiki/The_Silence_of_the_Lambs_(film),False
346,1991 (64th),Terminator 2: Judgment Day,"Conrad Buff, Mark Goldblatt and Richard A. Harris",/wiki/Terminator_2:_Judgment_Day,False
347,1991 (64th),Thelma & Louise,Thom Noble,/wiki/Thelma_%26_Louise,False
348,1992 (65th),,,,False
349,1992 (65th),Unforgiven,Joel Cox,/wiki/Unforgiven,True
350,1992 (65th),Basic Instinct,Frank J. Urioste,/wiki/Basic_Instinct,False
351,1992 (65th),The Crying Game,Kant Pan,/wiki/The_Crying_Game,False
352,1992 (65th),A Few Good Men,Robert Leighton,/wiki/A_Few_Good_Men,False
353,1992 (65th),The Player,Geraldine Peroni,/wiki/The_Player_(1992_film),False
354,1993 (66th),,,,False
355,1993 (66th),Schindler's List,Michael Kahn,/wiki/Schindler%27s_List,True
356,1993 (66th),The Fugitive,"Dennis Virkler, David Finfer, Dean Goodhill, Don Brochu, Richard Nord and Dov Hoenig",/wiki/The_Fugitive_(1993_film),False
357,1993 (66th),In the Line of Fire,Anne V. Coates,/wiki/In_the_Line_of_Fire,False
358,1993 (66th),In the Name of the Father,Gerry Hambling,/wiki/In_the_Name_of_the_Father_(film),False
359,1993 (66th),The Piano,Veronika Jenet,/wiki/The_Piano,False
360,1994 (67th),,,,False
361,1994 (67th),Forrest Gump,Arthur Schmidt,/wiki/Forrest_Gump,True
362,1994 (67th),Hoop Dreams,"Frederick Marx, Steve James and William Haugse",/wiki/Hoop_Dreams,False
363,1994 (67th),Pulp Fiction,Sally Menke,/wiki/Pulp_Fiction,False
364,1994 (67th),The Shawshank Redemption,Richard Francis-Bruce,/wiki/The_Shawshank_Redemption,False
365,1994 (67th),Speed,John Wright,/wiki/Speed_(1994_film),False
366,1995 (68th),,,,False
367,1995 (68th),Apollo 13,Mike Hill and Daniel P. Hanley,/wiki/Apollo_13_(film),True
368,1995 (68th),Babe,Marcus D'Arcy and Jay Friedkin,/wiki/Babe_(film),False
369,1995 (68th),Braveheart,Steven Rosenblum,/wiki/Braveheart,False
370,1995 (68th),Crimson Tide,Chris Lebenzon,/wiki/Crimson_Tide_(film),False
371,1995 (68th),Seven,Richard Francis-Bruce,/wiki/Seven_(1995_film),False
372,1996 (69th),,,,False
373,1996 (69th),The English Patient,Walter Murch,/wiki/The_English_Patient_(film),True
374,1996 (69th),Evita,Gerry Hambling,/wiki/Evita_(1996_film),False
375,1996 (69th),Fargo,Roderick Jaynes,/wiki/Fargo_(1996_film),False
376,1996 (69th),Jerry Maguire,Joe Hutshing,/wiki/Jerry_Maguire,False
377,1996 (69th),Shine,Pip Karmel,/wiki/Shine_(film),False
378,1997 (70th),,,,False
379,1997 (70th),Titanic,"Conrad Buff, James Cameron and Richard A. Harris",/wiki/Titanic_(1997_film),True
380,1997 (70th),Air Force One,Richard Francis-Bruce,/wiki/Air_Force_One_(film),False
381,1997 (70th),As Good as It Gets,Richard Marks,/wiki/As_Good_as_It_Gets,False
382,1997 (70th),Good Will Hunting,Pietro Scalia,/wiki/Good_Will_Hunting,False
383,1997 (70th),L.A. Confidential,Peter Honess,/wiki/L.A._Confidential_(film),False
384,1998 (71st),,,,False
385,1998 (71st),Saving Private Ryan,Michael Kahn,/wiki/Saving_Private_Ryan,True
386,1998 (71st),Life Is Beautiful,Simona Paggi,/wiki/Life_Is_Beautiful,False
387,1998 (71st),Out of Sight,Anne V. Coates,/wiki/Out_of_Sight,False
388,1998 (71st),Shakespeare in Love,David Gamble,/wiki/Shakespeare_in_Love,False
389,1998 (71st),The Thin Red Line,"Billy Weber, Leslie Jones and Saar Klein",/wiki/The_Thin_Red_Line_(1998_film),False
390,1999 (72nd),,,,False
391,1999 (72nd),The Matrix,Zach Staenberg,/wiki/The_Matrix,True
392,1999 (72nd),American Beauty,Tariq Anwar and Christopher Greenbury,/wiki/American_Beauty_(1999_film),False
393,1999 (72nd),The Cider House Rules,Lisa Zeno Churgin,/wiki/The_Cider_House_Rules_(film),False
394,1999 (72nd),The Insider,"William Goldenberg, Paul Rubell and David Rosenbloom",/wiki/The_Insider_(film),False
395,1999 (72nd),The Sixth Sense,Andrew Mondshein,/wiki/The_Sixth_Sense,False
396,2000 (73rd),,,,False
397,2000 (73rd),Traffic,Stephen Mirrione,/wiki/Traffic_(2000_film),True
398,2000 (73rd),Almost Famous,Joe Hutshing and Saar Klein,/wiki/Almost_Famous,False
399,2000 (73rd),"Crouching Tiger, Hidden Dragon",Tim Squyres,"/wiki/Crouching_Tiger,_Hidden_Dragon",False
400,2000 (73rd),Gladiator,Pietro Scalia,/wiki/Gladiator_(2000_film),False
401,2000 (73rd),Wonder Boys,Dede Allen,/wiki/Wonder_Boys_(film),False
402,2001 (74th),,,,False
403,2001 (74th),Black Hawk Down,Pietro Scalia,/wiki/Black_Hawk_Down_(film),True
404,2001 (74th),A Beautiful Mind,Mike Hill and Daniel P. Hanley,/wiki/A_Beautiful_Mind_(film),False
405,2001 (74th),The Lord of the Rings: The Fellowship of the Ring,John Gilbert,/wiki/The_Lord_of_the_Rings:_The_Fellowship_of_the_Ring,False
406,2001 (74th),Memento,Dody Dorn,/wiki/Memento_(film),False
407,2001 (74th),Moulin Rouge!,Jill Bilcock,/wiki/Moulin_Rouge!,False
408,2002 (75th),,,,False
409,2002 (75th),Chicago,Martin Walsh,/wiki/Chicago_(2002_film),True
410,2002 (75th),Gangs of New York,Thelma Schoonmaker,/wiki/Gangs_of_New_York,False
411,2002 (75th),The Hours,Peter Boyle,/wiki/The_Hours_(film),False
412,2002 (75th),The Lord of the Rings: The Two Towers,Michael Horton,/wiki/The_Lord_of_the_Rings:_The_Two_Towers,False
413,2002 (75th),The Pianist,Hervé de Luze,/wiki/The_Pianist_(2002_film),False
414,2003 (76th),,,,False
415,2003 (76th),The Lord of the Rings: The Return of the King,Jamie Selkirk,/wiki/The_Lord_of_the_Rings:_The_Return_of_the_King,True
416,2003 (76th),City of God,Daniel Rezende,/wiki/City_of_God_(2002_film),False
417,2003 (76th),Cold Mountain,Walter Murch,/wiki/Cold_Mountain_(film),False
418,2003 (76th),Master and Commander: The Far Side of the World,Lee Smith,/wiki/Master_and_Commander:_The_Far_Side_of_the_World,False
419,2003 (76th),Seabiscuit,William Goldenberg,/wiki/Seabiscuit_(film),False
420,2004 (77th),,,,False
421,2004 (77th),The Aviator,Thelma Schoonmaker,/wiki/The_Aviator_(2004_film),True
422,2004 (77th),Collateral,Jim Miller and Paul Rubell,/wiki/Collateral_(film),False
423,2004 (77th),Finding Neverland,Matt Chessé,/wiki/Finding_Neverland_(film),False
424,2004 (77th),Million Dollar Baby,Joel Cox,/wiki/Million_Dollar_Baby,False
425,2004 (77th),Ray,Paul Hirsch,/wiki/Ray_(film),False
426,2005 (78th),,,,False
427,2005 (78th),Crash,Hughes Winborne,/wiki/Crash_(2004_film),True
428,2005 (78th),Cinderella Man,Mike Hill and Dan Hanley,/wiki/Cinderella_Man,False
429,2005 (78th),The Constant Gardener,Claire Simpson,/wiki/The_Constant_Gardener_(film),False
430,2005 (78th),Munich,Michael Kahn,/wiki/Munich_(2005_film),False
431,2005 (78th),Walk the Line,Michael McCusker,/wiki/Walk_the_Line,False
432,2006 (79th),,,,False
433,2006 (79th),The Departed,Thelma Schoonmaker,/wiki/The_Departed,True
434,2006 (79th),Babel,Douglas Crise and Stephen Mirrione,/wiki/Babel_(film),False
435,2006 (79th),Blood Diamond,Steven Rosenblum,/wiki/Blood_Diamond,False
436,2006 (79th),Children of Men,Alfonso Cuarón and Alex Rodríguez,/wiki/Children_of_Men,False
437,2006 (79th),United 93,"Clare Douglas, Richard Pearson and Christopher Rouse",/wiki/United_93_(film),False
438,2007 (80th),,,,False
439,2007 (80th),The Bourne Ultimatum,Christopher Rouse,/wiki/The_Bourne_Ultimatum_(film),True
440,2007 (80th),The Diving Bell and the Butterfly,Juliette Welfling,/wiki/The_Diving_Bell_and_the_Butterfly_(film),False
441,2007 (80th),Into the Wild,Jay Cassidy,/wiki/Into_the_Wild_(film),False
442,2007 (80th),No Country for Old Men,Roderick Jaynes,/wiki/No_Country_for_Old_Men,False
443,2007 (80th),There Will Be Blood,Dylan Tichenor,/wiki/There_Will_Be_Blood,False
444,2008 (81st),,,,False
445,2008 (81st),Slumdog Millionaire,Chris Dickens,/wiki/Slumdog_Millionaire,True
446,2008 (81st),The Curious Case of Benjamin Button,Kirk Baxter and Angus Wall,/wiki/The_Curious_Case_of_Benjamin_Button_(film),False
447,2008 (81st),The Dark Knight,Lee Smith,/wiki/The_Dark_Knight,False
448,2008 (81st),Frost/Nixon,Mike Hill and Dan Hanley,/wiki/Frost/Nixon_(film),False
449,2008 (81st),Milk,Elliot Graham,/wiki/Milk_(2008_American_film),False
450,2009 (82nd),,,,False
451,2009 (82nd),The Hurt Locker,Chris Innis and Bob Murawski,/wiki/The_Hurt_Locker,True
452,2009 (82nd),Avatar,"James Cameron, John Refoua and Stephen E. Rivkin",/wiki/Avatar_(2009_film),False
453,2009 (82nd),District 9,Julian Clarke,/wiki/District_9,False
454,2009 (82nd),Inglourious Basterds,Sally Menke,/wiki/Inglourious_Basterds,False
455,2009 (82nd),Precious: Based on the Novel 'Push' by Sapphire,Joe Klotz,/wiki/Precious_(film),False
456,2010 (83rd),,,,False
457,2010 (83rd),The Social Network,Kirk Baxter and Angus Wall,/wiki/The_Social_Network,True
458,2010 (83rd),127 Hours,Jon Harris,/wiki/127_Hours,False
459,2010 (83rd),Black Swan,Andrew Weisblum,/wiki/Black_Swan_(film),False
460,2010 (83rd),The Fighter,Pamela Martin,/wiki/The_Fighter,False
461,2010 (83rd),The King's Speech,Tariq Anwar,/wiki/The_King%27s_Speech,False
462,2011 (84th),,,,False
463,2011 (84th),The Girl with the Dragon Tattoo,Kirk Baxter and Angus Wall,/wiki/The_Girl_with_the_Dragon_Tattoo_(2011_film),True
464,2011 (84th),The Artist,Anne-Sophie Bion and Michel Hazanavicius,/wiki/The_Artist_(film),False
465,2011 (84th),The Descendants,Kevin Tent,/wiki/The_Descendants,False
466,2011 (84th),Hugo,Thelma Schoonmaker,/wiki/Hugo_(film),False
467,2011 (84th),Moneyball,Christopher Tellefsen,/wiki/Moneyball_(film),False
468,2012 (85th),,,,False
469,2012 (85th),Argo,William Goldenberg,/wiki/Argo_(2012_film),True
470,2012 (85th),Life of Pi,Tim Squyres,/wiki/Life_of_Pi_(film),False
471,2012 (85th),Lincoln,Michael Kahn,/wiki/Lincoln_(film),False
472,2012 (85th),Silver Linings Playbook,Jay Cassidy and Crispin Struthers,/wiki/Silver_Linings_Playbook,False
473,2012 (85th),Zero Dark Thirty,Dylan Tichenor and William Goldenberg,/wiki/Zero_Dark_Thirty,False
474,2013 (86th),,,,False
475,2013 (86th),Gravity,Alfonso Cuarón and Mark Sanger,/wiki/Gravity_(2013_film),True
476,2013 (86th),12 Years a Slave,Joe Walker,/wiki/12_Years_a_Slave_(film),False
477,2013 (86th),American Hustle,"Jay Cassidy, Crispin Struthers and Alan Baumgarten",/wiki/American_Hustle,False
478,2013 (86th),Captain Phillips,Christopher Rouse,/wiki/Captain_Phillips_(film),False
479,2013 (86th),Dallas Buyers Club,John Mac McMurphy and Martin Pensa,/wiki/Dallas_Buyers_Club,False
480,2014 (87th),,,,False
481,2014 (87th),Whiplash,Tom Cross,/wiki/Whiplash_(2014_film),True
482,2014 (87th),American Sniper,Joel Cox and Gary D. Roach,/wiki/American_Sniper,False
483,2014 (87th),Boyhood,Sandra Adair,/wiki/Boyhood_(2014_film),False
484,2014 (87th),The Grand Budapest Hotel,Barney Pilling,/wiki/The_Grand_Budapest_Hotel,False
485,2014 (87th),The Imitation Game,William Goldenberg,/wiki/The_Imitation_Game,False
486,2015 (88th),,,,False
487,2015 (88th),Mad Max: Fury Road,Margaret Sixel,/wiki/Mad_Max:_Fury_Road,True
488,2015 (88th),The Big Short,Hank Corwin,/wiki/The_Big_Short_(film),False
489,2015 (88th),The Revenant,Stephen Mirrione,/wiki/The_Revenant_(2015_film),False
490,2015 (88th),Spotlight,Tom McArdle,/wiki/Spotlight_(film),False
491,2015 (88th),Star Wars: The Force Awakens,Maryann Brandon and Mary Jo Markey,/wiki/Star_Wars:_The_Force_Awakens,False
492,2016 (89th) [10],,,,False
493,2016 (89th) [10],Hacksaw Ridge,John Gilbert,/wiki/Hacksaw_Ridge,True
494,2016 (89th) [10],Arrival,Joe Walker,/wiki/Arrival_(film),False
495,2016 (89th) [10],Hell or High Water,Jake Roberts,/wiki/Hell_or_High_Water_(film),False
496,2016 (89th) [10],La La Land,Tom Cross,/wiki/La_La_Land,False
497,2016 (89th) [10],Moonlight,Nat Sanders and Joi McMillon,/wiki/Moonlight_(2016_film),False
498,2017 (90th) [11],,,,False
499,2017 (90th) [11],Dunkirk,Lee Smith,/wiki/Dunkirk_(2017_film),True
500,2017 (90th) [11],Baby Driver,Paul Machliss and Jonathan Amos,/wiki/Baby_Driver,False
501,2017 (90th) [11],"I, Tonya",Tatiana S. Riegel,"/wiki/I,_Tonya",False
502,2017 (90th) [11],The Shape of Water,Sidney Wolinsky,/wiki/The_Shape_of_Water,False
503,2017 (90th) [11],"Three Billboards Outside Ebbing, Missouri",Jon Gregory,"/wiki/Three_Billboards_Outside_Ebbing,_Missouri",False
504,2018 (91st) [12],,,,False
505,2018 (91st) [12],Bohemian Rhapsody,John Ottman,/wiki/Bohemian_Rhapsody_(film),True
506,2018 (91st) [12],BlacKkKlansman,Barry Alexander Brown,/wiki/BlacKkKlansman,False
507,2018 (91st) [12],The Favourite,Yorgos Mavropsaridis,/wiki/The_Favourite,False
508,2018 (91st) [12],Green Book,Patrick J. Don Vito,/wiki/Green_Book_(film),False
509,2018 (91st) [12],Vice,Hank Corwin,/wiki/Vice_(2018_film),False
510,2019 (92nd),,,,False
511,2019 (92nd),Ford v Ferrari,Michael McCusker and Andrew Buckland,/wiki/Ford_v_Ferrari,True
512,2019 (92nd),The Irishman,Thelma Schoonmaker,/wiki/The_Irishman,False
513,2019 (92nd),Jojo Rabbit,Tom Eagles,/wiki/Jojo_Rabbit,False
514,2019 (92nd),Joker,Jeff Groth,/wiki/Joker_(2019_film),False
515,2019 (92nd),Parasite,Yang Jin-mo,/wiki/Parasite_(2019_film),False
516,2020/21 (93rd),,,,False
517,2020/21 (93rd),Sound of Metal,Mikkel E. G. Nielsen,/wiki/Sound_of_Metal,True
518,2020/21 (93rd),The Father,Yorgos Lamprinos,/wiki/The_Father_(2020_film),False
519,2020/21 (93rd),Nomadland,Chloé Zhao,/wiki/Nomadland_(film),False
520,2020/21 (93rd),Promising Young Woman,Frédéric Thoraval,/wiki/Promising_Young_Woman,False
521,2020/21 (93rd),The Trial of the Chicago 7,Alan Baumgarten,/wiki/The_Trial_of_the_Chicago_7,False
522,2021 (94th),,,,False
523,2021 (94th),Dune,Joe Walker,/wiki/Dune_(2021_film),True
524,2021 (94th),Don't Look Up,Hank Corwin,/wiki/Don%27t_Look_Up,False
525,2021 (94th),King Richard,Pamela Martin,/wiki/King_Richard_(film),False
526,2021 (94th),The Power of the Dog,Peter Sciberras,/wiki/The_Power_of_the_Dog_(film),False
527,2021 (94th),"tick, tick... BOOM!",Myron Kerstein and Andrew Weisblum,"/wiki/Tick,_Tick..._Boom!_(film)",False
528,2022 (95th),,,,False
529,2022 (95th),Everything Everywhere All at Once,Paul Rogers,/wiki/Everything_Everywhere_All_at_Once,True
530,2022 (95th),The Banshees of Inisherin,Mikkel E. G. Nielsen,/wiki/The_Banshees_of_Inisherin,False
531,2022 (95th),Elvis,Matt Villa and Jonathan Redmond,/wiki/Elvis_(2022_film),False
532,2022 (95th),Tár,Monika Willi,/wiki/T%C3%A1r,False
533,2022 (95th),Top Gun: Maverick,Eddie Hamilton,/wiki/Top_Gun:_Maverick,False
534,2023 (96th),Anatomy of a Fall,Laurent Sénéchal,/wiki/Anatomy_of_a_Fall,False
535,2023 (96th),The Holdovers,Kevin Tent,/wiki/The_Holdovers,False
536,2023 (96th),Killers of the Flower Moon,Thelma Schoonmaker,/wiki/Killers_of_the_Flower_Moon_(film),False
537,2023 (96th),Oppenheimer,Jennifer Lame,/wiki/Oppenheimer_(film),False
538,2023 (96th),Poor Things,Yorgos Mavropsaridis,/wiki/Poor_Things_(film),False
