,Year,Film,Nominees,FilmLink,Won
0,1942 (15th) [note 1],,,,False
1,1942 (15th) [note 1],The Battle of Midway,John Ford (United States Navy),/wiki/The_Battle_of_Midway_(film),True
2,1942 (15th) [note 1],Kokoda Front Line!,Ken G. Hall[4][5] (Australian News & Information Bureau),/wiki/Kokoda_Front_Line!,True
3,1942 (15th) [note 1],Moscow Strikes Back,Artkino,/wiki/Moscow_Strikes_Back,True
4,1942 (15th) [note 1],Prelude to War,Frank Capra (Office of War Information),/wiki/Prelude_to_War,True
5,1942 (15th) [note 1],"Africa, Prelude to Victory",The March of Time,"/wiki/Africa,_Prelude_to_Victory",False
6,1942 (15th) [note 1],Combat Report,United States Army Signal Corps,/wiki/Combat_Report,False
7,1942 (15th) [note 1],Conquer by the Clock,Frederic Ullman Jr. [de; fr],/wiki/Conquer_by_the_Clock,False
8,1942 (15th) [note 1],The Grain That Built a Hemisphere,Walt Disney,/wiki/The_Grain_That_Built_a_Hemisphere,False
9,1942 (15th) [note 1],"Henry Browne, Farmer",United States Department of Agriculture,"/wiki/Henry_Browne,_Farmer",False
10,1942 (15th) [note 1],High Over the Borders,National Film Board of Canada,,False
11,1942 (15th) [note 1],High Stakes in the East,The Netherlands Information Bureau,,False
12,1942 (15th) [note 1],Inside Fighting China,National Film Board of Canada,/wiki/Inside_Fighting_China,False
13,1942 (15th) [note 1],It's Everybody's War,United States Office of War Information,/wiki/It%27s_Everybody%27s_War,False
14,1942 (15th) [note 1],Listen to Britain,British Ministry of Information,/wiki/Listen_to_Britain,False
15,1942 (15th) [note 1],Little Belgium,Belgian Ministry of Information,,False
16,1942 (15th) [note 1],Little Isles of Freedom,Victor Stoloff and Edgar Loew,,False
17,1942 (15th) [note 1],Mr. Blabbermouth,United States Office of War Information,,False
18,1942 (15th) [note 1],Mr. Gardenia Jones,United States Office of War Information,,False
19,1942 (15th) [note 1],The New Spirit,Walt Disney,/wiki/The_New_Spirit,False
20,1942 (15th) [note 1],The Price of Victory,William H. Pine,/wiki/The_Price_of_Victory,False
21,1942 (15th) [note 1],A Ship Is Born,United States Merchant Marine,/wiki/A_Ship_Is_Born,False
22,1942 (15th) [note 1],Twenty-One Miles,British Ministry of Information,,False
23,1942 (15th) [note 1],We Refuse to Die,William C. Thomas,,False
24,1942 (15th) [note 1],The White Eagle,Concanen Films [de],,False
25,1942 (15th) [note 1],Winning Your Wings,United States Army Air Force,/wiki/Winning_Your_Wings,False
26,1943 (16th) [note 2] [6],,,,False
27,1943 (16th) [note 2] [6],Desert Victory,British Ministry of Information,/wiki/Desert_Victory,True
28,1943 (16th) [note 2] [6],Baptism of Fire,United States Army,/wiki/Baptism_of_Fire_(1943_film),False
29,1943 (16th) [note 2] [6],The Battle of Russia,United States Department of War Special Service Division,/wiki/The_Battle_of_Russia,False
30,1943 (16th) [note 2] [6],Report from the Aleutians,United States Army Pictorial Service,/wiki/Report_from_the_Aleutians,False
31,1943 (16th) [note 2] [6],War Department Report,United States Office of Strategic Services Field Photographic Bureau,/wiki/War_Department_Report,False
32,1944 (17th),,,,False
33,1944 (17th),The Fighting Lady,Edward Steichen (United States Navy),/wiki/The_Fighting_Lady,True
34,1944 (17th),Resisting Enemy Interrogation,United States Army Air Force,/wiki/Resisting_Enemy_Interrogation,False
35,1945 (18th),,,,False
36,1945 (18th),The True Glory,The Governments of Great Britain and the United States of America,/wiki/The_True_Glory,True
37,1945 (18th),The Last Bomb,United States Army Air Force,/wiki/The_Last_Bomb,False
38,1946 (19th),,,,False
39,1946 (19th),No award given,No award given,,False
40,1947 (20th),,,,False
41,1947 (20th),Design for Death,"Sid Rogell, Theron Warth and Richard Fleischer",/wiki/Design_for_Death,True
42,1947 (20th),Journey into Medicine,United States Department of State Office of Information and Educational Exchange,/wiki/Journey_into_Medicine,False
43,1947 (20th),The World Is Rich,Paul Rotha,/wiki/The_World_Is_Rich,False
44,1948 (21st),,,,False
45,1948 (21st),The Secret Land,Orville O. Dull,/wiki/The_Secret_Land,True
46,1948 (21st),The Quiet One,Janice Loeb,/wiki/The_Quiet_One_(film),False
47,1949 (22nd),,,,False
48,1949 (22nd),Daybreak in Udi,Crown Film Unit,/wiki/Daybreak_in_Udi,True
49,1949 (22nd),Kenji Comes Home,Paul F. Heard,/wiki/Kenji_Comes_Home,False
50,1950 (23rd),,,,False
51,1950 (23rd),The Titan: Story of Michelangelo,Robert Snyder,/wiki/The_Titan:_Story_of_Michelangelo,True
52,1950 (23rd),With These Hands,Jack Arnold and Lee Goodman [de],/wiki/With_These_Hands_(film),False
53,1951 (24th),,,,False
54,1951 (24th),Kon-Tiki,Olle Nordemar,/wiki/Kon-Tiki_(1950_film),True
55,1951 (24th),I Was a Communist for the F.B.I.,Bryan Foy,/wiki/I_Was_a_Communist_for_the_FBI,False
56,1952 (25th),,,,False
57,1952 (25th),The Sea Around Us,Irwin Allen,/wiki/The_Sea_Around_Us_(film),True
58,1952 (25th),The Hoaxters,Dore Schary,/wiki/The_Hoaxters,False
59,1952 (25th),Navajo,Hall Bartlett,/wiki/Navajo_(film),False
60,1953 (26th),,,,False
61,1953 (26th),The Living Desert,Walt Disney,/wiki/The_Living_Desert,True
62,1953 (26th),The Conquest of Everest,"John Taylor, Leon Clore and Grahame Tharp [de]",/wiki/The_Conquest_of_Everest,False
63,1953 (26th),A Queen Is Crowned,Castleton Knight,/wiki/A_Queen_Is_Crowned,False
64,1954 (27th),,,,False
65,1954 (27th),The Vanishing Prairie,Walt Disney,/wiki/The_Vanishing_Prairie,True
66,1954 (27th),The Stratford Adventure,Guy Glover,/wiki/The_Stratford_Adventure,False
67,1955 (28th),,,,False
68,1955 (28th),Helen Keller in Her Story,Nancy Hamilton,/wiki/Helen_Keller_in_Her_Story,True
69,1955 (28th),Heartbreak Ridge,René Risacher [de],/wiki/Cr%C3%A8vecoeur_(film),False
70,1956 (29th),,,,False
71,1956 (29th),The Silent World,Jacques-Yves Cousteau,/wiki/The_Silent_World,True
72,1956 (29th),The Naked Eye,Louis Clyde Stoumen,/wiki/The_Naked_Eye_(1956_film),False
73,1956 (29th),Where Mountains Float,The Government Film Committee of Denmark,/wiki/Where_Mountains_Float,False
74,1957 (30th),,,,False
75,1957 (30th),Albert Schweitzer,Jerome Hill,/wiki/Albert_Schweitzer_(film),True
76,1957 (30th),On the Bowery,Lionel Rogosin,/wiki/On_the_Bowery,False
77,1957 (30th),Torero!,Manuel Barbachano Ponce,/wiki/Torero!_(film),False
78,1958 (31st),,,,False
79,1958 (31st),White Wilderness,Ben Sharpsteen,/wiki/White_Wilderness_(film),True
80,1958 (31st),Antarctic Crossing,James Carr [de],/wiki/Antarctic_Crossing,False
81,1958 (31st),The Hidden World,Robert Snyder,/wiki/The_Hidden_World,False
82,1958 (31st),Psychiatric Nursing,Nathan Zucker [de],/wiki/Psychiatric_Nursing,False
83,1959 (32nd),,,,False
84,1959 (32nd),Serengeti Shall Not Die,Bernhard Grzimek,/wiki/Serengeti_Shall_Not_Die,True
85,1959 (32nd),The Race for Space,David L. Wolper,/wiki/The_Race_for_Space_(film),False
86,1960 (33rd),,,,False
87,1960 (33rd),The Horse with the Flying Tail,Larry Lansburgh,/wiki/The_Horse_with_the_Flying_Tail,True
88,1960 (33rd),Rebel in Paradise,Robert D. Fraser,/wiki/Rebel_in_Paradise_(film),False
89,1961 (34th),,,,False
90,1961 (34th),Le Ciel et la Boue (Sky Above and Mud Beneath),Arthur Cohn and René Lafuite [de],/wiki/Sky_Above_and_Mud_Beneath,True
91,1961 (34th),La Grande Olimpiade (Olympic Games 1960),"dell Istituto Nazionale Luce, Comitato Organizzatore Del Giochi Della XVII Olimpiade",/wiki/The_Grand_Olympics,False
92,1962 (35th),,,,False
93,1962 (35th),Black Fox,Louis Clyde Stoumen,/wiki/Black_Fox:_The_Rise_and_Fall_of_Adolf_Hitler,True
94,1962 (35th),Alvorada (Brazil's Changing Face),Hugo Niebeling,/wiki/Alvorada_(film),False
95,1963 (36th) [note 3][6],,,,False
96,1963 (36th) [note 3][6],Robert Frost: A Lover's Quarrel with the World,Robert Hughes,/wiki/Robert_Frost:_A_Lover%27s_Quarrel_with_the_World,True
97,1963 (36th) [note 3][6],Le Maillon et la Chaine (The Link and the Chain),Paul de Roubaix [de; fr],/wiki/The_Link_and_the_Chain,False
98,1963 (36th) [note 3][6],The Yanks Are Coming,Marshall Flaum,/wiki/The_Yanks_Are_Coming_(1963_film),False
99,1964 (37th),,,,False
100,1964 (37th),Jacques-Yves Cousteau's World without Sun,Jacques-Yves Cousteau,/wiki/World_Without_Sun,True
101,1964 (37th),The Finest Hours,Jack Le Vien,/wiki/The_Finest_Hours_(1964_film),False
102,1964 (37th),Four Days in November,Mel Stuart,/wiki/Four_Days_in_November,False
103,1964 (37th),The Human Dutch,Bert Haanstra,/wiki/The_Human_Dutch,False
104,1964 (37th),"Over There, 1914–18",Jean Aurel,/wiki/14-18,False
105,1965 (38th),,,,False
106,1965 (38th),The Eleanor Roosevelt Story,Sidney Glazier,/wiki/The_Eleanor_Roosevelt_Story,True
107,1965 (38th),The Battle of the Bulge... The Brave Rifles,Laurence E. Mascott [de; fr],/wiki/The_Battle_of_the_Bulge..._The_Brave_Rifles,False
108,1965 (38th),The Forth Road Bridge,Peter Mills,/wiki/The_Forth_Road_Bridge,False
109,1965 (38th),Let My People Go,Marshall Flaum,/wiki/Let_My_People_Go:_The_Story_of_Israel,False
110,1965 (38th),To Die in Madrid,Frédéric Rossif,/wiki/To_Die_in_Madrid,False
111,1966 (39th),,,,False
112,1966 (39th),The War Game,Peter Watkins,/wiki/The_War_Game,True
113,1966 (39th),The Face of a Genius,Alfred R. Kelman,/wiki/The_Face_of_a_Genius,False
114,1966 (39th),Helicopter Canada,Peter Jones and Tom Daly,/wiki/Helicopter_Canada,False
115,1966 (39th),The Really Big Family,Alex Grasshoff,/wiki/The_Really_Big_Family,False
116,1966 (39th),Le Volcan Interdit (The Forbidden Volcano),Haroun Tazieff,/wiki/Le_Volcan_interdit,False
117,1967 (40th),,,,False
118,1967 (40th),The Anderson Platoon,Pierre Schoendoerffer,/wiki/The_Anderson_Platoon,True
119,1967 (40th),Festival,Murray Lerner,/wiki/Festival_(1967_film),False
120,1967 (40th),Harvest,Carroll Ballard,/wiki/Harvest_(1967_film),False
121,1967 (40th),A King's Story,Jack Le Vien,/wiki/A_King%27s_Story,False
122,1967 (40th),A Time for Burning,William C. Jersey [de],/wiki/A_Time_for_Burning,False
123,1968 (41st) [note 4][6][7],,,,False
124,1968 (41st) [note 4][6][7],Journey into Self,Bill McGaw,/wiki/Journey_into_Self_(1968_film),True
125,1968 (41st) [note 4][6][7],A Few Notes on Our Food Problem,James Blue,/wiki/A_Few_Notes_on_Our_Food_Problem,False
126,1968 (41st) [note 4][6][7],The Legendary Champions,William Cayton,/wiki/Legendary_Champions,False
127,1968 (41st) [note 4][6][7],Other Voices,David H. Sawyer [de],/wiki/Other_Voices_(1970_film),False
128,1969 (42nd),,,,False
129,1969 (42nd),Arthur Rubinstein – The Love of Life,Bernard Chevry [de],/wiki/Arthur_Rubinstein_%E2%80%93_The_Love_of_Life,True
130,1969 (42nd),Before the Mountain Was Moved,Robert K. Sharpe,/wiki/Before_the_Mountain_Was_Moved,False
131,1969 (42nd),In the Year of the Pig,Emile de Antonio,/wiki/In_the_Year_of_the_Pig,False
132,1969 (42nd),The Olympics in Mexico,Comite Organizador de los Juegos de la XIX Olimpiada,/wiki/The_Olympics_in_Mexico,False
133,1969 (42nd),The Wolf Men,Irwin Rosten,/wiki/The_Wolf_Men,False
134,1970 (43rd),,,,False
135,1970 (43rd),Woodstock,Bob Maurice,/wiki/Woodstock_(film),True
136,1970 (43rd),Chariots of the Gods,Dr. Harald Reinl,/wiki/Chariots_of_the_Gods_(film),False
137,1970 (43rd),Jack Johnson,Jim Jacobs,/wiki/Jack_Johnson_(film),False
138,1970 (43rd),King: A Filmed Record... Montgomery to Memphis,Ely Landau,/wiki/King:_A_Filmed_Record..._Montgomery_to_Memphis,False
139,1970 (43rd),Say Goodbye,David H. Vowell,/wiki/Say_Goodbye_(film),False
140,1971 (44th),,,,False
141,1971 (44th),The Hellstrom Chronicle,Walon Green,/wiki/The_Hellstrom_Chronicle,True
142,1971 (44th),Alaska Wilderness Lake,Alan Landsburg,/wiki/Alaska_Wilderness_Lake,False
143,1971 (44th),On Any Sunday,Bruce Brown,/wiki/On_Any_Sunday,False
144,1971 (44th),The RA Expeditions,Lennart Ehrenborg [de; sv] and Thor Heyerdahl,/wiki/Ra_(1972_film),False
145,1971 (44th),The Sorrow and the Pity,Marcel Ophüls,/wiki/The_Sorrow_and_the_Pity,False
146,1972 (45th),,,,False
147,1972 (45th),Marjoe,Howard Smith and Sarah Kernochan,/wiki/Marjoe,True
148,1972 (45th),Ape and Super-Ape,Bert Haanstra,/wiki/Ape_and_Super-Ape,False
149,1972 (45th),Malcolm X,Marvin Worth and Arnold Perl,/wiki/Malcolm_X_(1972_film),False
150,1972 (45th),Manson,Robert Hendrickson and Laurence Merrick,/wiki/Manson_(film),False
151,1972 (45th),The Silent Revolution,Eckehard Munck [de],/wiki/The_Silent_Revolution_(1972_film),False
152,1973 (46th),,,,False
153,1973 (46th),The Great American Cowboy,Kieth Merrill,/wiki/The_Great_American_Cowboy,True
154,1973 (46th),Always a New Beginning,John D. Goodell [pl],/wiki/Always_a_New_Beginning,False
155,1973 (46th),Battle of Berlin,Bengt von zur Muehlen,/wiki/Battle_of_Berlin_(film),False
156,1973 (46th),Journey to the Outer Limits,Alexander Grasshoff,/wiki/Journey_to_the_Outer_Limits,False
157,1973 (46th),Walls of Fire,Gertrude Ross Marks [de] and Edmund F. Penney,/wiki/Walls_of_Fire,False
158,1974 (47th),,,,False
159,1974 (47th),Hearts and Minds,Peter Davis and Bert Schneider,/wiki/Hearts_and_Minds_(film),True
160,1974 (47th),Antonia: A Portrait of the Woman,Judy Collins and Jill Godmilow,/wiki/Antonia:_A_Portrait_of_the_Woman,False
161,1974 (47th),The Challenge... A Tribute to Modern Art,Herbert Kline [de; fr],/wiki/The_Challenge..._A_Tribute_to_Modern_Art,False
162,1974 (47th),The 81st Blow,"Jacquot Ehrlich, David Bergman and Haim Gouri",/wiki/The_81st_Blow,False
163,1974 (47th),The Wild and the Brave,Natalie R. Jones and Eugene S. Jones,/wiki/The_Wild_and_the_Brave,False
164,1975 (48th),,,,False
165,1975 (48th),The Man Who Skied Down Everest,"F. R. Crawley, James Hager and Dale Hartlebe[8]",/wiki/The_Man_Who_Skied_Down_Everest,True
166,1975 (48th),The California Reich,Walter F. Parkes and Keith F. Critchlow,/wiki/The_California_Reich,False
167,1975 (48th),Fighting for Our Lives,Glen Pearcy,/wiki/Fighting_for_Our_Lives_(film),False
168,1975 (48th),The Incredible Machine,Irwin Rosten,/wiki/The_Incredible_Machine_(film),False
169,1975 (48th),The Other Half of the Sky: A China Memoir,Shirley MacLaine,/wiki/The_Other_Half_of_the_Sky:_A_China_Memoir,False
170,1976 (49th),,,,False
171,1976 (49th),"Harlan County, U.S.A.",Barbara Kopple,"/wiki/Harlan_County,_USA",True
172,1976 (49th),Hollywood on Trial,James Gutman and David Helpern Jr.,/wiki/Hollywood_on_Trial,False
173,1976 (49th),Off the Edge,Michael Firth,/wiki/Off_the_Edge,False
174,1976 (49th),People of the Wind,Anthony Howarth and David Koff,/wiki/People_of_the_Wind,False
175,1976 (49th),Volcano: An Inquiry into the Life and Death of Malcolm Lowry,Donald Brittain and Robert Duncan,/wiki/Volcano:_An_Inquiry_into_the_Life_and_Death_of_Malcolm_Lowry,False
176,1977 (50th),,,,False
177,1977 (50th),Who Are the DeBolts? And Where Did They Get Nineteen Kids?,"John Korty, Dan McCann and Warren L. Lockhart",/wiki/Who_Are_the_DeBolts%3F_And_Where_Did_They_Get_Nineteen_Kids%3F,True
178,1977 (50th),The Children of Theatre Street,Robert Dornhelm and Earle Mack,/wiki/The_Children_of_Theatre_Street,False
179,1977 (50th),High Grass Circus,"Bill Brind, Torben Schioler and Tony Ianzelo",/wiki/High_Grass_Circus,False
180,1977 (50th),Homage to Chagall: The Colours of Love,Harry Rasky,/wiki/Homage_to_Chagall:_The_Colours_of_Love,False
181,1977 (50th),Union Maids,"Jim Klein [de], Julia Reichert and Miles Mogulescu",/wiki/Union_Maids,False
182,1978 (51st),,,,False
183,1978 (51st),Scared Straight!,Arnold Shapiro,/wiki/Scared_Straight!,True
184,1978 (51st),The Lovers' Wind,Albert Lamorisse,/wiki/The_Lovers%27_Wind,False
185,1978 (51st),Mysterious Castles of Clay,Alan Root,/wiki/Mysterious_Castles_of_Clay,False
186,1978 (51st),Raoni,"Jean-Pierre Dutilleux, Barry Williams and Michel Gast",/wiki/Raoni,False
187,1978 (51st),With Babies and Banners: Story of the Women's Emergency Brigade,"Anne Bohlen, Lyn Goldfarb and Lorraine Gray",/wiki/With_Babies_and_Banners:_Story_of_the_Women%27s_Emergency_Brigade,False
188,1979 (52nd),,,,False
189,1979 (52nd),Best Boy,Ira Wohl,/wiki/Best_Boy_(film),True
190,1979 (52nd),Generation on the Wind,David A. Vassar,/wiki/Generation_on_the_Wind,False
191,1979 (52nd),Going the Distance,Paul Cowan and Jacques Bobet,/wiki/Going_the_Distance_(1979_film),False
192,1979 (52nd),The Killing Ground,Steve Singer and Tom Priestley,/wiki/The_Killing_Ground_(film),False
193,1979 (52nd),The War at Home,Glenn Silber and Barry Alexander Brown,/wiki/The_War_at_Home_(1979_film),False
194,1980 (53rd),,,,False
195,1980 (53rd),From Mao to Mozart: Isaac Stern in China,Murray Lerner,/wiki/From_Mao_to_Mozart:_Isaac_Stern_in_China,True
196,1980 (53rd),Agee,Ross Spears,/wiki/Agee_(film),False
197,1980 (53rd),The Day After Trinity,Jon H. Else,/wiki/The_Day_After_Trinity,False
198,1980 (53rd),Front Line,David Bradbury,/wiki/Front_Line_(film),False
199,1980 (53rd),The Yellow Star: The Persecution of the Jews in Europe 1933-45,Bengt von zur Mühlen and Arthur Cohn,/wiki/The_Yellow_Star:_The_Persecution_of_the_Jews_in_Europe_1933-45,False
200,1981 (54th),,,,False
201,1981 (54th),Genocide,Arnold Schwartzman and Rabbi Marvin Hier,/wiki/Genocide_(1981_film),True
202,1981 (54th),Against Wind and Tide: A Cuban Odyssey,"Suzanne Bauman, Paul Neshamkin and Jim Burroughs",/wiki/Against_Wind_and_Tide:_A_Cuban_Odyssey,False
203,1981 (54th),Brooklyn Bridge,Ken Burns,/wiki/Brooklyn_Bridge_(film),False
204,1981 (54th),Eight Minutes to Midnight: A Portrait of Dr. Helen Caldicott,"Mary Benjamin, Susanne Simpson and Boyd Estus",/wiki/Eight_Minutes_to_Midnight:_A_Portrait_of_Dr._Helen_Caldicott,False
205,1981 (54th),El Salvador: Another Vietnam,Glenn Silber and Tete Vasconcellos,/wiki/El_Salvador:_Another_Vietnam,False
206,1982 (55th),,,,False
207,1982 (55th),Just Another Missing Kid,John Zaritsky,/wiki/Just_Another_Missing_Kid,True
208,1982 (55th),After the Axe,Sturla Gunnarsson and Steve Lucas,/wiki/After_the_Axe,False
209,1982 (55th),Ben's Mill,John Karol and Michel Chalufour,/wiki/Ben%27s_Mill,False
210,1982 (55th),In Our Water,Meg Switzgable,/wiki/In_Our_Water,False
211,1982 (55th),A Portrait of Giselle,Joseph Wishy,/wiki/A_Portrait_of_Giselle,False
212,1983 (56th),,,,False
213,1983 (56th),He Makes Me Feel Like Dancin',Emile Ardolino,/wiki/He_Makes_Me_Feel_Like_Dancin%27,True
214,1983 (56th),Children of Darkness,Richard Kotuk and Ara Chekmayan,/wiki/Children_of_Darkness,False
215,1983 (56th),First Contact,Bob Connolly and Robin Anderson,/wiki/First_Contact_(documentary),False
216,1983 (56th),The Profession of Arms,Michael Bryans and Tina Viljoen,/wiki/The_Profession_of_Arms_(1983_film),False
217,1983 (56th),Seeing Red,James Klein and Julia Reichert,/wiki/Seeing_Red_(1983_film),False
218,1984 (57th),,,,False
219,1984 (57th),The Times of Harvey Milk,Rob Epstein and Richard Schmiechen,/wiki/The_Times_of_Harvey_Milk,True
220,1984 (57th),High Schools,Charles Guggenheim and Nancy Sloss,/wiki/High_Schools_(film),False
221,1984 (57th),In the Name of the People,Alex W. Drehsler and Frank Christopher,/wiki/In_the_Name_of_the_People_(1985_film),False
222,1984 (57th),Marlene,Karel Dirka and Zev Braun,/wiki/Marlene_(1984_film),False
223,1984 (57th),Streetwise,Cheryl McCall,/wiki/Streetwise_(1984_film),False
224,1985 (58th),,,,False
225,1985 (58th),Broken Rainbow,Maria Florio and Victoria Mudd,/wiki/Broken_Rainbow_(film),True
226,1985 (58th),Las Madres: The Mothers of Plaza de Mayo,Susana Blaustein Muñoz and Lourdes Portillo,/wiki/The_Mothers_of_Plaza_de_Mayo,False
227,1985 (58th),Soldiers in Hiding,Japhet Asher,/wiki/Soldiers_in_Hiding,False
228,1985 (58th),The Statue of Liberty,Ken Burns and Buddy Squires,/wiki/The_Statue_of_Liberty_(film),False
229,1985 (58th),Unfinished Business,Steven Okazaki,/wiki/Unfinished_Business_(1985_American_film),False
230,1986 (59th) [note 5],,,,False
231,1986 (59th) [note 5],Artie Shaw: Time Is All You've Got (TIE),Brigitte Berman,,False
232,1986 (59th) [note 5],Down and Out in America (TIE),Joseph Feury and Milton Justice,,False
233,1986 (59th) [note 5],Chile: Hasta Cuando?,David Bradbury,/wiki/Chile:_When_Will_It_End%3F,False
234,1986 (59th) [note 5],Isaac in America: A Journey with Isaac Bashevis Singer,Kirk Simon and Amram Nowak,/wiki/Isaac_in_America:_A_Journey_with_Isaac_Bashevis_Singer,False
235,1986 (59th) [note 5],Witness to Apartheid,Sharon I. Sopher [de],/wiki/Witness_to_Apartheid,False
236,1987 (60th),,,,False
237,1987 (60th),The Ten-Year Lunch: The Wit and Legend of the Algonquin Round Table,Aviva Slesin,/wiki/The_Ten-Year_Lunch,True
238,1987 (60th),Eyes on the Prize: America's Civil Rights Years/Bridge to Freedom 1965,Callie Crossley and James A. DeVinney,/wiki/Eyes_on_the_Prize,False
239,1987 (60th),Hellfire: A Journey from Hiroshima,John Junkerman and John W. Dower,/wiki/Hellfire:_A_Journey_from_Hiroshima,False
240,1987 (60th),Radio Bikini,Robert Stone,/wiki/Radio_Bikini,False
241,1987 (60th),A Stitch for Time,Barbara Herbich and Cyril Christo,/wiki/A_Stitch_for_Time,False
242,1988 (61st),,,,False
243,1988 (61st),Hôtel Terminus: The Life and Times of Klaus Barbie,Marcel Ophüls,/wiki/H%C3%B4tel_Terminus:_The_Life_and_Times_of_Klaus_Barbie,True
244,1988 (61st),The Cry of Reason – Beyers Naudé: An Afrikaner Speaks Out,Robert Bilheimer and Ronald Mix,/wiki/The_Cry_of_Reason,False
245,1988 (61st),Let's Get Lost,Bruce Weber and Nan Bush,/wiki/Let%27s_Get_Lost_(1988_film),False
246,1988 (61st),Promises to Keep,Ginny Durrin [de],/wiki/Promises_to_Keep_(film),False
247,1988 (61st),Who Killed Vincent Chin?,Renee Tajima-Peña and Christine Choy,/wiki/Who_Killed_Vincent_Chin%3F,False
248,1989 (62nd),,,,False
249,1989 (62nd),Common Threads: Stories from the Quilt,Rob Epstein and Bill Couturié,/wiki/Common_Threads:_Stories_from_the_Quilt,True
250,1989 (62nd),Adam Clayton Powell,Richard Kilberg and Yvonne Smith,/wiki/Adam_Clayton_Powell_(film),False
251,1989 (62nd),Crack USA: County Under Siege,Vince DiPersio and William Guttentag,/wiki/Crack_USA:_County_Under_Siege,False
252,1989 (62nd),For All Mankind,Al Reinert and Betsy Broyles Breier,/wiki/For_All_Mankind_(film),False
253,1989 (62nd),Super Chief: The Life and Legacy of Earl Warren,Judith Leonard and William C. Jersey [de],/wiki/Super_Chief:_The_Life_and_Legacy_of_Earl_Warren,False
254,1990 (63rd),,,,False
255,1990 (63rd),American Dream,Barbara Kopple and Arthur Cohn,/wiki/American_Dream_(film),True
256,1990 (63rd),Berkeley in the Sixties,Mark Kitchell,/wiki/Berkeley_in_the_Sixties,False
257,1990 (63rd),Building Bombs,Mark Mori and Susan Robinson,/wiki/Building_Bombs,False
258,1990 (63rd),Forever Activists: Stories from the Veterans of the Abraham Lincoln Brigade,Judith Montell,/wiki/Forever_Activists,False
259,1990 (63rd),Waldo Salt: A Screenwriter's Journey,Robert Hillmann and Eugene Corr,/wiki/Waldo_Salt:_A_Screenwriter%27s_Journey,False
260,1991 (64th),,,,False
261,1991 (64th),In the Shadow of the Stars,Allie Light and Irving Saraf,/wiki/In_the_Shadow_of_the_Stars,True
262,1991 (64th),Death on the Job,Vince DiPersio and William Guttentag,/wiki/Death_on_the_Job,False
263,1991 (64th),Doing Time: Life Inside the Big House,Alan Raymond and Susan Raymond,/wiki/Doing_Time:_Life_Inside_the_Big_House,False
264,1991 (64th),The Restless Conscience: Resistance to Hitler Within Germany 1933-1945,Hava Kohav Beller,/wiki/The_Restless_Conscience:_Resistance_to_Hitler_Within_Germany_1933-1945,False
265,1991 (64th),Wild by Law,Lawrence Hott and Diane Garey,/wiki/Wild_by_Law,False
266,1992 (65th),,,,False
267,1992 (65th),The Panama Deception,Barbara Trent and David Kasper,/wiki/The_Panama_Deception,True
268,1992 (65th),Changing Our Minds: The Story of Dr. Evelyn Hooker,David Haugland,/wiki/Changing_Our_Minds:_The_Story_of_Dr._Evelyn_Hooker,False
269,1992 (65th),Fires of Kuwait,Sally Dundas,/wiki/Fires_of_Kuwait,False
270,1992 (65th),Liberators: Fighting on Two Fronts in World War II,Bill Miles and Nina Rosenblum,/wiki/Liberators:_Fighting_on_Two_Fronts_in_World_War_II,False
271,1992 (65th),Music for the Movies: Bernard Herrmann,Margaret Smilow [de] and Roma Baran,/wiki/Music_for_the_Movies:_Bernard_Herrmann,False
272,1993 (66th),,,,False
273,1993 (66th),I Am a Promise: The Children of Stanton Elementary School,Susan Raymond and Alan Raymond,/wiki/I_Am_a_Promise:_The_Children_of_Stanton_Elementary_School,True
274,1993 (66th),The Broadcast Tapes of Dr. Peter,David Paperny and Arthur Ginsberg,/wiki/The_Broadcast_Tapes_of_Dr._Peter,False
275,1993 (66th),Children of Fate,Susan Todd and Andrew Young,/wiki/Children_of_Fate:_Life_and_Death_in_a_Sicilian_Family,False
276,1993 (66th),For Better or For Worse,David Collier and Betsy Thompson,/wiki/For_Better_or_For_Worse_(1993_film),False
277,1993 (66th),The War Room,D. A. Pennebaker and Chris Hegedus,/wiki/The_War_Room,False
278,1994 (67th),,,,False
279,1994 (67th),Maya Lin: A Strong Clear Vision,Freida Lee Mock and Terry Sanders,/wiki/Maya_Lin:_A_Strong_Clear_Vision,True
280,1994 (67th),Complaints of a Dutiful Daughter,Deborah Hoffmann,/wiki/Complaints_of_a_Dutiful_Daughter,False
281,1994 (67th),D-Day Remembered,Charles Guggenheim,/wiki/D-Day_Remembered,False
282,1994 (67th),Freedom on My Mind,Connie Field and Marilyn Mulford,/wiki/Freedom_on_My_Mind,False
283,1994 (67th),A Great Day in Harlem,Jean Bach,/wiki/A_Great_Day_in_Harlem_(film),False
284,1995 (68th),,,,False
285,1995 (68th),Anne Frank Remembered,Jon Blair,/wiki/Anne_Frank_Remembered,True
286,1995 (68th),The Battle Over Citizen Kane,Thomas Lennon and Michael Epstein,/wiki/The_Battle_Over_Citizen_Kane,False
287,1995 (68th),Small Wonders,Allan Miller and Walter Scheuer,/wiki/Small_Wonders,False
288,1995 (68th),Hank Aaron: Chasing the Dream,Michael Tollin and Fredric Golding,/wiki/Hank_Aaron:_Chasing_the_Dream,False
289,1995 (68th),Troublesome Creek: A Midwestern,Jeanne Jordan and Steven Ascher,/wiki/Troublesome_Creek:_A_Midwestern,False
290,1996 (69th),,,,False
291,1996 (69th),When We Were Kings,Leon Gast and David Sonenberg,/wiki/When_We_Were_Kings,True
292,1996 (69th),The Line King: The Al Hirschfeld Story,Susan W. Dryfoos,/wiki/The_Line_King:_The_Al_Hirschfeld_Story,False
293,1996 (69th),Mandela,Jo Menell [cs; sk] and Angus Gibson,/wiki/Mandela_(1996_film),False
294,1996 (69th),Suzanne Farrell: Elusive Muse,Anne Belle and Deborah Dickson [de; fr],/wiki/Suzanne_Farrell:_Elusive_Muse,False
295,1996 (69th),Tell the Truth and Run: George Seldes and the American Press,Rick Goldsmith [de; pt],/wiki/Tell_the_Truth_and_Run:_George_Seldes_and_the_American_Press,False
296,1997 (70th),,,,False
297,1997 (70th),The Long Way Home,Marvin Hier and Richard Trank,/wiki/The_Long_Way_Home_(1997_film),True
298,1997 (70th),4 Little Girls,Spike Lee and Sam Pollard,/wiki/4_Little_Girls,False
299,1997 (70th),Ayn Rand: A Sense of Life,Michael Paxton,/wiki/Ayn_Rand:_A_Sense_of_Life,False
300,1997 (70th),Colors Straight Up,Michèle Ohayon and Julia Schachter,/wiki/Colors_Straight_Up,False
301,1997 (70th),Waco: The Rules of Engagement,Dan Gifford and William Gazecki,/wiki/Waco:_The_Rules_of_Engagement,False
302,1998 (71st),,,,False
303,1998 (71st),The Last Days,James Moll and Kenneth Lipper,/wiki/The_Last_Days,True
304,1998 (71st),Dancemaker,Matthew Diamond and Jerry Kupfer,/wiki/Dancemaker,False
305,1998 (71st),"The Farm: Angola, USA",Jonathan Stack and Liz Garbus,"/wiki/The_Farm:_Angola,_USA",False
306,1998 (71st),Lenny Bruce: Swear to Tell the Truth,Robert B. Weide,/wiki/Lenny_Bruce:_Swear_to_Tell_the_Truth,False
307,1998 (71st),Regret to Inform,Barbara Sonneborn and Janet Cole [de],/wiki/Regret_to_Inform,False
308,1999 (72nd),,,,False
309,1999 (72nd),One Day in September,Arthur Cohn and Kevin Macdonald,/wiki/One_Day_in_September,True
310,1999 (72nd),Buena Vista Social Club,Wim Wenders and Ulrich Felsberg [de; pl],/wiki/Buena_Vista_Social_Club_(film),False
311,1999 (72nd),Genghis Blues,Roko Belic and Adrian Belic,/wiki/Genghis_Blues,False
312,1999 (72nd),On the Ropes,Nanette Burstein and Brett Morgen,/wiki/On_the_Ropes_(1999_film),False
313,1999 (72nd),Speaking in Strings,Paola di Florio and Lilibet Foster,/wiki/Speaking_in_Strings,False
314,2000 (73rd),,,,False
315,2000 (73rd),Into the Arms of Strangers: Stories of the Kindertransport,Mark Jonathan Harris and Deborah Oppenheimer,/wiki/Into_the_Arms_of_Strangers:_Stories_of_the_Kindertransport,True
316,2000 (73rd),Legacy,Tod Lending,/wiki/Legacy_(2000_film),False
317,2000 (73rd),Long Night's Journey into Day,Deborah Hoffmann and Frances Reid,/wiki/Long_Night%27s_Journey_into_Day,False
318,2000 (73rd),Scottsboro: An American Tragedy,Daniel Anker and Barak Goodman,/wiki/Scottsboro:_An_American_Tragedy,False
319,2000 (73rd),Sound and Fury,Josh Aronson and Roger Weisberg [de],/wiki/Sound_and_Fury_(film),False
320,2001 (74th),,,,False
321,2001 (74th),Murder on a Sunday Morning,Jean-Xavier de Lestrade and Denis Poncet,/wiki/Murder_on_a_Sunday_Morning,True
322,2001 (74th),Children Underground,Edet Belzberg,/wiki/Children_Underground,False
323,2001 (74th),LaLee's Kin: The Legacy of Cotton,Deborah Dickson [de; fr] and Susan Froemke,/wiki/LaLee%27s_Kin:_The_Legacy_of_Cotton,False
324,2001 (74th),Promises,B.Z. Goldberg and Justine Shapiro,/wiki/Promises_(2001_film),False
325,2001 (74th),War Photographer,Christian Frei,/wiki/War_Photographer,False
326,2002 (75th),,,,False
327,2002 (75th),Bowling for Columbine,Michael Moore and Michael Donovan,/wiki/Bowling_for_Columbine,True
328,2002 (75th),Daughter from Danang,Gail Dolgin and Vicente Franco,/wiki/Daughter_from_Danang,False
329,2002 (75th),Prisoner of Paradise,Malcolm Clarke and Stuart Sender,/wiki/Prisoner_of_Paradise_(2002_film),False
330,2002 (75th),Spellbound,Jeffrey Blitz and Sean Welch,/wiki/Spellbound_(2002_film),False
331,2002 (75th),Winged Migration,Jacques Perrin,/wiki/Winged_Migration,False
332,2003 (76th),,,,False
333,2003 (76th),The Fog of War,Errol Morris and Michael Williams,/wiki/The_Fog_of_War,True
334,2003 (76th),Balseros,Carles Bosch [es; ca] and Josep Maria Domenech,/wiki/Balseros_(film),False
335,2003 (76th),Capturing the Friedmans,Andrew Jarecki and Marc Smerling,/wiki/Capturing_the_Friedmans,False
336,2003 (76th),My Architect,Nathaniel Kahn and Susan R. Behr,/wiki/My_Architect,False
337,2003 (76th),The Weather Underground,Sam Green and Bill Siegel,/wiki/The_Weather_Underground_(film),False
338,2004 (77th),,,,False
339,2004 (77th),Born into Brothels,Ross Kauffman and Zana Briski,/wiki/Born_into_Brothels,True
340,2004 (77th),The Story of the Weeping Camel,Byambasuren Davaa and Luigi Falorni [de],/wiki/The_Story_of_the_Weeping_Camel,False
341,2004 (77th),Super Size Me,Morgan Spurlock,/wiki/Super_Size_Me,False
342,2004 (77th),Tupac: Resurrection,Karolyn Ali and Lauren Lazin,/wiki/Tupac:_Resurrection,False
343,2004 (77th),Twist of Faith,Kirby Dick and Eddie Schmidt,/wiki/Twist_of_Faith,False
344,2005 (78th),,,,False
345,2005 (78th),March of the Penguins,Luc Jacquet and Yves Darondeau,/wiki/March_of_the_Penguins,True
346,2005 (78th),Darwin's Nightmare,Hubert Sauper,/wiki/Darwin%27s_Nightmare,False
347,2005 (78th),Enron: The Smartest Guys in the Room,Alex Gibney and Jason Kliot,/wiki/Enron:_The_Smartest_Guys_in_the_Room,False
348,2005 (78th),Murderball,Henry Alex Rubin and Dana Adam Shapiro,/wiki/Murderball_(film),False
349,2005 (78th),Street Fight,Marshall Curry,/wiki/Street_Fight_(film),False
350,2006 (79th),,,,False
351,2006 (79th),An Inconvenient Truth,Davis Guggenheim,/wiki/An_Inconvenient_Truth,True
352,2006 (79th),Deliver Us from Evil,Amy Berg and Frank Donner,/wiki/Deliver_Us_from_Evil_(2006_film),False
353,2006 (79th),Iraq in Fragments,James Longley and John Sinno,/wiki/Iraq_in_Fragments,False
354,2006 (79th),Jesus Camp,Heidi Ewing and Rachel Grady,/wiki/Jesus_Camp,False
355,2006 (79th),"My Country, My Country",Jocelyn Glatzer [de] and Laura Poitras,"/wiki/My_Country,_My_Country",False
356,2007 (80th),,,,False
357,2007 (80th),Taxi to the Dark Side,Alex Gibney and Eva Orner,/wiki/Taxi_to_the_Dark_Side,True
358,2007 (80th),No End in Sight,Charles Ferguson and Audrey Marrs,/wiki/No_End_in_Sight,False
359,2007 (80th),Operation Homecoming: Writing the Wartime Experience,Richard Robbins,/wiki/Operation_Homecoming:_Writing_the_Wartime_Experience,False
360,2007 (80th),Sicko,Michael Moore and Meghan O'Hara,/wiki/Sicko,False
361,2007 (80th),War/Dance,Sean Fine and Andrea Nix Fine,/wiki/War/Dance,False
362,2008 (81st),,,,False
363,2008 (81st),Man on Wire,Simon Chinn and James Marsh,/wiki/Man_on_Wire,True
364,2008 (81st),The Betrayal (Nerakhoon),Ellen Kuras and Thavisouk Phrasavath,/wiki/The_Betrayal_%E2%80%93_Nerakhoon,False
365,2008 (81st),Encounters at the End of the World,Werner Herzog and Henry Kaiser,/wiki/Encounters_at_the_End_of_the_World,False
366,2008 (81st),The Garden,Scott Hamilton Kennedy,/wiki/The_Garden_(2008_film),False
367,2008 (81st),Trouble the Water,Carl Deal and Tia Lessin,/wiki/Trouble_the_Water,False
368,2009 (82nd),,,,False
369,2009 (82nd),The Cove,Louie Psihoyos and Fisher Stevens,/wiki/The_Cove_(film),True
370,2009 (82nd),Burma VJ,Anders Østergaard [da; de] and Lise Lense-Møller [de],/wiki/Burma_VJ,False
371,2009 (82nd),"Food, Inc.",Robert Kenner and Elise Pearlstein [de],"/wiki/Food,_Inc.",False
372,2009 (82nd),The Most Dangerous Man in America: Daniel Ellsberg and the Pentagon Papers,Judith Ehrlich and Rick Goldsmith,/wiki/The_Most_Dangerous_Man_in_America,False
373,2009 (82nd),Which Way Home,Rebecca Cammisa,/wiki/Which_Way_Home,False
374,2010 (83rd),,,,False
375,2010 (83rd),Inside Job,Charles Ferguson and Audrey Marrs,/wiki/Inside_Job_(2010_film),True
376,2010 (83rd),Exit Through the Gift Shop,Banksy and Jaimie D'Cruz,/wiki/Exit_Through_the_Gift_Shop,False
377,2010 (83rd),Gasland,Josh Fox and Trish Adlesic [de; no; pt],/wiki/Gasland,False
378,2010 (83rd),Restrepo,Tim Hetherington and Sebastian Junger,/wiki/Restrepo_(film),False
379,2010 (83rd),Waste Land,Lucy Walker and Angus Aynsley [no; pt],/wiki/Waste_Land_(film),False
380,2011 (84th),,,,False
381,2011 (84th),Undefeated,"T. J. Martin, Daniel Lindsay and Rich Middlemas",/wiki/Undefeated_(2011_film),True
382,2011 (84th),Hell and Back Again,Danfung Dennis and Mike Lerner,/wiki/Hell_and_Back_Again,False
383,2011 (84th),If a Tree Falls: A Story of the Earth Liberation Front,Marshall Curry and Sam Cullman,/wiki/If_a_Tree_Falls,False
384,2011 (84th),Paradise Lost 3: Purgatory,Joe Berlinger and Bruce Sinofsky,/wiki/Paradise_Lost_3:_Purgatory,False
385,2011 (84th),Pina,Wim Wenders and Gian-Piero Ringel,/wiki/Pina_(film),False
386,2012 (85th),,,,False
387,2012 (85th),Searching for Sugar Man,Malik Bendjelloul and Simon Chinn,/wiki/Searching_for_Sugar_Man,True
388,2012 (85th),5 Broken Cameras,Emad Burnat and Guy Davidi,/wiki/5_Broken_Cameras,False
389,2012 (85th),The Gatekeepers,"Dror Moreh, Philippa Kowarsky [de; pt], and Estelle Fialon [de]",/wiki/The_Gatekeepers_(film),False
390,2012 (85th),How to Survive a Plague,David France and Howard Gertler,/wiki/How_to_Survive_a_Plague,False
391,2012 (85th),The Invisible War,Kirby Dick and Amy Ziering,/wiki/The_Invisible_War,False
392,2013 (86th),,,,False
393,2013 (86th),20 Feet from Stardom,"Morgan Neville, Gil Friesen and Caitrin Rogers",/wiki/20_Feet_from_Stardom,True
394,2013 (86th),The Act of Killing,Joshua Oppenheimer and Signe Byrge Sørensen,/wiki/The_Act_of_Killing,False
395,2013 (86th),Cutie and the Boxer,Zachary Heinzerling and Lydia Dean Pilcher,/wiki/Cutie_and_the_Boxer,False
396,2013 (86th),Dirty Wars,Richard Rowley and Jeremy Scahill,/wiki/Dirty_Wars,False
397,2013 (86th),The Square,Jehane Noujaim and Karim Amer,/wiki/The_Square_(2013_film),False
398,2014 (87th),,,,False
399,2014 (87th),Citizenfour,"Laura Poitras, Mathilde Bonnefoy and Dirk Wilutzky",/wiki/Citizenfour,True
400,2014 (87th),Finding Vivian Maier,John Maloof and Charlie Siskel [de; pt],/wiki/Finding_Vivian_Maier,False
401,2014 (87th),Last Days in Vietnam,Rory Kennedy and Kevin McAlester,/wiki/Last_Days_in_Vietnam,False
402,2014 (87th),The Salt of the Earth,"Wim Wenders, Juliano Ribeiro Salgado and David Rosier",/wiki/The_Salt_of_the_Earth_(2014_film),False
403,2014 (87th),Virunga,Orlando von Einsiedel and Joanna Natasegara,/wiki/Virunga_(film),False
404,2015 (88th),,,,False
405,2015 (88th),Amy,Asif Kapadia and James Gay-Rees,/wiki/Amy_(2015_film),True
406,2015 (88th),Cartel Land,Matthew Heineman and Tom Yellin,/wiki/Cartel_Land,False
407,2015 (88th),The Look of Silence,Joshua Oppenheimer and Signe Byrge Sørensen,/wiki/The_Look_of_Silence,False
408,2015 (88th),"What Happened, Miss Simone?","Liz Garbus, Amy Hobby and Justin Wilkes","/wiki/What_Happened,_Miss_Simone%3F",False
409,2015 (88th),Winter on Fire: Ukraine's Fight for Freedom,Evgeny Afineevsky and Den Tolmor,/wiki/Winter_on_Fire:_Ukraine%27s_Fight_for_Freedom,False
410,2016 (89th) [9],,,,False
411,2016 (89th) [9],O.J.: Made in America,Ezra Edelman and Caroline Waterlow,/wiki/O.J.:_Made_in_America,True
412,2016 (89th) [9],Fire at Sea,Gianfranco Rosi and Donatella Palermo,/wiki/Fire_at_Sea,False
413,2016 (89th) [9],I Am Not Your Negro,"Raoul Peck, Rémi Grellety [de; pt] and Hébert Peck",/wiki/I_Am_Not_Your_Negro,False
414,2016 (89th) [9],"Life, Animated",Roger Ross Williams and Julie Goldman,"/wiki/Life,_Animated",False
415,2016 (89th) [9],13th,"Ava DuVernay, Spencer Averick and Howard Barish",/wiki/13th_(film),False
416,2017 (90th) [10],,,,False
417,2017 (90th) [10],Icarus,Bryan Fogel and Dan Cogan,/wiki/Icarus_(2017_film),True
418,2017 (90th) [10],Abacus: Small Enough to Jail,"Steve James, Mark Mitten and Julie Goldman",/wiki/Abacus:_Small_Enough_to_Jail,False
419,2017 (90th) [10],Faces Places,"Agnès Varda, JR and Rosalie Varda",/wiki/Faces_Places_(film),False
420,2017 (90th) [10],Last Men in Aleppo,"Feras Fayyad, Kareem Abeed and Søren Steen Jespersen",/wiki/Last_Men_in_Aleppo,False
421,2017 (90th) [10],Strong Island,Yance Ford and Joslyn Barnes,/wiki/Strong_Island_(film),False
422,2018 (91st),,,,False
423,2018 (91st),Free Solo,"Elizabeth Chai Vasarhelyi, Jimmy Chin, Evan Hayes, and Shannon Dill [de]",/wiki/Free_Solo,True
424,2018 (91st),"Hale County This Morning, This Evening","RaMell Ross [pt], Joslyn Barnes, and Su Kim","/wiki/Hale_County_This_Morning,_This_Evening",False
425,2018 (91st),Minding the Gap,Bing Liu and Diane Quon,/wiki/Minding_the_Gap,False
426,2018 (91st),Of Fathers and Sons,"Talal Derki, Ansgar Frerich [de], Eva Kemme [de], and Tobias N. Siebert [de]",/wiki/Of_Fathers_and_Sons,False
427,2018 (91st),RBG,Betsy West and Julie Cohen [de; fr; pt],/wiki/RBG_(film),False
428,2019 (92nd),,,,False
429,2019 (92nd),American Factory,"Steven Bognar, Julia Reichert and Jeff Reichert",/wiki/American_Factory,True
430,2019 (92nd),The Cave,"Feras Fayyad, Kirstine Barfod [de] and Sigrid Dyekjær [da; de]",/wiki/The_Cave_(2019_Syrian_film),False
431,2019 (92nd),The Edge of Democracy,"Petra Costa, Joanna Natasegara, Shane Boris and Tiago Pavan [pt]",/wiki/The_Edge_of_Democracy,False
432,2019 (92nd),For Sama,Waad al-Kateab and Edward Watts,/wiki/For_Sama,False
433,2019 (92nd),Honeyland,"Ljubo Stefanov, Tamara Kotevska and Atanas Georgiev",/wiki/Honeyland,False
434,2020/21 (93rd),,,,False
435,2020/21 (93rd),My Octopus Teacher,"Pippa Ehrlich [de], James Reed and Craig Foster",/wiki/My_Octopus_Teacher,True
436,2020/21 (93rd),Collective,Alexander Nanau and Bianca Oana [de],/wiki/Collective_(2019_film),False
437,2020/21 (93rd),Crip Camp,"Nicole Newnham, Jim LeBrecht and Sara Bolder",/wiki/Crip_Camp,False
438,2020/21 (93rd),The Mole Agent,Maite Alberdi and Marcela Santibáñez [de],/wiki/The_Mole_Agent,False
439,2020/21 (93rd),Time,"Garrett Bradley, Lauren Domino [de] and Kellen Quinn",/wiki/Time_(2020_film),False
440,2021 (94th),,,,False
441,2021 (94th),Summer of Soul,"Questlove, Joseph Patel [de], Robert Fyvolent [de] and David Dinerstein [de]",/wiki/Summer_of_Soul,True
442,2021 (94th),Ascension,"Jessica Kingdon, Kira Simon-Kennedy and Nathan Truesdell",/wiki/Ascension_(film),False
443,2021 (94th),Attica,Stanley Nelson and Traci A. Curry [de],/wiki/Attica_(2021_film),False
444,2021 (94th),Flee,"Jonas Poher Rasmussen, Monica Hellström, Signe Byrge Sørensen and Charlotte De La Gournerie",/wiki/Flee_(film),False
445,2021 (94th),Writing with Fire,Rintu Thomas and Sushmit Ghosh,/wiki/Writing_with_Fire,False
446,2022 (95th),,,,False
447,2022 (95th),Navalny,"Daniel Roher, Odessa Rae, Diane Becker, Melanie Miller and Shane Boris",/wiki/Navalny_(film),True
448,2022 (95th),All That Breathes,"Shaunak Sen, Aman Mann and Teddy Leifer",/wiki/All_That_Breathes,False
449,2022 (95th),All the Beauty and the Bloodshed,"Laura Poitras, Howard Gertler, John Lyons, Nan Goldin and Yoni Golijov",/wiki/All_the_Beauty_and_the_Bloodshed,False
450,2022 (95th),Fire of Love,"Sara Dosa, Shane Boris and Ina Fichman",/wiki/Fire_of_Love_(2022_film),False
451,2022 (95th),A House Made of Splinters,Simon Lereng Wilmont and Monica Hellström,/wiki/A_House_Made_of_Splinters,False
452,2023 (96th),Bobi Wine: The People's President,"Moses Bwayo, Christopher Sharp and John Battsek",/wiki/Bobi_Wine:_The_People%27s_President,False
453,2023 (96th),The Eternal Memory,"Maite Alberdi, Juan de Dios Larraín, Pablo Larraín and Rocío Jadue",/wiki/The_Eternal_Memory,False
454,2023 (96th),Four Daughters,Kaouther Ben Hania and Nadim Cheikhrouha,/wiki/Four_Daughters_(2023_film),False
455,2023 (96th),To Kill a Tiger,"Nisha Pahuja, Cornelia Principe and David Oppenheim",/wiki/To_Kill_a_Tiger,False
456,2023 (96th),20 Days in Mariupol,"Mstyslav Chernov, Michelle Mizner and Raney Aronson-Rath",/wiki/20_Days_in_Mariupol,False
